calendar_date,id_bi_rate,days_since_id_bi_rate
2020-01-02,5.00%,21
2020-01-03,5.00%,20
2020-01-04,5.00%,19
2020-01-05,5.00%,18
2020-01-06,5.00%,17
2020-01-07,5.00%,16
2020-01-08,5.00%,15
2020-01-09,5.00%,14
2020-01-10,5.00%,13
2020-01-11,5.00%,12
2020-01-12,5.00%,11
2020-01-13,5.00%,10
2020-01-14,5.00%,9
2020-01-15,5.00%,8
2020-01-16,5.00%,7
2020-01-17,5.00%,6
2020-01-18,5.00%,5
2020-01-19,5.00%,4
2020-01-20,5.00%,3
2020-01-21,5.00%,2
2020-01-22,5.00%,1
2020-01-23,5.00%,0
2020-01-24,5.00%,1
2020-01-25,5.00%,2
2020-01-26,5.00%,3
2020-01-27,5.00%,4
2020-01-28,5.00%,5
2020-01-29,5.00%,6
2020-01-30,5.00%,7
2020-01-31,5.00%,8
2020-02-01,5.00%,9
2020-02-02,5.00%,10
2020-02-03,5.00%,11
2020-02-04,5.00%,12
2020-02-05,5.00%,13
2020-02-06,5.00%,14
2020-02-07,5.00%,15
2020-02-08,5.00%,16
2020-02-09,5.00%,17
2020-02-10,5.00%,18
2020-02-11,5.00%,19
2020-02-12,5.00%,20
2020-02-13,5.00%,21
2020-02-14,5.00%,22
2020-02-15,5.00%,23
2020-02-16,5.00%,24
2020-02-17,5.00%,25
2020-02-18,5.00%,26
2020-02-19,5.00%,27
2020-02-20,4.75%,0
2020-02-21,4.75%,1
2020-02-22,4.75%,2
2020-02-23,4.75%,3
2020-02-24,4.75%,4
2020-02-25,4.75%,5
2020-02-26,4.75%,6
2020-02-27,4.75%,7
2020-02-28,4.75%,8
2020-02-29,4.75%,9
2020-03-01,4.75%,10
2020-03-02,4.75%,11
2020-03-03,4.75%,12
2020-03-04,4.75%,13
2020-03-05,4.75%,14
2020-03-06,4.75%,15
2020-03-07,4.75%,16
2020-03-08,4.75%,17
2020-03-09,4.75%,18
2020-03-10,4.75%,19
2020-03-11,4.75%,20
2020-03-12,4.75%,21
2020-03-13,4.75%,22
2020-03-14,4.75%,23
2020-03-15,4.75%,24
2020-03-16,4.75%,25
2020-03-17,4.75%,26
2020-03-18,4.75%,27
2020-03-19,4.50%,0
2020-03-20,4.50%,1
2020-03-21,4.50%,2
2020-03-22,4.50%,3
2020-03-23,4.50%,4
2020-03-24,4.50%,5
2020-03-25,4.50%,6
2020-03-26,4.50%,7
2020-03-27,4.50%,8
2020-03-28,4.50%,9
2020-03-29,4.50%,10
2020-03-30,4.50%,11
2020-03-31,4.50%,12
2020-04-01,4.50%,13
2020-04-02,4.50%,14
2020-04-03,4.50%,15
2020-04-04,4.50%,16
2020-04-05,4.50%,17
2020-04-06,4.50%,18
2020-04-07,4.50%,19
2020-04-08,4.50%,20
2020-04-09,4.50%,21
2020-04-10,4.50%,22
2020-04-11,4.50%,23
2020-04-12,4.50%,24
2020-04-13,4.50%,25
2020-04-14,4.50%,0
2020-04-15,4.50%,1
2020-04-16,4.50%,2
2020-04-17,4.50%,3
2020-04-18,4.50%,4
2020-04-19,4.50%,5
2020-04-20,4.50%,6
2020-04-21,4.50%,7
2020-04-22,4.50%,8
2020-04-23,4.50%,9
2020-04-24,4.50%,10
2020-04-25,4.50%,11
2020-04-26,4.50%,12
2020-04-27,4.50%,13
2020-04-28,4.50%,14
2020-04-29,4.50%,15
2020-04-30,4.50%,16
2020-05-01,4.50%,17
2020-05-02,4.50%,18
2020-05-03,4.50%,19
2020-05-04,4.50%,20
2020-05-05,4.50%,21
2020-05-06,4.50%,22
2020-05-07,4.50%,23
2020-05-08,4.50%,24
2020-05-09,4.50%,25
2020-05-10,4.50%,26
2020-05-11,4.50%,27
2020-05-12,4.50%,28
2020-05-13,4.50%,29
2020-05-14,4.50%,30
2020-05-15,4.50%,31
2020-05-16,4.50%,32
2020-05-17,4.50%,33
2020-05-18,4.50%,34
2020-05-19,4.50%,0
2020-05-20,4.50%,1
2020-05-21,4.50%,2
2020-05-22,4.50%,3
2020-05-23,4.50%,4
2020-05-24,4.50%,5
2020-05-25,4.50%,6
2020-05-26,4.50%,7
2020-05-27,4.50%,8
2020-05-28,4.50%,9
2020-05-29,4.50%,10
2020-05-30,4.50%,11
2020-05-31,4.50%,12
2020-06-01,4.50%,13
2020-06-02,4.50%,14
2020-06-03,4.50%,15
2020-06-04,4.50%,16
2020-06-05,4.50%,17
2020-06-06,4.50%,18
2020-06-07,4.50%,19
2020-06-08,4.50%,20
2020-06-09,4.50%,21
2020-06-10,4.50%,22
2020-06-11,4.50%,23
2020-06-12,4.50%,24
2020-06-13,4.50%,25
2020-06-14,4.50%,26
2020-06-15,4.50%,27
2020-06-16,4.50%,28
2020-06-17,4.50%,29
2020-06-18,4.25%,0
2020-06-19,4.25%,1
2020-06-20,4.25%,2
2020-06-21,4.25%,3
2020-06-22,4.25%,4
2020-06-23,4.25%,5
2020-06-24,4.25%,6
2020-06-25,4.25%,7
2020-06-26,4.25%,8
2020-06-27,4.25%,9
2020-06-28,4.25%,10
2020-06-29,4.25%,11
2020-06-30,4.25%,12
2020-07-01,4.25%,13
2020-07-02,4.25%,14
2020-07-03,4.25%,15
2020-07-04,4.25%,16
2020-07-05,4.25%,17
2020-07-06,4.25%,18
2020-07-07,4.25%,19
2020-07-08,4.25%,20
2020-07-09,4.25%,21
2020-07-10,4.25%,22
2020-07-11,4.25%,23
2020-07-12,4.25%,24
2020-07-13,4.25%,25
2020-07-14,4.25%,26
2020-07-15,4.25%,27
2020-07-16,4.00%,0
2020-07-17,4.00%,1
2020-07-18,4.00%,2
2020-07-19,4.00%,3
2020-07-20,4.00%,4
2020-07-21,4.00%,5
2020-07-22,4.00%,6
2020-07-23,4.00%,7
2020-07-24,4.00%,8
2020-07-25,4.00%,9
2020-07-26,4.00%,10
2020-07-27,4.00%,11
2020-07-28,4.00%,12
2020-07-29,4.00%,13
2020-07-30,4.00%,14
2020-07-31,4.00%,15
2020-08-01,4.00%,16
2020-08-02,4.00%,17
2020-08-03,4.00%,18
2020-08-04,4.00%,19
2020-08-05,4.00%,20
2020-08-06,4.00%,21
2020-08-07,4.00%,22
2020-08-08,4.00%,23
2020-08-09,4.00%,24
2020-08-10,4.00%,25
2020-08-11,4.00%,26
2020-08-12,4.00%,27
2020-08-13,4.00%,28
2020-08-14,4.00%,29
2020-08-15,4.00%,30
2020-08-16,4.00%,31
2020-08-17,4.00%,32
2020-08-18,4.00%,33
2020-08-19,4.00%,0
2020-08-20,4.00%,1
2020-08-21,4.00%,2
2020-08-22,4.00%,3
2020-08-23,4.00%,4
2020-08-24,4.00%,5
2020-08-25,4.00%,6
2020-08-26,4.00%,7
2020-08-27,4.00%,8
2020-08-28,4.00%,9
2020-08-29,4.00%,10
2020-08-30,4.00%,11
2020-08-31,4.00%,12
2020-09-01,4.00%,13
2020-09-02,4.00%,14
2020-09-03,4.00%,15
2020-09-04,4.00%,16
2020-09-05,4.00%,17
2020-09-06,4.00%,18
2020-09-07,4.00%,19
2020-09-08,4.00%,20
2020-09-09,4.00%,21
2020-09-10,4.00%,22
2020-09-11,4.00%,23
2020-09-12,4.00%,24
2020-09-13,4.00%,25
2020-09-14,4.00%,26
2020-09-15,4.00%,27
2020-09-16,4.00%,28
2020-09-17,4.00%,0
2020-09-18,4.00%,1
2020-09-19,4.00%,2
2020-09-20,4.00%,3
2020-09-21,4.00%,4
2020-09-22,4.00%,5
2020-09-23,4.00%,6
2020-09-24,4.00%,7
2020-09-25,4.00%,8
2020-09-26,4.00%,9
2020-09-27,4.00%,10
2020-09-28,4.00%,11
2020-09-29,4.00%,12
2020-09-30,4.00%,13
2020-10-01,4.00%,14
2020-10-02,4.00%,15
2020-10-03,4.00%,16
2020-10-04,4.00%,17
2020-10-05,4.00%,18
2020-10-06,4.00%,19
2020-10-07,4.00%,20
2020-10-08,4.00%,21
2020-10-09,4.00%,22
2020-10-10,4.00%,23
2020-10-11,4.00%,24
2020-10-12,4.00%,25
2020-10-13,4.00%,0
2020-10-14,4.00%,1
2020-10-15,4.00%,2
2020-10-16,4.00%,3
2020-10-17,4.00%,4
2020-10-18,4.00%,5
2020-10-19,4.00%,6
2020-10-20,4.00%,7
2020-10-21,4.00%,8
2020-10-22,4.00%,9
2020-10-23,4.00%,10
2020-10-24,4.00%,11
2020-10-25,4.00%,12
2020-10-26,4.00%,13
2020-10-27,4.00%,14
2020-10-28,4.00%,15
2020-10-29,4.00%,16
2020-10-30,4.00%,17
2020-10-31,4.00%,18
2020-11-01,4.00%,19
2020-11-02,4.00%,20
2020-11-03,4.00%,21
2020-11-04,4.00%,22
2020-11-05,4.00%,23
2020-11-06,4.00%,24
2020-11-07,4.00%,25
2020-11-08,4.00%,26
2020-11-09,4.00%,27
2020-11-10,4.00%,28
2020-11-11,4.00%,29
2020-11-12,4.00%,30
2020-11-13,4.00%,31
2020-11-14,4.00%,32
2020-11-15,4.00%,33
2020-11-16,4.00%,34
2020-11-17,4.00%,35
2020-11-18,4.00%,36
2020-11-19,3.75%,0
2020-11-20,3.75%,1
2020-11-21,3.75%,2
2020-11-22,3.75%,3
2020-11-23,3.75%,4
2020-11-24,3.75%,5
2020-11-25,3.75%,6
2020-11-26,3.75%,7
2020-11-27,3.75%,8
2020-11-28,3.75%,9
2020-11-29,3.75%,10
2020-11-30,3.75%,11
2020-12-01,3.75%,12
2020-12-02,3.75%,13
2020-12-03,3.75%,14
2020-12-04,3.75%,15
2020-12-05,3.75%,16
2020-12-06,3.75%,17
2020-12-07,3.75%,18
2020-12-08,3.75%,19
2020-12-09,3.75%,20
2020-12-10,3.75%,21
2020-12-11,3.75%,22
2020-12-12,3.75%,23
2020-12-13,3.75%,24
2020-12-14,3.75%,25
2020-12-15,3.75%,26
2020-12-16,3.75%,27
2020-12-17,3.75%,0
2020-12-18,3.75%,1
2020-12-19,3.75%,2
2020-12-20,3.75%,3
2020-12-21,3.75%,4
2020-12-22,3.75%,5
2020-12-23,3.75%,6
2020-12-24,3.75%,7
2020-12-25,3.75%,8
2020-12-26,3.75%,9
2020-12-27,3.75%,10
2020-12-28,3.75%,11
2020-12-29,3.75%,12
2020-12-30,3.75%,13
2020-12-31,3.75%,14
2021-01-01,3.75%,15
2021-01-02,3.75%,16
2021-01-03,3.75%,17
2021-01-04,3.75%,18
2021-01-05,3.75%,19
2021-01-06,3.75%,20
2021-01-07,3.75%,21
2021-01-08,3.75%,22
2021-01-09,3.75%,23
2021-01-10,3.75%,24
2021-01-11,3.75%,25
2021-01-12,3.75%,26
2021-01-13,3.75%,27
2021-01-14,3.75%,28
2021-01-15,3.75%,29
2021-01-16,3.75%,30
2021-01-17,3.75%,31
2021-01-18,3.75%,32
2021-01-19,3.75%,33
2021-01-20,3.75%,34
2021-01-21,3.75%,0
2021-01-22,3.75%,1
2021-01-23,3.75%,2
2021-01-24,3.75%,3
2021-01-25,3.75%,4
2021-01-26,3.75%,5
2021-01-27,3.75%,6
2021-01-28,3.75%,7
2021-01-29,3.75%,8
2021-01-30,3.75%,9
2021-01-31,3.75%,10
2021-02-01,3.75%,11
2021-02-02,3.75%,12
2021-02-03,3.75%,13
2021-02-04,3.75%,14
2021-02-05,3.75%,15
2021-02-06,3.75%,16
2021-02-07,3.75%,17
2021-02-08,3.75%,18
2021-02-09,3.75%,19
2021-02-10,3.75%,20
2021-02-11,3.75%,21
2021-02-12,3.75%,22
2021-02-13,3.75%,23
2021-02-14,3.75%,24
2021-02-15,3.75%,25
2021-02-16,3.75%,26
2021-02-17,3.75%,27
2021-02-18,3.50%,0
2021-02-19,3.50%,1
2021-02-20,3.50%,2
2021-02-21,3.50%,3
2021-02-22,3.50%,4
2021-02-23,3.50%,5
2021-02-24,3.50%,6
2021-02-25,3.50%,7
2021-02-26,3.50%,8
2021-02-27,3.50%,9
2021-02-28,3.50%,10
2021-03-01,3.50%,11
2021-03-02,3.50%,12
2021-03-03,3.50%,13
2021-03-04,3.50%,14
2021-03-05,3.50%,15
2021-03-06,3.50%,16
2021-03-07,3.50%,17
2021-03-08,3.50%,18
2021-03-09,3.50%,19
2021-03-10,3.50%,20
2021-03-11,3.50%,21
2021-03-12,3.50%,22
2021-03-13,3.50%,23
2021-03-14,3.50%,24
2021-03-15,3.50%,25
2021-03-16,3.50%,26
2021-03-17,3.50%,27
2021-03-18,3.50%,0
2021-03-19,3.50%,1
2021-03-20,3.50%,2
2021-03-21,3.50%,3
2021-03-22,3.50%,4
2021-03-23,3.50%,5
2021-03-24,3.50%,6
2021-03-25,3.50%,7
2021-03-26,3.50%,8
2021-03-27,3.50%,9
2021-03-28,3.50%,10
2021-03-29,3.50%,11
2021-03-30,3.50%,12
2021-03-31,3.50%,13
2021-04-01,3.50%,14
2021-04-02,3.50%,15
2021-04-03,3.50%,16
2021-04-04,3.50%,17
2021-04-05,3.50%,18
2021-04-06,3.50%,19
2021-04-07,3.50%,20
2021-04-08,3.50%,21
2021-04-09,3.50%,22
2021-04-10,3.50%,23
2021-04-11,3.50%,24
2021-04-12,3.50%,25
2021-04-13,3.50%,26
2021-04-14,3.50%,27
2021-04-15,3.50%,28
2021-04-16,3.50%,29
2021-04-17,3.50%,30
2021-04-18,3.50%,31
2021-04-19,3.50%,32
2021-04-20,3.50%,0
2021-04-21,3.50%,1
2021-04-22,3.50%,2
2021-04-23,3.50%,3
2021-04-24,3.50%,4
2021-04-25,3.50%,5
2021-04-26,3.50%,6
2021-04-27,3.50%,7
2021-04-28,3.50%,8
2021-04-29,3.50%,9
2021-04-30,3.50%,10
2021-05-01,3.50%,11
2021-05-02,3.50%,12
2021-05-03,3.50%,13
2021-05-04,3.50%,14
2021-05-05,3.50%,15
2021-05-06,3.50%,16
2021-05-07,3.50%,17
2021-05-08,3.50%,18
2021-05-09,3.50%,19
2021-05-10,3.50%,20
2021-05-11,3.50%,21
2021-05-12,3.50%,22
2021-05-13,3.50%,23
2021-05-14,3.50%,24
2021-05-15,3.50%,25
2021-05-16,3.50%,26
2021-05-17,3.50%,27
2021-05-18,3.50%,28
2021-05-19,3.50%,29
2021-05-20,3.50%,30
2021-05-21,3.50%,31
2021-05-22,3.50%,32
2021-05-23,3.50%,33
2021-05-24,3.50%,34
2021-05-25,3.50%,35
2021-05-26,3.50%,36
2021-05-27,3.50%,37
2021-05-28,3.50%,38
2021-05-29,3.50%,39
2021-05-30,3.50%,40
2021-05-31,3.50%,41
2021-06-01,3.50%,42
2021-06-02,3.50%,43
2021-06-03,3.50%,44
2021-06-04,3.50%,45
2021-06-05,3.50%,46
2021-06-06,3.50%,47
2021-06-07,3.50%,48
2021-06-08,3.50%,49
2021-06-09,3.50%,50
2021-06-10,3.50%,51
2021-06-11,3.50%,52
2021-06-12,3.50%,53
2021-06-13,3.50%,54
2021-06-14,3.50%,55
2021-06-15,3.50%,56
2021-06-16,3.50%,57
2021-06-17,3.50%,0
2021-06-18,3.50%,1
2021-06-19,3.50%,2
2021-06-20,3.50%,3
2021-06-21,3.50%,4
2021-06-22,3.50%,5
2021-06-23,3.50%,6
2021-06-24,3.50%,7
2021-06-25,3.50%,8
2021-06-26,3.50%,9
2021-06-27,3.50%,10
2021-06-28,3.50%,11
2021-06-29,3.50%,12
2021-06-30,3.50%,13
2021-07-01,3.50%,14
2021-07-02,3.50%,15
2021-07-03,3.50%,16
2021-07-04,3.50%,17
2021-07-05,3.50%,18
2021-07-06,3.50%,19
2021-07-07,3.50%,20
2021-07-08,3.50%,21
2021-07-09,3.50%,22
2021-07-10,3.50%,23
2021-07-11,3.50%,24
2021-07-12,3.50%,25
2021-07-13,3.50%,26
2021-07-14,3.50%,27
2021-07-15,3.50%,28
2021-07-16,3.50%,29
2021-07-17,3.50%,30
2021-07-18,3.50%,31
2021-07-19,3.50%,32
2021-07-20,3.50%,33
2021-07-21,3.50%,34
2021-07-22,3.50%,0
2021-07-23,3.50%,1
2021-07-24,3.50%,2
2021-07-25,3.50%,3
2021-07-26,3.50%,4
2021-07-27,3.50%,5
2021-07-28,3.50%,6
2021-07-29,3.50%,7
2021-07-30,3.50%,8
2021-07-31,3.50%,9
2021-08-01,3.50%,10
2021-08-02,3.50%,11
2021-08-03,3.50%,12
2021-08-04,3.50%,13
2021-08-05,3.50%,14
2021-08-06,3.50%,15
2021-08-07,3.50%,16
2021-08-08,3.50%,17
2021-08-09,3.50%,18
2021-08-10,3.50%,19
2021-08-11,3.50%,20
2021-08-12,3.50%,21
2021-08-13,3.50%,22
2021-08-14,3.50%,23
2021-08-15,3.50%,24
2021-08-16,3.50%,25
2021-08-17,3.50%,26
2021-08-18,3.50%,27
2021-08-19,3.50%,0
2021-08-20,3.50%,1
2021-08-21,3.50%,2
2021-08-22,3.50%,3
2021-08-23,3.50%,4
2021-08-24,3.50%,5
2021-08-25,3.50%,6
2021-08-26,3.50%,7
2021-08-27,3.50%,8
2021-08-28,3.50%,9
2021-08-29,3.50%,10
2021-08-30,3.50%,11
2021-08-31,3.50%,12
2021-09-01,3.50%,13
2021-09-02,3.50%,14
2021-09-03,3.50%,15
2021-09-04,3.50%,16
2021-09-05,3.50%,17
2021-09-06,3.50%,18
2021-09-07,3.50%,19
2021-09-08,3.50%,20
2021-09-09,3.50%,21
2021-09-10,3.50%,22
2021-09-11,3.50%,23
2021-09-12,3.50%,24
2021-09-13,3.50%,25
2021-09-14,3.50%,26
2021-09-15,3.50%,27
2021-09-16,3.50%,28
2021-09-17,3.50%,29
2021-09-18,3.50%,30
2021-09-19,3.50%,31
2021-09-20,3.50%,32
2021-09-21,3.50%,0
2021-09-22,3.50%,1
2021-09-23,3.50%,2
2021-09-24,3.50%,3
2021-09-25,3.50%,4
2021-09-26,3.50%,5
2021-09-27,3.50%,6
2021-09-28,3.50%,7
2021-09-29,3.50%,8
2021-09-30,3.50%,9
2021-10-01,3.50%,10
2021-10-02,3.50%,11
2021-10-03,3.50%,12
2021-10-04,3.50%,13
2021-10-05,3.50%,14
2021-10-06,3.50%,15
2021-10-07,3.50%,16
2021-10-08,3.50%,17
2021-10-09,3.50%,18
2021-10-10,3.50%,19
2021-10-11,3.50%,20
2021-10-12,3.50%,21
2021-10-13,3.50%,22
2021-10-14,3.50%,23
2021-10-15,3.50%,24
2021-10-16,3.50%,25
2021-10-17,3.50%,26
2021-10-18,3.50%,27
2021-10-19,3.50%,0
2021-10-20,3.50%,1
2021-10-21,3.50%,2
2021-10-22,3.50%,3
2021-10-23,3.50%,4
2021-10-24,3.50%,5
2021-10-25,3.50%,6
2021-10-26,3.50%,7
2021-10-27,3.50%,8
2021-10-28,3.50%,9
2021-10-29,3.50%,10
2021-10-30,3.50%,11
2021-10-31,3.50%,12
2021-11-01,3.50%,13
2021-11-02,3.50%,14
2021-11-03,3.50%,15
2021-11-04,3.50%,16
2021-11-05,3.50%,17
2021-11-06,3.50%,18
2021-11-07,3.50%,19
2021-11-08,3.50%,20
2021-11-09,3.50%,21
2021-11-10,3.50%,22
2021-11-11,3.50%,23
2021-11-12,3.50%,24
2021-11-13,3.50%,25
2021-11-14,3.50%,26
2021-11-15,3.50%,27
2021-11-16,3.50%,28
2021-11-17,3.50%,29
2021-11-18,3.50%,0
2021-11-19,3.50%,1
2021-11-20,3.50%,2
2021-11-21,3.50%,3
2021-11-22,3.50%,4
2021-11-23,3.50%,5
2021-11-24,3.50%,6
2021-11-25,3.50%,7
2021-11-26,3.50%,8
2021-11-27,3.50%,9
2021-11-28,3.50%,10
2021-11-29,3.50%,11
2021-11-30,3.50%,12
2021-12-01,3.50%,13
2021-12-02,3.50%,14
2021-12-03,3.50%,15
2021-12-04,3.50%,16
2021-12-05,3.50%,17
2021-12-06,3.50%,18
2021-12-07,3.50%,19
2021-12-08,3.50%,20
2021-12-09,3.50%,21
2021-12-10,3.50%,22
2021-12-11,3.50%,23
2021-12-12,3.50%,24
2021-12-13,3.50%,25
2021-12-14,3.50%,26
2021-12-15,3.50%,27
2021-12-16,3.50%,0
2021-12-17,3.50%,1
2021-12-18,3.50%,2
2021-12-19,3.50%,3
2021-12-20,3.50%,4
2021-12-21,3.50%,5
2021-12-22,3.50%,6
2021-12-23,3.50%,7
2021-12-24,3.50%,8
2021-12-25,3.50%,9
2021-12-26,3.50%,10
2021-12-27,3.50%,11
2021-12-28,3.50%,12
2021-12-29,3.50%,13
2021-12-30,3.50%,14
2021-12-31,3.50%,15
2022-01-01,3.50%,16
2022-01-02,3.50%,17
2022-01-03,3.50%,18
2022-01-04,3.50%,19
2022-01-05,3.50%,20
2022-01-06,3.50%,21
2022-01-07,3.50%,22
2022-01-08,3.50%,23
2022-01-09,3.50%,24
2022-01-10,3.50%,25
2022-01-11,3.50%,26
2022-01-12,3.50%,27
2022-01-13,3.50%,28
2022-01-14,3.50%,29
2022-01-15,3.50%,30
2022-01-16,3.50%,31
2022-01-17,3.50%,32
2022-01-18,3.50%,33
2022-01-19,3.50%,34
2022-01-20,3.50%,0
2022-01-21,3.50%,1
2022-01-22,3.50%,2
2022-01-23,3.50%,3
2022-01-24,3.50%,4
2022-01-25,3.50%,5
2022-01-26,3.50%,6
2022-01-27,3.50%,7
2022-01-28,3.50%,8
2022-01-29,3.50%,9
2022-01-30,3.50%,10
2022-01-31,3.50%,11
2022-02-01,3.50%,12
2022-02-02,3.50%,13
2022-02-03,3.50%,14
2022-02-04,3.50%,15
2022-02-05,3.50%,16
2022-02-06,3.50%,17
2022-02-07,3.50%,18
2022-02-08,3.50%,19
2022-02-09,3.50%,20
2022-02-10,3.50%,21
2022-02-11,3.50%,22
2022-02-12,3.50%,23
2022-02-13,3.50%,24
2022-02-14,3.50%,25
2022-02-15,3.50%,26
2022-02-16,3.50%,27
2022-02-17,3.50%,28
2022-02-18,3.50%,29
2022-02-19,3.50%,30
2022-02-20,3.50%,31
2022-02-21,3.50%,32
2022-02-22,3.50%,33
2022-02-23,3.50%,34
2022-02-24,3.50%,35
2022-02-25,3.50%,36
2022-02-26,3.50%,37
2022-02-27,3.50%,38
2022-02-28,3.50%,39
2022-03-01,3.50%,40
2022-03-02,3.50%,41
2022-03-03,3.50%,42
2022-03-04,3.50%,43
2022-03-05,3.50%,44
2022-03-06,3.50%,45
2022-03-07,3.50%,46
2022-03-08,3.50%,47
2022-03-09,3.50%,48
2022-03-10,3.50%,49
2022-03-11,3.50%,50
2022-03-12,3.50%,51
2022-03-13,3.50%,52
2022-03-14,3.50%,53
2022-03-15,3.50%,54
2022-03-16,3.50%,55
2022-03-17,3.50%,0
2022-03-18,3.50%,1
2022-03-19,3.50%,2
2022-03-20,3.50%,3
2022-03-21,3.50%,4
2022-03-22,3.50%,5
2022-03-23,3.50%,6
2022-03-24,3.50%,7
2022-03-25,3.50%,8
2022-03-26,3.50%,9
2022-03-27,3.50%,10
2022-03-28,3.50%,11
2022-03-29,3.50%,12
2022-03-30,3.50%,13
2022-03-31,3.50%,14
2022-04-01,3.50%,15
2022-04-02,3.50%,16
2022-04-03,3.50%,17
2022-04-04,3.50%,18
2022-04-05,3.50%,19
2022-04-06,3.50%,20
2022-04-07,3.50%,21
2022-04-08,3.50%,22
2022-04-09,3.50%,23
2022-04-10,3.50%,24
2022-04-11,3.50%,25
2022-04-12,3.50%,26
2022-04-13,3.50%,27
2022-04-14,3.50%,28
2022-04-15,3.50%,29
2022-04-16,3.50%,30
2022-04-17,3.50%,31
2022-04-18,3.50%,32
2022-04-19,3.50%,0
2022-04-20,3.50%,1
2022-04-21,3.50%,2
2022-04-22,3.50%,3
2022-04-23,3.50%,4
2022-04-24,3.50%,5
2022-04-25,3.50%,6
2022-04-26,3.50%,7
2022-04-27,3.50%,8
2022-04-28,3.50%,9
2022-04-29,3.50%,10
2022-04-30,3.50%,11
2022-05-01,3.50%,12
2022-05-02,3.50%,13
2022-05-03,3.50%,14
2022-05-04,3.50%,15
2022-05-05,3.50%,16
2022-05-06,3.50%,17
2022-05-07,3.50%,18
2022-05-08,3.50%,19
2022-05-09,3.50%,20
2022-05-10,3.50%,21
2022-05-11,3.50%,22
2022-05-12,3.50%,23
2022-05-13,3.50%,24
2022-05-14,3.50%,25
2022-05-15,3.50%,26
2022-05-16,3.50%,27
2022-05-17,3.50%,28
2022-05-18,3.50%,29
2022-05-19,3.50%,30
2022-05-20,3.50%,31
2022-05-21,3.50%,32
2022-05-22,3.50%,33
2022-05-23,3.50%,34
2022-05-24,3.50%,0
2022-05-25,3.50%,1
2022-05-26,3.50%,2
2022-05-27,3.50%,3
2022-05-28,3.50%,4
2022-05-29,3.50%,5
2022-05-30,3.50%,6
2022-05-31,3.50%,7
2022-06-01,3.50%,8
2022-06-02,3.50%,9
2022-06-03,3.50%,10
2022-06-04,3.50%,11
2022-06-05,3.50%,12
2022-06-06,3.50%,13
2022-06-07,3.50%,14
2022-06-08,3.50%,15
2022-06-09,3.50%,16
2022-06-10,3.50%,17
2022-06-11,3.50%,18
2022-06-12,3.50%,19
2022-06-13,3.50%,20
2022-06-14,3.50%,21
2022-06-15,3.50%,22
2022-06-16,3.50%,23
2022-06-17,3.50%,24
2022-06-18,3.50%,25
2022-06-19,3.50%,26
2022-06-20,3.50%,27
2022-06-21,3.50%,28
2022-06-22,3.50%,29
2022-06-23,3.50%,0
2022-06-24,3.50%,1
2022-06-25,3.50%,2
2022-06-26,3.50%,3
2022-06-27,3.50%,4
2022-06-28,3.50%,5
2022-06-29,3.50%,6
2022-06-30,3.50%,7
2022-07-01,3.50%,8
2022-07-02,3.50%,9
2022-07-03,3.50%,10
2022-07-04,3.50%,11
2022-07-05,3.50%,12
2022-07-06,3.50%,13
2022-07-07,3.50%,14
2022-07-08,3.50%,15
2022-07-09,3.50%,16
2022-07-10,3.50%,17
2022-07-11,3.50%,18
2022-07-12,3.50%,19
2022-07-13,3.50%,20
2022-07-14,3.50%,21
2022-07-15,3.50%,22
2022-07-16,3.50%,23
2022-07-17,3.50%,24
2022-07-18,3.50%,25
2022-07-19,3.50%,26
2022-07-20,3.50%,27
2022-07-21,3.50%,0
2022-07-22,3.50%,1
2022-07-23,3.50%,2
2022-07-24,3.50%,3
2022-07-25,3.50%,4
2022-07-26,3.50%,5
2022-07-27,3.50%,6
2022-07-28,3.50%,7
2022-07-29,3.50%,8
2022-07-30,3.50%,9
2022-07-31,3.50%,10
2022-08-01,3.50%,11
2022-08-02,3.50%,12
2022-08-03,3.50%,13
2022-08-04,3.50%,14
2022-08-05,3.50%,15
2022-08-06,3.50%,16
2022-08-07,3.50%,17
2022-08-08,3.50%,18
2022-08-09,3.50%,19
2022-08-10,3.50%,20
2022-08-11,3.50%,21
2022-08-12,3.50%,22
2022-08-13,3.50%,23
2022-08-14,3.50%,24
2022-08-15,3.50%,25
2022-08-16,3.50%,26
2022-08-17,3.50%,27
2022-08-18,3.50%,28
2022-08-19,3.50%,29
2022-08-20,3.50%,30
2022-08-21,3.50%,31
2022-08-22,3.50%,32
2022-08-23,3.75%,0
2022-08-24,3.75%,1
2022-08-25,3.75%,2
2022-08-26,3.75%,3
2022-08-27,3.75%,4
2022-08-28,3.75%,5
2022-08-29,3.75%,6
2022-08-30,3.75%,7
2022-08-31,3.75%,8
2022-09-01,3.75%,9
2022-09-02,3.75%,10
2022-09-03,3.75%,11
2022-09-04,3.75%,12
2022-09-05,3.75%,13
2022-09-06,3.75%,14
2022-09-07,3.75%,15
2022-09-08,3.75%,16
2022-09-09,3.75%,17
2022-09-10,3.75%,18
2022-09-11,3.75%,19
2022-09-12,3.75%,20
2022-09-13,3.75%,21
2022-09-14,3.75%,22
2022-09-15,3.75%,23
2022-09-16,3.75%,24
2022-09-17,3.75%,25
2022-09-18,3.75%,26
2022-09-19,3.75%,27
2022-09-20,3.75%,28
2022-09-21,3.75%,29
2022-09-22,4.25%,0
2022-09-23,4.25%,1
2022-09-24,4.25%,2
2022-09-25,4.25%,3
2022-09-26,4.25%,4
2022-09-27,4.25%,5
2022-09-28,4.25%,6
2022-09-29,4.25%,7
2022-09-30,4.25%,8
2022-10-01,4.25%,9
2022-10-02,3.50%,0
2022-10-03,3.50%,1
2022-10-04,3.50%,2
2022-10-05,3.50%,3
2022-10-06,3.50%,4
2022-10-07,3.50%,5
2022-10-08,3.50%,6
2022-10-09,3.50%,7
2022-10-10,3.50%,8
2022-10-11,3.50%,9
2022-10-12,3.50%,10
2022-10-13,3.50%,11
2022-10-14,3.50%,12
2022-10-15,3.50%,13
2022-10-16,3.50%,14
2022-10-17,3.50%,15
2022-10-18,3.50%,16
2022-10-19,3.50%,17
2022-10-20,4.75%,0
2022-10-21,4.75%,1
2022-10-22,4.75%,2
2022-10-23,4.75%,3
2022-10-24,4.75%,4
2022-10-25,4.75%,5
2022-10-26,4.75%,6
2022-10-27,4.75%,7
2022-10-28,4.75%,8
2022-10-29,4.75%,9
2022-10-30,4.75%,10
2022-10-31,4.75%,11
2022-11-01,4.75%,12
2022-11-02,4.75%,13
2022-11-03,4.75%,14
2022-11-04,4.75%,15
2022-11-05,4.75%,16
2022-11-06,4.75%,17
2022-11-07,4.75%,18
2022-11-08,4.75%,19
2022-11-09,4.75%,20
2022-11-10,4.75%,21
2022-11-11,4.75%,22
2022-11-12,4.75%,23
2022-11-13,4.75%,24
2022-11-14,4.75%,25
2022-11-15,4.75%,26
2022-11-16,4.75%,27
2022-11-17,5.25%,0
2022-11-18,5.25%,1
2022-11-19,5.25%,2
2022-11-20,5.25%,3
2022-11-21,5.25%,4
2022-11-22,5.25%,5
2022-11-23,5.25%,6
2022-11-24,5.25%,7
2022-11-25,5.25%,8
2022-11-26,5.25%,9
2022-11-27,5.25%,10
2022-11-28,5.25%,11
2022-11-29,5.25%,12
2022-11-30,5.25%,13
2022-12-01,5.25%,14
2022-12-02,5.25%,15
2022-12-03,5.25%,16
2022-12-04,5.25%,17
2022-12-05,5.25%,18
2022-12-06,5.25%,19
2022-12-07,5.25%,20
2022-12-08,5.25%,21
2022-12-09,5.25%,22
2022-12-10,5.25%,23
2022-12-11,5.25%,24
2022-12-12,5.25%,25
2022-12-13,5.25%,26
2022-12-14,5.25%,27
2022-12-15,5.25%,28
2022-12-16,5.25%,29
2022-12-17,5.25%,30
2022-12-18,5.25%,31
2022-12-19,5.25%,32
2022-12-20,5.25%,33
2022-12-21,5.25%,34
2022-12-22,5.50%,0
2022-12-23,5.50%,1
2022-12-24,5.50%,2
2022-12-25,5.50%,3
2022-12-26,5.50%,4
2022-12-27,5.50%,5
2022-12-28,5.50%,6
2022-12-29,5.50%,7
2022-12-30,5.50%,8
2022-12-31,5.50%,9
2023-01-01,5.50%,10
2023-01-02,5.50%,11
2023-01-03,5.50%,12
2023-01-04,5.50%,13
2023-01-05,5.50%,14
2023-01-06,5.50%,15
2023-01-07,5.50%,16
2023-01-08,5.50%,17
2023-01-09,5.50%,18
2023-01-10,5.50%,19
2023-01-11,5.50%,20
2023-01-12,5.50%,21
2023-01-13,5.50%,22
2023-01-14,5.50%,23
2023-01-15,5.50%,24
2023-01-16,5.50%,25
2023-01-17,5.50%,26
2023-01-18,5.50%,27
2023-01-19,5.75%,0
2023-01-20,5.75%,1
2023-01-21,5.75%,2
2023-01-22,5.75%,3
2023-01-23,5.75%,4
2023-01-24,5.75%,5
2023-01-25,5.75%,6
2023-01-26,5.75%,7
2023-01-27,5.75%,8
2023-01-28,5.75%,9
2023-01-29,5.75%,10
2023-01-30,5.75%,11
2023-01-31,5.75%,12
2023-02-01,5.75%,13
2023-02-02,5.75%,14
2023-02-03,5.75%,15
2023-02-04,5.75%,16
2023-02-05,5.75%,17
2023-02-06,5.75%,18
2023-02-07,5.75%,19
2023-02-08,5.75%,20
2023-02-09,5.75%,21
2023-02-10,5.75%,22
2023-02-11,5.75%,23
2023-02-12,5.75%,24
2023-02-13,5.75%,25
2023-02-14,5.75%,26
2023-02-15,5.75%,27
2023-02-16,5.75%,0
2023-02-17,5.75%,1
2023-02-18,5.75%,2
2023-02-19,5.75%,3
2023-02-20,5.75%,4
2023-02-21,5.75%,5
2023-02-22,5.75%,6
2023-02-23,5.75%,7
2023-02-24,5.75%,8
2023-02-25,5.75%,9
2023-02-26,5.75%,10
2023-02-27,5.75%,11
2023-02-28,5.75%,12
2023-03-01,5.75%,13
2023-03-02,5.75%,14
2023-03-03,5.75%,15
2023-03-04,5.75%,16
2023-03-05,5.75%,17
2023-03-06,5.75%,18
2023-03-07,5.75%,19
2023-03-08,5.75%,20
2023-03-09,5.75%,21
2023-03-10,5.75%,22
2023-03-11,5.75%,23
2023-03-12,5.75%,24
2023-03-13,5.75%,25
2023-03-14,5.75%,26
2023-03-15,5.75%,27
2023-03-16,5.75%,0
2023-03-17,5.75%,1
2023-03-18,5.75%,2
2023-03-19,5.75%,3
2023-03-20,5.75%,4
2023-03-21,5.75%,5
2023-03-22,5.75%,6
2023-03-23,5.75%,7
2023-03-24,5.75%,8
2023-03-25,5.75%,9
2023-03-26,5.75%,10
2023-03-27,5.75%,11
2023-03-28,5.75%,12
2023-03-29,5.75%,13
2023-03-30,5.75%,14
2023-03-31,5.75%,15
2023-04-01,5.75%,16
2023-04-02,5.75%,17
2023-04-03,5.75%,18
2023-04-04,5.75%,19
2023-04-05,5.75%,20
2023-04-06,5.75%,21
2023-04-07,5.75%,22
2023-04-08,5.75%,23
2023-04-09,5.75%,24
2023-04-10,5.75%,25
2023-04-11,5.75%,26
2023-04-12,5.75%,27
2023-04-13,5.75%,28
2023-04-14,5.75%,29
2023-04-15,5.75%,30
2023-04-16,5.75%,31
2023-04-17,5.75%,32
2023-04-18,5.75%,0
2023-04-19,5.75%,1
2023-04-20,5.75%,2
2023-04-21,5.75%,3
2023-04-22,5.75%,4
2023-04-23,5.75%,5
2023-04-24,5.75%,6
2023-04-25,5.75%,7
2023-04-26,5.75%,8
2023-04-27,5.75%,9
2023-04-28,5.75%,10
2023-04-29,5.75%,11
2023-04-30,5.75%,12
2023-05-01,5.75%,13
2023-05-02,5.75%,14
2023-05-03,5.75%,15
2023-05-04,5.75%,16
2023-05-05,5.75%,17
2023-05-06,5.75%,18
2023-05-07,5.75%,19
2023-05-08,5.75%,20
2023-05-09,5.75%,21
2023-05-10,5.75%,22
2023-05-11,5.75%,23
2023-05-12,5.75%,24
2023-05-13,5.75%,25
2023-05-14,5.75%,26
2023-05-15,5.75%,27
2023-05-16,5.75%,28
2023-05-17,5.75%,29
2023-05-18,5.75%,30
2023-05-19,5.75%,31
2023-05-20,5.75%,32
2023-05-21,5.75%,33
2023-05-22,5.75%,34
2023-05-23,5.75%,35
2023-05-24,5.75%,36
2023-05-25,5.75%,0
2023-05-26,5.75%,1
2023-05-27,5.75%,2
2023-05-28,5.75%,3
2023-05-29,5.75%,4
2023-05-30,5.75%,5
2023-05-31,5.75%,6
2023-06-01,5.75%,7
2023-06-02,5.75%,8
2023-06-03,5.75%,9
2023-06-04,5.75%,10
2023-06-05,5.75%,11
2023-06-06,5.75%,12
2023-06-07,5.75%,13
2023-06-08,5.75%,14
2023-06-09,5.75%,15
2023-06-10,5.75%,16
2023-06-11,5.75%,17
2023-06-12,5.75%,18
2023-06-13,5.75%,19
2023-06-14,5.75%,20
2023-06-15,5.75%,21
2023-06-16,5.75%,22
2023-06-17,5.75%,23
2023-06-18,5.75%,24
2023-06-19,5.75%,25
2023-06-20,5.75%,26
2023-06-21,5.75%,27
2023-06-22,5.75%,0
2023-06-23,5.75%,1
2023-06-24,5.75%,2
2023-06-25,5.75%,3
2023-06-26,5.75%,4
2023-06-27,5.75%,5
2023-06-28,5.75%,6
2023-06-29,5.75%,7
2023-06-30,5.75%,8
2023-07-01,5.75%,9
2023-07-02,5.75%,10
2023-07-03,5.75%,11
2023-07-04,5.75%,12
2023-07-05,5.75%,13
2023-07-06,5.75%,14
2023-07-07,5.75%,15
2023-07-08,5.75%,16
2023-07-09,5.75%,17
2023-07-10,5.75%,18
2023-07-11,5.75%,19
2023-07-12,5.75%,20
2023-07-13,5.75%,21
2023-07-14,5.75%,22
2023-07-15,5.75%,23
2023-07-16,5.75%,24
2023-07-17,5.75%,25
2023-07-18,5.75%,26
2023-07-19,5.75%,27
2023-07-20,5.75%,28
2023-07-21,5.75%,29
2023-07-22,5.75%,30
2023-07-23,5.75%,31
2023-07-24,5.75%,32
2023-07-25,5.75%,0
2023-07-26,5.75%,1
2023-07-27,5.75%,2
2023-07-28,5.75%,3
2023-07-29,5.75%,4
2023-07-30,5.75%,5
2023-07-31,5.75%,6
2023-08-01,5.75%,7
2023-08-02,5.75%,8
2023-08-03,5.75%,9
2023-08-04,5.75%,10
2023-08-05,5.75%,11
2023-08-06,5.75%,12
2023-08-07,5.75%,13
2023-08-08,5.75%,14
2023-08-09,5.75%,15
2023-08-10,5.75%,16
2023-08-11,5.75%,17
2023-08-12,5.75%,18
2023-08-13,5.75%,19
2023-08-14,5.75%,20
2023-08-15,5.75%,21
2023-08-16,5.75%,22
2023-08-17,5.75%,23
2023-08-18,5.75%,24
2023-08-19,5.75%,25
2023-08-20,5.75%,26
2023-08-21,5.75%,27
2023-08-22,5.75%,28
2023-08-23,5.75%,29
2023-08-24,5.75%,0
2023-08-25,5.75%,1
2023-08-26,5.75%,2
2023-08-27,5.75%,3
2023-08-28,5.75%,4
2023-08-29,5.75%,5
2023-08-30,5.75%,6
2023-08-31,5.75%,7
2023-09-01,5.75%,8
2023-09-02,5.75%,9
2023-09-03,5.75%,10
2023-09-04,5.75%,11
2023-09-05,5.75%,12
2023-09-06,5.75%,13
2023-09-07,5.75%,14
2023-09-08,5.75%,15
2023-09-09,5.75%,16
2023-09-10,5.75%,17
2023-09-11,5.75%,18
2023-09-12,5.75%,19
2023-09-13,5.75%,20
2023-09-14,5.75%,21
2023-09-15,5.75%,22
2023-09-16,5.75%,23
2023-09-17,5.75%,24
2023-09-18,5.75%,25
2023-09-19,5.75%,26
2023-09-20,5.75%,27
2023-09-21,5.75%,0
2023-09-22,5.75%,1
2023-09-23,5.75%,2
2023-09-24,5.75%,3
2023-09-25,5.75%,4
2023-09-26,5.75%,5
2023-09-27,5.75%,6
2023-09-28,5.75%,7
2023-09-29,5.75%,8
2023-09-30,5.75%,9
2023-10-01,5.75%,10
2023-10-02,5.75%,11
2023-10-03,5.75%,12
2023-10-04,5.75%,13
2023-10-05,5.75%,14
2023-10-06,5.75%,15
2023-10-07,5.75%,16
2023-10-08,5.75%,17
2023-10-09,5.75%,18
2023-10-10,5.75%,19
2023-10-11,5.75%,20
2023-10-12,5.75%,21
2023-10-13,5.75%,22
2023-10-14,5.75%,23
2023-10-15,5.75%,24
2023-10-16,5.75%,25
2023-10-17,5.75%,26
2023-10-18,5.75%,27
2023-10-19,6.00%,0
2023-10-20,6.00%,1
2023-10-21,6.00%,2
2023-10-22,6.00%,3
2023-10-23,6.00%,4
2023-10-24,6.00%,5
2023-10-25,6.00%,6
2023-10-26,6.00%,7
2023-10-27,6.00%,8
2023-10-28,6.00%,9
2023-10-29,6.00%,10
2023-10-30,6.00%,11
2023-10-31,6.00%,12
2023-11-01,6.00%,13
2023-11-02,6.00%,14
2023-11-03,6.00%,15
2023-11-04,6.00%,16
2023-11-05,6.00%,17
2023-11-06,6.00%,18
2023-11-07,6.00%,19
2023-11-08,6.00%,20
2023-11-09,6.00%,21
2023-11-10,6.00%,22
2023-11-11,6.00%,23
2023-11-12,6.00%,24
2023-11-13,6.00%,25
2023-11-14,6.00%,26
2023-11-15,6.00%,27
2023-11-16,6.00%,28
2023-11-17,6.00%,29
2023-11-18,6.00%,30
2023-11-19,6.00%,31
2023-11-20,6.00%,32
2023-11-21,6.00%,33
2023-11-22,6.00%,34
2023-11-23,6.00%,0
2023-11-24,6.00%,1
2023-11-25,6.00%,2
2023-11-26,6.00%,3
2023-11-27,6.00%,4
2023-11-28,6.00%,5
2023-11-29,6.00%,6
2023-11-30,6.00%,7
2023-12-01,6.00%,8
2023-12-02,6.00%,9
2023-12-03,6.00%,10
2023-12-04,6.00%,11
2023-12-05,6.00%,12
2023-12-06,6.00%,13
2023-12-07,6.00%,14
2023-12-08,6.00%,15
2023-12-09,6.00%,16
2023-12-10,6.00%,17
2023-12-11,6.00%,18
2023-12-12,6.00%,19
2023-12-13,6.00%,20
2023-12-14,6.00%,21
2023-12-15,6.00%,22
2023-12-16,6.00%,23
2023-12-17,6.00%,24
2023-12-18,6.00%,25
2023-12-19,6.00%,26
2023-12-20,6.00%,27
2023-12-21,6.00%,0
2023-12-22,6.00%,1
2023-12-23,6.00%,2
2023-12-24,6.00%,3
2023-12-25,6.00%,4
2023-12-26,6.00%,5
2023-12-27,6.00%,6
2023-12-28,6.00%,7
2023-12-29,6.00%,8
2023-12-30,6.00%,9
2023-12-31,6.00%,10
2024-01-01,6.00%,11
2024-01-02,6.00%,12
2024-01-03,6.00%,13
2024-01-04,6.00%,14
2024-01-05,6.00%,15
2024-01-06,6.00%,16
2024-01-07,6.00%,17
2024-01-08,6.00%,18
2024-01-09,6.00%,19
2024-01-10,6.00%,20
2024-01-11,6.00%,21
2024-01-12,6.00%,22
2024-01-13,6.00%,23
2024-01-14,6.00%,24
2024-01-15,6.00%,25
2024-01-16,6.00%,26
2024-01-17,6.00%,0
2024-01-18,6.00%,1
2024-01-19,6.00%,2
2024-01-20,6.00%,3
2024-01-21,6.00%,4
2024-01-22,6.00%,5
2024-01-23,6.00%,6
2024-01-24,6.00%,7
2024-01-25,6.00%,8
2024-01-26,6.00%,9
2024-01-27,6.00%,10
2024-01-28,6.00%,11
2024-01-29,6.00%,12
2024-01-30,6.00%,13
2024-01-31,6.00%,14
2024-02-01,6.00%,15
2024-02-02,6.00%,16
2024-02-03,6.00%,17
2024-02-04,6.00%,18
2024-02-05,6.00%,19
2024-02-06,6.00%,20
2024-02-07,6.00%,21
2024-02-08,6.00%,22
2024-02-09,6.00%,23
2024-02-10,6.00%,24
2024-02-11,6.00%,25
2024-02-12,6.00%,26
2024-02-13,6.00%,27
2024-02-14,6.00%,28
2024-02-15,6.00%,29
2024-02-16,6.00%,30
2024-02-17,6.00%,31
2024-02-18,6.00%,32
2024-02-19,6.00%,33
2024-02-20,6.00%,34
2024-02-21,6.00%,0
2024-02-22,6.00%,1
2024-02-23,6.00%,2
2024-02-24,6.00%,3
2024-02-25,6.00%,4
2024-02-26,6.00%,5
2024-02-27,6.00%,6
2024-02-28,6.00%,7
2024-02-29,6.00%,8
2024-03-01,6.00%,9
2024-03-02,6.00%,10
2024-03-03,6.00%,11
2024-03-04,6.00%,12
2024-03-05,6.00%,13
2024-03-06,6.00%,14
2024-03-07,6.00%,15
2024-03-08,6.00%,16
2024-03-09,6.00%,17
2024-03-10,6.00%,18
2024-03-11,6.00%,19
2024-03-12,6.00%,20
2024-03-13,6.00%,21
2024-03-14,6.00%,22
2024-03-15,6.00%,23
2024-03-16,6.00%,24
2024-03-17,6.00%,25
2024-03-18,6.00%,26
2024-03-19,6.00%,27
2024-03-20,6.00%,0
2024-03-21,6.00%,1
2024-03-22,6.00%,2
2024-03-23,6.00%,3
2024-03-24,6.00%,4
2024-03-25,6.00%,5
2024-03-26,6.00%,6
2024-03-27,6.00%,7
2024-03-28,6.00%,8
2024-03-29,6.00%,9
2024-03-30,6.00%,10
2024-03-31,6.00%,11
2024-04-01,6.00%,12
2024-04-02,6.00%,13
2024-04-03,6.00%,14
2024-04-04,6.00%,15
2024-04-05,6.00%,16
2024-04-06,6.00%,17
2024-04-07,6.00%,18
2024-04-08,6.00%,19
2024-04-09,6.00%,20
2024-04-10,6.00%,21
2024-04-11,6.00%,22
2024-04-12,6.00%,23
2024-04-13,6.00%,24
2024-04-14,6.00%,25
2024-04-15,6.00%,26
2024-04-16,6.00%,27
2024-04-17,6.00%,28
2024-04-18,6.00%,29
2024-04-19,6.00%,30
2024-04-20,6.00%,31
2024-04-21,6.00%,32
2024-04-22,6.00%,33
2024-04-23,6.00%,34
2024-04-24,6.25%,0
2024-04-25,6.25%,1
2024-04-26,6.25%,2
2024-04-27,6.25%,3
2024-04-28,6.25%,4
2024-04-29,6.25%,5
2024-04-30,6.25%,6
2024-05-01,6.25%,7
2024-05-02,6.25%,8
2024-05-03,6.25%,9
2024-05-04,6.25%,10
2024-05-05,6.25%,11
2024-05-06,6.25%,12
2024-05-07,6.25%,13
2024-05-08,6.25%,14
2024-05-09,6.25%,15
2024-05-10,6.25%,16
2024-05-11,6.25%,17
2024-05-12,6.25%,18
2024-05-13,6.25%,19
2024-05-14,6.25%,20
2024-05-15,6.25%,21
2024-05-16,6.25%,22
2024-05-17,6.25%,23
2024-05-18,6.25%,24
2024-05-19,6.25%,25
2024-05-20,6.25%,26
2024-05-21,6.25%,27
2024-05-22,6.25%,0
2024-05-23,6.25%,1
2024-05-24,6.25%,2
2024-05-25,6.25%,3
2024-05-26,6.25%,4
2024-05-27,6.25%,5
2024-05-28,6.25%,6
2024-05-29,6.25%,7
2024-05-30,6.25%,8
2024-05-31,6.25%,9
2024-06-01,6.25%,10
2024-06-02,6.25%,11
2024-06-03,6.25%,12
2024-06-04,6.25%,13
2024-06-05,6.25%,14
2024-06-06,6.25%,15
2024-06-07,6.25%,16
2024-06-08,6.25%,17
2024-06-09,6.25%,18
2024-06-10,6.25%,19
2024-06-11,6.25%,20
2024-06-12,6.25%,21
2024-06-13,6.25%,22
2024-06-14,6.25%,23
2024-06-15,6.25%,24
2024-06-16,6.25%,25
2024-06-17,6.25%,26
2024-06-18,6.25%,27
2024-06-19,6.25%,28
2024-06-20,6.25%,0
2024-06-21,6.25%,1
2024-06-22,6.25%,2
2024-06-23,6.25%,3
2024-06-24,6.25%,4
2024-06-25,6.25%,5
2024-06-26,6.25%,6
2024-06-27,6.25%,7
2024-06-28,6.25%,8
2024-06-29,6.25%,9
2024-06-30,6.25%,10
2024-07-01,6.25%,11
2024-07-02,6.25%,12
2024-07-03,6.25%,13
2024-07-04,6.25%,14
2024-07-05,6.25%,15
2024-07-06,6.25%,16
2024-07-07,6.25%,17
2024-07-08,6.25%,18
2024-07-09,6.25%,19
2024-07-10,6.25%,20
2024-07-11,6.25%,21
2024-07-12,6.25%,22
2024-07-13,6.25%,23
2024-07-14,6.25%,24
2024-07-15,6.25%,25
2024-07-16,6.25%,26
2024-07-17,6.25%,0
2024-07-18,6.25%,1
2024-07-19,6.25%,2
2024-07-20,6.25%,3
2024-07-21,6.25%,4
2024-07-22,6.25%,5
2024-07-23,6.25%,6
2024-07-24,6.25%,7
2024-07-25,6.25%,8
2024-07-26,6.25%,9
2024-07-27,6.25%,10
2024-07-28,6.25%,11
2024-07-29,6.25%,12
2024-07-30,6.25%,13
2024-07-31,6.25%,14
2024-08-01,6.25%,15
2024-08-02,6.25%,16
2024-08-03,6.25%,17
2024-08-04,6.25%,18
2024-08-05,6.25%,19
2024-08-06,6.25%,20
2024-08-07,6.25%,21
2024-08-08,6.25%,22
2024-08-09,6.25%,23
2024-08-10,6.25%,24
2024-08-11,6.25%,25
2024-08-12,6.25%,26
2024-08-13,6.25%,27
2024-08-14,6.25%,28
2024-08-15,6.25%,29
2024-08-16,6.25%,30
2024-08-17,6.25%,31
2024-08-18,6.25%,32
2024-08-19,6.25%,33
2024-08-20,6.25%,34
2024-08-21,6.25%,0
2024-08-22,6.25%,1
2024-08-23,6.25%,2
2024-08-24,6.25%,3
2024-08-25,6.25%,4
2024-08-26,6.25%,5
2024-08-27,6.25%,6
2024-08-28,6.25%,7
2024-08-29,6.25%,8
2024-08-30,6.25%,9
2024-08-31,6.25%,10
2024-09-01,6.25%,11
2024-09-02,6.25%,12
2024-09-03,6.25%,13
2024-09-04,6.25%,14
2024-09-05,6.25%,15
2024-09-06,6.25%,16
2024-09-07,6.25%,17
2024-09-08,6.25%,18
2024-09-09,6.25%,19
2024-09-10,6.25%,20
2024-09-11,6.25%,21
2024-09-12,6.25%,22
2024-09-13,6.25%,23
2024-09-14,6.25%,24
2024-09-15,6.25%,25
2024-09-16,6.25%,26
2024-09-17,6.25%,27
2024-09-18,6.00%,0
2024-09-19,6.00%,1
2024-09-20,6.00%,2
2024-09-21,6.00%,3
2024-09-22,6.00%,4
2024-09-23,6.00%,5
2024-09-24,6.00%,6
2024-09-25,6.00%,7
2024-09-26,6.00%,8
2024-09-27,6.00%,9
2024-09-28,6.00%,10
2024-09-29,6.00%,11
2024-09-30,6.00%,12
2024-10-01,6.00%,13
2024-10-02,6.00%,14
2024-10-03,6.00%,15
2024-10-04,6.00%,16
2024-10-05,6.00%,17
2024-10-06,6.00%,18
2024-10-07,6.00%,19
2024-10-08,6.00%,20
2024-10-09,6.00%,21
2024-10-10,6.00%,22
2024-10-11,6.00%,23
2024-10-12,6.00%,24
2024-10-13,6.00%,25
2024-10-14,6.00%,26
2024-10-15,6.00%,27
2024-10-16,6.00%,0
2024-10-17,6.00%,1
2024-10-18,6.00%,2
2024-10-19,6.00%,3
2024-10-20,6.00%,4
2024-10-21,6.00%,5
2024-10-22,6.00%,6
2024-10-23,6.00%,7
2024-10-24,6.00%,8
2024-10-25,6.00%,9
2024-10-26,6.00%,10
2024-10-27,6.00%,11
2024-10-28,6.00%,12
2024-10-29,6.00%,13
2024-10-30,6.00%,14
2024-10-31,6.00%,15
2024-11-01,6.00%,16
2024-11-02,6.00%,17
2024-11-03,6.00%,18
2024-11-04,6.00%,19
2024-11-05,6.00%,20
2024-11-06,6.00%,21
2024-11-07,6.00%,22
2024-11-08,6.00%,23
2024-11-09,6.00%,24
2024-11-10,6.00%,25
2024-11-11,6.00%,26
2024-11-12,6.00%,27
2024-11-13,6.00%,28
2024-11-14,6.00%,29
2024-11-15,6.00%,30
2024-11-16,6.00%,31
2024-11-17,6.00%,32
2024-11-18,6.00%,33
2024-11-19,6.00%,34
2024-11-20,6.00%,0
2024-11-21,6.00%,1
2024-11-22,6.00%,2
2024-11-23,6.00%,3
2024-11-24,6.00%,4
2024-11-25,6.00%,5
2024-11-26,6.00%,6
2024-11-27,6.00%,7
2024-11-28,6.00%,8
2024-11-29,6.00%,9
2024-11-30,6.00%,10
2024-12-01,6.00%,11
2024-12-02,6.00%,12
2024-12-03,6.00%,13
2024-12-04,6.00%,14
2024-12-05,6.00%,15
2024-12-06,6.00%,16
2024-12-07,6.00%,17
2024-12-08,6.00%,18
2024-12-09,6.00%,19
2024-12-10,6.00%,20
2024-12-11,6.00%,21
2024-12-12,6.00%,22
2024-12-13,6.00%,23
2024-12-14,6.00%,24
2024-12-15,6.00%,25
2024-12-16,6.00%,26
2024-12-17,6.00%,27
2024-12-18,6.00%,0
2024-12-19,6.00%,1
2024-12-20,6.00%,2
2024-12-21,6.00%,3
2024-12-22,6.00%,4
2024-12-23,6.00%,5
2024-12-24,6.00%,6
2024-12-25,6.00%,7
2024-12-26,6.00%,8
2024-12-27,6.00%,9
2024-12-28,6.00%,10
2024-12-29,6.00%,11
2024-12-30,6.00%,12
2024-12-31,6.00%,13
2025-01-01,6.00%,14
2025-01-02,6.00%,15
2025-01-03,6.00%,16
2025-01-04,6.00%,17
2025-01-05,6.00%,18
2025-01-06,6.00%,19
2025-01-07,6.00%,20
2025-01-08,6.00%,21
2025-01-09,6.00%,22
2025-01-10,6.00%,23
2025-01-11,6.00%,24
2025-01-12,6.00%,25
2025-01-13,6.00%,26
2025-01-14,6.00%,27
2025-01-15,5.75%,0
2025-01-16,5.75%,1
2025-01-17,5.75%,2
2025-01-18,5.75%,3
2025-01-19,5.75%,4
2025-01-20,5.75%,5
2025-01-21,5.75%,6
2025-01-22,5.75%,7
2025-01-23,5.75%,8
2025-01-24,5.75%,9
2025-01-25,5.75%,10
2025-01-26,5.75%,11
2025-01-27,5.75%,12
2025-01-28,5.75%,13
2025-01-29,5.75%,14
2025-01-30,5.75%,15
2025-01-31,5.75%,16
2025-02-01,5.75%,17
2025-02-02,5.75%,18
2025-02-03,5.75%,19
2025-02-04,5.75%,20
2025-02-05,5.75%,21
2025-02-06,5.75%,22
2025-02-07,5.75%,23
2025-02-08,5.75%,24
2025-02-09,5.75%,25
2025-02-10,5.75%,26
2025-02-11,5.75%,27
2025-02-12,5.75%,28
2025-02-13,5.75%,29
2025-02-14,5.75%,30
2025-02-15,5.75%,31
2025-02-16,5.75%,32
2025-02-17,5.75%,33
2025-02-18,5.75%,34
2025-02-19,5.75%,0
2025-02-20,5.75%,1
2025-02-21,5.75%,2
2025-02-22,5.75%,3
2025-02-23,5.75%,4
2025-02-24,5.75%,5
2025-02-25,5.75%,6
2025-02-26,5.75%,7
2025-02-27,5.75%,8
2025-02-28,5.75%,9
2025-03-01,5.75%,10
2025-03-02,5.75%,11
2025-03-03,5.75%,12
2025-03-04,5.75%,13
2025-03-05,5.75%,14
2025-03-06,5.75%,15
2025-03-07,5.75%,16
2025-03-08,5.75%,17
2025-03-09,5.75%,18
2025-03-10,5.75%,19
2025-03-11,5.75%,20
2025-03-12,5.75%,21
2025-03-13,5.75%,22
2025-03-14,5.75%,23
2025-03-15,5.75%,24
2025-03-16,5.75%,25
2025-03-17,5.75%,26
2025-03-18,5.75%,27
2025-03-19,5.75%,0
2025-03-20,5.75%,1
2025-03-21,5.75%,2
2025-03-22,5.75%,3
2025-03-23,5.75%,4
2025-03-24,5.75%,5
2025-03-25,5.75%,6
2025-03-26,5.75%,7
2025-03-27,5.75%,8
2025-03-28,5.75%,9
2025-03-29,5.75%,10
2025-03-30,5.75%,11
2025-03-31,5.75%,12
2025-04-01,5.75%,13
2025-04-02,5.75%,14
2025-04-03,5.75%,15
2025-04-04,5.75%,16
2025-04-05,5.75%,17
2025-04-06,5.75%,18
2025-04-07,5.75%,19
2025-04-08,5.75%,20
2025-04-09,5.75%,21
2025-04-10,5.75%,22
2025-04-11,5.75%,23
2025-04-12,5.75%,24
2025-04-13,5.75%,25
2025-04-14,5.75%,26
2025-04-15,5.75%,27
2025-04-16,5.75%,28
2025-04-17,5.75%,29
2025-04-18,5.75%,30
2025-04-19,5.75%,31
2025-04-20,5.75%,32
2025-04-21,5.75%,33
2025-04-22,5.75%,34
2025-04-23,5.75%,0
2025-04-24,5.75%,1
2025-04-25,5.75%,2
2025-04-26,5.75%,3
2025-04-27,5.75%,4
2025-04-28,5.75%,5
2025-04-29,5.75%,6
2025-04-30,5.75%,7
2025-05-01,5.75%,8
2025-05-02,5.75%,9
2025-05-03,5.75%,10
2025-05-04,5.75%,11
2025-05-05,5.75%,12
2025-05-06,5.75%,13
2025-05-07,5.75%,14
2025-05-08,5.75%,15
2025-05-09,5.75%,16
2025-05-10,5.75%,17
2025-05-11,5.75%,18
2025-05-12,5.75%,19
2025-05-13,5.75%,20
2025-05-14,5.75%,21
2025-05-15,5.75%,22
2025-05-16,5.75%,23
2025-05-17,5.75%,24
2025-05-18,5.75%,25
2025-05-19,5.75%,26
2025-05-20,5.75%,27
2025-05-21,5.50%,0
2025-05-22,5.50%,1
2025-05-23,5.50%,2
2025-05-24,5.50%,3
2025-05-25,5.50%,4
2025-05-26,5.50%,5
2025-05-27,5.50%,6
2025-05-28,5.50%,7
2025-05-29,5.50%,8
2025-05-30,5.50%,9
2025-05-31,5.50%,10
2025-06-01,5.50%,11
2025-06-02,5.50%,12
2025-06-03,5.50%,13
2025-06-04,5.50%,14
2025-06-05,5.50%,15
2025-06-06,5.50%,16
2025-06-07,5.50%,17
2025-06-08,5.50%,18
2025-06-09,5.50%,19
2025-06-10,5.50%,20
2025-06-11,5.50%,21
2025-06-12,5.50%,22
2025-06-13,5.50%,23
2025-06-14,5.50%,24
2025-06-15,5.50%,25
2025-06-16,5.50%,26
2025-06-17,5.50%,27
2025-06-18,5.50%,0
2025-06-19,5.50%,1
2025-06-20,5.50%,2
2025-06-21,5.50%,3
2025-06-22,5.50%,4
2025-06-23,5.50%,5
2025-06-24,5.50%,6
2025-06-25,5.50%,7
2025-06-26,5.50%,8
2025-06-27,5.50%,9
2025-06-28,5.50%,10
2025-06-29,5.50%,11
2025-06-30,5.50%,12
2025-07-01,5.50%,13
2025-07-02,5.50%,14
2025-07-03,5.50%,15
2025-07-04,5.50%,16
2025-07-05,5.50%,17
2025-07-06,5.50%,18
2025-07-07,5.50%,19
2025-07-08,5.50%,20
2025-07-09,5.50%,21
2025-07-10,5.50%,22
2025-07-11,5.50%,23
2025-07-12,5.50%,24
2025-07-13,5.50%,25
2025-07-14,5.50%,26
2025-07-15,5.50%,27
2025-07-16,5.25%,0
2025-07-17,5.25%,1
2025-07-18,5.25%,2
2025-07-19,5.25%,3
2025-07-20,5.25%,4
2025-07-21,5.25%,5
2025-07-22,5.25%,6
2025-07-23,5.25%,7
2025-07-24,5.25%,8
2025-07-25,5.25%,9
2025-07-26,5.25%,10
2025-07-27,5.25%,11
2025-07-28,5.25%,12
2025-07-29,5.25%,13
2025-07-30,5.25%,14
2025-07-31,5.25%,15
2025-08-01,5.25%,16
2025-08-02,5.25%,17
2025-08-03,5.25%,18
2025-08-04,5.25%,19
2025-08-05,5.25%,20
2025-08-06,5.25%,21
2025-08-07,5.25%,22
2025-08-08,5.25%,23
2025-08-09,5.25%,24
2025-08-10,5.25%,25
2025-08-11,5.25%,26
2025-08-12,5.25%,27
2025-08-13,5.25%,28
2025-08-14,5.25%,29
2025-08-15,5.25%,30
2025-08-16,5.25%,31
2025-08-17,5.25%,32
2025-08-18,5.25%,33
2025-08-19,5.25%,34
2025-08-20,5.00%,0
2025-08-21,5.00%,1
2025-08-22,5.00%,2
2025-08-23,5.00%,3
2025-08-24,5.00%,4
2025-08-25,5.00%,5
2025-08-26,5.00%,6
2025-08-27,5.00%,7
2025-08-28,5.00%,8
2025-08-29,5.00%,9
2025-08-30,5.00%,10
2025-08-31,5.00%,11
