calendar_date,id_core_inflation_yoy,days_since_id_core_inflation_yoy
2020-01-02,2.76%,2
2020-01-03,2.76%,1
2020-01-04,2.87%,0
2020-01-05,2.87%,1
2020-01-06,2.87%,2
2020-01-07,2.26%,0
2020-01-08,2.26%,1
2020-01-09,2.26%,2
2020-01-10,1.86%,0
2020-01-11,1.86%,1
2020-01-12,1.67%,0
2020-01-13,1.67%,1
2020-01-14,1.67%,2
2020-01-15,1.67%,3
2020-01-16,1.67%,4
2020-01-17,1.67%,5
2020-01-18,1.67%,6
2020-01-19,1.67%,7
2020-01-20,1.67%,8
2020-01-21,1.67%,9
2020-01-22,1.67%,10
2020-01-23,1.67%,11
2020-01-24,1.67%,12
2020-01-25,1.67%,13
2020-01-26,1.67%,14
2020-01-27,1.67%,15
2020-01-28,1.67%,16
2020-01-29,1.67%,17
2020-01-30,1.67%,18
2020-01-31,1.67%,19
2020-02-01,3.02%,0
2020-02-02,3.02%,1
2020-02-03,2.76%,0
2020-02-04,2.76%,1
2020-02-05,2.76%,2
2020-02-06,2.65%,0
2020-02-07,2.65%,1
2020-02-08,2.65%,2
2020-02-09,2.03%,0
2020-02-10,2.03%,1
2020-02-11,1.74%,0
2020-02-12,1.74%,1
2020-02-13,1.74%,2
2020-02-14,1.74%,3
2020-02-15,1.74%,4
2020-02-16,1.74%,5
2020-02-17,1.74%,6
2020-02-18,1.74%,7
2020-02-19,1.74%,8
2020-02-20,1.74%,9
2020-02-21,1.74%,10
2020-02-22,1.74%,11
2020-02-23,1.74%,12
2020-02-24,1.74%,13
2020-02-25,1.74%,14
2020-02-26,1.74%,15
2020-02-27,1.74%,16
2020-02-28,1.74%,17
2020-02-29,1.74%,18
2020-03-01,1.74%,19
2020-03-02,2.88%,0
2020-03-03,2.88%,1
2020-03-04,2.88%,2
2020-03-05,2.88%,3
2020-03-06,2.88%,4
2020-03-07,2.88%,5
2020-03-08,2.07%,0
2020-03-09,2.07%,1
2020-03-10,2.07%,2
2020-03-11,2.07%,3
2020-03-12,2.07%,4
2020-03-13,2.07%,5
2020-03-14,2.07%,6
2020-03-15,2.07%,7
2020-03-16,2.07%,8
2020-03-17,2.07%,9
2020-03-18,2.07%,10
2020-03-19,2.07%,11
2020-03-20,2.07%,12
2020-03-21,2.07%,13
2020-03-22,2.07%,14
2020-03-23,2.07%,15
2020-03-24,2.07%,16
2020-03-25,2.07%,17
2020-03-26,2.07%,18
2020-03-27,2.07%,19
2020-03-28,2.07%,20
2020-03-29,2.07%,21
2020-03-30,2.07%,22
2020-03-31,2.07%,23
2020-04-01,2.07%,24
2020-04-02,2.07%,25
2020-04-03,2.07%,26
2020-04-04,2.07%,27
2020-04-05,2.85%,0
2020-04-06,2.85%,1
2020-04-07,2.85%,2
2020-04-08,2.85%,3
2020-04-09,2.85%,4
2020-04-10,2.85%,5
2020-04-11,2.85%,6
2020-04-12,2.85%,7
2020-04-13,2.85%,8
2020-04-14,2.85%,9
2020-04-15,2.85%,10
2020-04-16,2.85%,11
2020-04-17,2.85%,12
2020-04-18,2.85%,13
2020-04-19,2.85%,14
2020-04-20,2.85%,15
2020-04-21,2.85%,16
2020-04-22,2.85%,17
2020-04-23,2.85%,18
2020-04-24,2.85%,19
2020-04-25,2.85%,20
2020-04-26,2.85%,21
2020-04-27,2.85%,22
2020-04-28,2.85%,23
2020-04-29,2.85%,24
2020-04-30,2.85%,25
2020-05-01,2.85%,26
2020-05-02,2.85%,27
2020-05-03,2.85%,28
2020-05-04,2.85%,29
2020-05-05,2.85%,30
2020-05-06,2.85%,31
2020-05-07,2.85%,32
2020-05-08,2.85%,33
2020-05-09,2.85%,34
2020-05-10,2.85%,35
2020-05-11,2.85%,36
2020-05-12,2.85%,37
2020-05-13,2.85%,38
2020-05-14,2.85%,39
2020-05-15,2.85%,40
2020-05-16,2.85%,41
2020-05-17,2.85%,42
2020-05-18,2.85%,43
2020-05-19,2.85%,44
2020-05-20,2.85%,45
2020-05-21,2.85%,46
2020-05-22,2.85%,47
2020-05-23,2.85%,48
2020-05-24,2.85%,49
2020-05-25,2.85%,50
2020-05-26,2.85%,51
2020-05-27,2.85%,52
2020-05-28,2.85%,53
2020-05-29,2.85%,54
2020-05-30,2.85%,55
2020-05-31,2.85%,56
2020-06-01,2.85%,57
2020-06-02,2.85%,58
2020-06-03,2.85%,59
2020-06-04,2.85%,60
2020-06-05,2.85%,61
2020-06-06,2.85%,62
2020-06-07,2.85%,63
2020-06-08,2.85%,64
2020-06-09,2.85%,65
2020-06-10,2.85%,66
2020-06-11,2.85%,67
2020-06-12,2.85%,68
2020-06-13,2.85%,69
2020-06-14,2.85%,70
2020-06-15,2.85%,71
2020-06-16,2.85%,72
2020-06-17,2.85%,73
2020-06-18,2.85%,74
2020-06-19,2.85%,75
2020-06-20,2.85%,76
2020-06-21,2.85%,77
2020-06-22,2.85%,78
2020-06-23,2.85%,79
2020-06-24,2.85%,80
2020-06-25,2.85%,81
2020-06-26,2.85%,82
2020-06-27,2.85%,83
2020-06-28,2.85%,84
2020-06-29,2.85%,85
2020-06-30,2.85%,86
2020-07-01,2.85%,87
2020-07-02,2.85%,88
2020-07-03,2.85%,89
2020-07-04,2.85%,90
2020-07-05,2.85%,91
2020-07-06,2.85%,92
2020-07-07,2.85%,93
2020-07-08,2.85%,94
2020-07-09,2.85%,95
2020-07-10,2.85%,96
2020-07-11,2.85%,97
2020-07-12,2.85%,98
2020-07-13,2.85%,99
2020-07-14,2.85%,100
2020-07-15,2.85%,101
2020-07-16,2.85%,102
2020-07-17,2.85%,103
2020-07-18,2.85%,104
2020-07-19,2.85%,105
2020-07-20,2.85%,106
2020-07-21,2.85%,107
2020-07-22,2.85%,108
2020-07-23,2.85%,109
2020-07-24,2.85%,110
2020-07-25,2.85%,111
2020-07-26,2.85%,112
2020-07-27,2.85%,113
2020-07-28,2.85%,114
2020-07-29,2.85%,115
2020-07-30,2.85%,116
2020-07-31,2.85%,117
2020-08-01,2.85%,118
2020-08-02,2.85%,119
2020-08-03,2.85%,120
2020-08-04,2.85%,121
2020-08-05,2.85%,122
2020-08-06,2.85%,123
2020-08-07,2.85%,124
2020-08-08,2.85%,125
2020-08-09,2.85%,126
2020-08-10,2.85%,127
2020-08-11,2.85%,128
2020-08-12,2.85%,129
2020-08-13,2.85%,130
2020-08-14,2.85%,131
2020-08-15,2.85%,132
2020-08-16,2.85%,133
2020-08-17,2.85%,134
2020-08-18,2.85%,135
2020-08-19,2.85%,136
2020-08-20,2.85%,137
2020-08-21,2.85%,138
2020-08-22,2.85%,139
2020-08-23,2.85%,140
2020-08-24,2.85%,141
2020-08-25,2.85%,142
2020-08-26,2.85%,143
2020-08-27,2.85%,144
2020-08-28,2.85%,145
2020-08-29,2.85%,146
2020-08-30,2.85%,147
2020-08-31,2.85%,148
2020-09-01,2.85%,149
2020-09-02,2.85%,150
2020-09-03,2.85%,151
2020-09-04,2.85%,152
2020-09-05,2.85%,153
2020-09-06,2.85%,154
2020-09-07,2.85%,155
2020-09-08,2.85%,156
2020-09-09,2.85%,157
2020-09-10,2.85%,158
2020-09-11,2.85%,159
2020-09-12,2.85%,160
2020-09-13,2.85%,161
2020-09-14,2.85%,162
2020-09-15,2.85%,163
2020-09-16,2.85%,164
2020-09-17,2.85%,165
2020-09-18,2.85%,166
2020-09-19,2.85%,167
2020-09-20,2.85%,168
2020-09-21,2.85%,169
2020-09-22,2.85%,170
2020-09-23,2.85%,171
2020-09-24,2.85%,172
2020-09-25,2.85%,173
2020-09-26,2.85%,174
2020-09-27,2.85%,175
2020-09-28,2.85%,176
2020-09-29,2.85%,177
2020-09-30,2.85%,178
2020-10-01,2.85%,179
2020-10-02,2.85%,180
2020-10-03,2.85%,181
2020-10-04,2.85%,182
2020-10-05,2.85%,183
2020-10-06,2.85%,184
2020-10-07,2.85%,185
2020-10-08,2.85%,186
2020-10-09,2.85%,187
2020-10-10,2.85%,188
2020-10-11,2.85%,189
2020-10-12,2.85%,190
2020-10-13,2.85%,191
2020-10-14,2.85%,192
2020-10-15,2.85%,193
2020-10-16,2.85%,194
2020-10-17,2.85%,195
2020-10-18,2.85%,196
2020-10-19,2.85%,197
2020-10-20,2.85%,198
2020-10-21,2.85%,199
2020-10-22,2.85%,200
2020-10-23,2.85%,201
2020-10-24,2.85%,202
2020-10-25,2.85%,203
2020-10-26,2.85%,204
2020-10-27,2.85%,205
2020-10-28,2.85%,206
2020-10-29,2.85%,207
2020-10-30,2.85%,208
2020-10-31,2.85%,209
2020-11-01,2.85%,210
2020-11-02,2.85%,211
2020-11-03,2.85%,212
2020-11-04,2.85%,213
2020-11-05,2.85%,214
2020-11-06,2.85%,215
2020-11-07,2.85%,216
2020-11-08,2.85%,217
2020-11-09,2.85%,218
2020-11-10,2.85%,219
2020-11-11,2.85%,220
2020-11-12,2.85%,221
2020-11-13,2.85%,222
2020-11-14,2.85%,223
2020-11-15,2.85%,224
2020-11-16,2.85%,225
2020-11-17,2.85%,226
2020-11-18,2.85%,227
2020-11-19,2.85%,228
2020-11-20,2.85%,229
2020-11-21,2.85%,230
2020-11-22,2.85%,231
2020-11-23,2.85%,232
2020-11-24,2.85%,233
2020-11-25,2.85%,234
2020-11-26,2.85%,235
2020-11-27,2.85%,236
2020-11-28,2.85%,237
2020-11-29,2.85%,238
2020-11-30,2.85%,239
2020-12-01,2.85%,240
2020-12-02,2.85%,241
2020-12-03,2.85%,242
2020-12-04,2.85%,243
2020-12-05,2.85%,244
2020-12-06,2.85%,245
2020-12-07,2.85%,246
2020-12-08,2.85%,247
2020-12-09,2.85%,248
2020-12-10,2.85%,249
2020-12-11,2.85%,250
2020-12-12,2.85%,251
2020-12-13,2.85%,252
2020-12-14,2.85%,253
2020-12-15,2.85%,254
2020-12-16,2.85%,255
2020-12-17,2.85%,256
2020-12-18,2.85%,257
2020-12-19,2.85%,258
2020-12-20,2.85%,259
2020-12-21,2.85%,260
2020-12-22,2.85%,261
2020-12-23,2.85%,262
2020-12-24,2.85%,263
2020-12-25,2.85%,264
2020-12-26,2.85%,265
2020-12-27,2.85%,266
2020-12-28,2.85%,267
2020-12-29,2.85%,268
2020-12-30,2.85%,269
2020-12-31,2.85%,270
2021-01-01,2.85%,271
2021-01-02,1.56%,0
2021-01-03,1.53%,0
2021-01-04,1.21%,0
2021-01-05,1.21%,1
2021-01-06,1.21%,2
2021-01-07,1.49%,0
2021-01-08,1.49%,1
2021-01-09,1.31%,0
2021-01-10,1.30%,0
2021-01-11,1.33%,0
2021-01-12,1.44%,0
2021-01-13,1.44%,1
2021-01-14,1.44%,2
2021-01-15,1.44%,3
2021-01-16,1.44%,4
2021-01-17,1.44%,5
2021-01-18,1.44%,6
2021-01-19,1.44%,7
2021-01-20,1.44%,8
2021-01-21,1.44%,9
2021-01-22,1.44%,10
2021-01-23,1.44%,11
2021-01-24,1.44%,12
2021-01-25,1.44%,13
2021-01-26,1.44%,14
2021-01-27,1.44%,15
2021-01-28,1.44%,16
2021-01-29,1.44%,17
2021-01-30,1.44%,18
2021-01-31,1.44%,19
2021-02-01,1.44%,20
2021-02-02,1.44%,21
2021-02-03,1.44%,22
2021-02-04,1.44%,23
2021-02-05,1.44%,24
2021-02-06,1.37%,0
2021-02-07,1.37%,1
2021-02-08,1.40%,0
2021-02-09,1.40%,1
2021-02-10,1.40%,2
2021-02-11,1.40%,3
2021-02-12,1.40%,4
2021-02-13,1.40%,5
2021-02-14,1.40%,6
2021-02-15,1.40%,7
2021-02-16,1.40%,8
2021-02-17,1.40%,9
2021-02-18,1.40%,10
2021-02-19,1.40%,11
2021-02-20,1.40%,12
2021-02-21,1.40%,13
2021-02-22,1.40%,14
2021-02-23,1.40%,15
2021-02-24,1.40%,16
2021-02-25,1.40%,17
2021-02-26,1.40%,18
2021-02-27,1.40%,19
2021-02-28,1.40%,20
2021-03-01,1.40%,21
2021-03-02,1.40%,22
2021-03-03,1.40%,23
2021-03-04,1.40%,24
2021-03-05,1.18%,0
2021-03-06,1.18%,1
2021-03-07,1.18%,2
2021-03-08,1.18%,3
2021-03-09,1.18%,4
2021-03-10,1.18%,5
2021-03-11,1.18%,6
2021-03-12,1.18%,7
2021-03-13,1.18%,8
2021-03-14,1.18%,9
2021-03-15,1.18%,10
2021-03-16,1.18%,11
2021-03-17,1.18%,12
2021-03-18,1.18%,13
2021-03-19,1.18%,14
2021-03-20,1.18%,15
2021-03-21,1.18%,16
2021-03-22,1.18%,17
2021-03-23,1.18%,18
2021-03-24,1.18%,19
2021-03-25,1.18%,20
2021-03-26,1.18%,21
2021-03-27,1.18%,22
2021-03-28,1.18%,23
2021-03-29,1.18%,24
2021-03-30,1.18%,25
2021-03-31,1.18%,26
2021-04-01,1.60%,0
2021-04-02,1.60%,1
2021-04-03,1.60%,2
2021-04-04,1.60%,3
2021-04-05,1.60%,4
2021-04-06,1.60%,5
2021-04-07,1.60%,6
2021-04-08,1.60%,7
2021-04-09,1.60%,8
2021-04-10,1.60%,9
2021-04-11,1.60%,10
2021-04-12,1.60%,11
2021-04-13,1.60%,12
2021-04-14,1.60%,13
2021-04-15,1.60%,14
2021-04-16,1.60%,15
2021-04-17,1.60%,16
2021-04-18,1.60%,17
2021-04-19,1.60%,18
2021-04-20,1.60%,19
2021-04-21,1.60%,20
2021-04-22,1.60%,21
2021-04-23,1.60%,22
2021-04-24,1.60%,23
2021-04-25,1.60%,24
2021-04-26,1.60%,25
2021-04-27,1.60%,26
2021-04-28,1.60%,27
2021-04-29,1.60%,28
2021-04-30,1.60%,29
2021-05-01,1.60%,30
2021-05-02,1.60%,31
2021-05-03,1.60%,32
2021-05-04,1.60%,33
2021-05-05,1.60%,34
2021-05-06,1.60%,35
2021-05-07,1.60%,36
2021-05-08,1.60%,37
2021-05-09,1.60%,38
2021-05-10,1.60%,39
2021-05-11,1.60%,40
2021-05-12,1.60%,41
2021-05-13,1.60%,42
2021-05-14,1.60%,43
2021-05-15,1.60%,44
2021-05-16,1.60%,45
2021-05-17,1.60%,46
2021-05-18,1.60%,47
2021-05-19,1.60%,48
2021-05-20,1.60%,49
2021-05-21,1.60%,50
2021-05-22,1.60%,51
2021-05-23,1.60%,52
2021-05-24,1.60%,53
2021-05-25,1.60%,54
2021-05-26,1.60%,55
2021-05-27,1.60%,56
2021-05-28,1.60%,57
2021-05-29,1.60%,58
2021-05-30,1.60%,59
2021-05-31,1.60%,60
2021-06-01,1.60%,61
2021-06-02,1.60%,62
2021-06-03,1.60%,63
2021-06-04,1.60%,64
2021-06-05,1.60%,65
2021-06-06,1.60%,66
2021-06-07,1.60%,67
2021-06-08,1.60%,68
2021-06-09,1.60%,69
2021-06-10,1.60%,70
2021-06-11,1.60%,71
2021-06-12,1.60%,72
2021-06-13,1.60%,73
2021-06-14,1.60%,74
2021-06-15,1.60%,75
2021-06-16,1.60%,76
2021-06-17,1.60%,77
2021-06-18,1.60%,78
2021-06-19,1.60%,79
2021-06-20,1.60%,80
2021-06-21,1.60%,81
2021-06-22,1.60%,82
2021-06-23,1.60%,83
2021-06-24,1.60%,84
2021-06-25,1.60%,85
2021-06-26,1.60%,86
2021-06-27,1.60%,87
2021-06-28,1.60%,88
2021-06-29,1.60%,89
2021-06-30,1.60%,90
2021-07-01,1.60%,91
2021-07-02,1.60%,92
2021-07-03,1.60%,93
2021-07-04,1.60%,94
2021-07-05,1.60%,95
2021-07-06,1.60%,96
2021-07-07,1.60%,97
2021-07-08,1.60%,98
2021-07-09,1.60%,99
2021-07-10,1.60%,100
2021-07-11,1.60%,101
2021-07-12,1.60%,102
2021-07-13,1.60%,103
2021-07-14,1.60%,104
2021-07-15,1.60%,105
2021-07-16,1.60%,106
2021-07-17,1.60%,107
2021-07-18,1.60%,108
2021-07-19,1.60%,109
2021-07-20,1.60%,110
2021-07-21,1.60%,111
2021-07-22,1.60%,112
2021-07-23,1.60%,113
2021-07-24,1.60%,114
2021-07-25,1.60%,115
2021-07-26,1.60%,116
2021-07-27,1.60%,117
2021-07-28,1.60%,118
2021-07-29,1.60%,119
2021-07-30,1.60%,120
2021-07-31,1.60%,121
2021-08-01,1.60%,122
2021-08-02,1.60%,123
2021-08-03,1.60%,124
2021-08-04,1.60%,125
2021-08-05,1.60%,126
2021-08-06,1.60%,127
2021-08-07,1.60%,128
2021-08-08,1.60%,129
2021-08-09,1.60%,130
2021-08-10,1.60%,131
2021-08-11,1.60%,132
2021-08-12,1.60%,133
2021-08-13,1.60%,134
2021-08-14,1.60%,135
2021-08-15,1.60%,136
2021-08-16,1.60%,137
2021-08-17,1.60%,138
2021-08-18,1.60%,139
2021-08-19,1.60%,140
2021-08-20,1.60%,141
2021-08-21,1.60%,142
2021-08-22,1.60%,143
2021-08-23,1.60%,144
2021-08-24,1.60%,145
2021-08-25,1.60%,146
2021-08-26,1.60%,147
2021-08-27,1.60%,148
2021-08-28,1.60%,149
2021-08-29,1.60%,150
2021-08-30,1.60%,151
2021-08-31,1.60%,152
2021-09-01,1.60%,153
2021-09-02,1.60%,154
2021-09-03,1.60%,155
2021-09-04,1.60%,156
2021-09-05,1.60%,157
2021-09-06,1.60%,158
2021-09-07,1.60%,159
2021-09-08,1.60%,160
2021-09-09,1.60%,161
2021-09-10,1.60%,162
2021-09-11,1.60%,163
2021-09-12,1.60%,164
2021-09-13,1.60%,165
2021-09-14,1.60%,166
2021-09-15,1.60%,167
2021-09-16,1.60%,168
2021-09-17,1.60%,169
2021-09-18,1.60%,170
2021-09-19,1.60%,171
2021-09-20,1.60%,172
2021-09-21,1.60%,173
2021-09-22,1.60%,174
2021-09-23,1.60%,175
2021-09-24,1.60%,176
2021-09-25,1.60%,177
2021-09-26,1.60%,178
2021-09-27,1.60%,179
2021-09-28,1.60%,180
2021-09-29,1.60%,181
2021-09-30,1.60%,182
2021-10-01,1.60%,183
2021-10-02,1.60%,184
2021-10-03,1.60%,185
2021-10-04,1.60%,186
2021-10-05,1.60%,187
2021-10-06,1.60%,188
2021-10-07,1.60%,189
2021-10-08,1.60%,190
2021-10-09,1.60%,191
2021-10-10,1.60%,192
2021-10-11,1.60%,193
2021-10-12,1.60%,194
2021-10-13,1.60%,195
2021-10-14,1.60%,196
2021-10-15,1.60%,197
2021-10-16,1.60%,198
2021-10-17,1.60%,199
2021-10-18,1.60%,200
2021-10-19,1.60%,201
2021-10-20,1.60%,202
2021-10-21,1.60%,203
2021-10-22,1.60%,204
2021-10-23,1.60%,205
2021-10-24,1.60%,206
2021-10-25,1.60%,207
2021-10-26,1.60%,208
2021-10-27,1.60%,209
2021-10-28,1.60%,210
2021-10-29,1.60%,211
2021-10-30,1.60%,212
2021-10-31,1.60%,213
2021-11-01,1.60%,214
2021-11-02,1.60%,215
2021-11-03,1.60%,216
2021-11-04,1.60%,217
2021-11-05,1.60%,218
2021-11-06,1.60%,219
2021-11-07,1.60%,220
2021-11-08,1.60%,221
2021-11-09,1.60%,222
2021-11-10,1.60%,223
2021-11-11,1.60%,224
2021-11-12,1.60%,225
2021-11-13,1.60%,226
2021-11-14,1.60%,227
2021-11-15,1.60%,228
2021-11-16,1.60%,229
2021-11-17,1.60%,230
2021-11-18,1.60%,231
2021-11-19,1.60%,232
2021-11-20,1.60%,233
2021-11-21,1.60%,234
2021-11-22,1.60%,235
2021-11-23,1.60%,236
2021-11-24,1.60%,237
2021-11-25,1.60%,238
2021-11-26,1.60%,239
2021-11-27,1.60%,240
2021-11-28,1.60%,241
2021-11-29,1.60%,242
2021-11-30,1.60%,243
2021-12-01,1.60%,244
2021-12-02,1.60%,245
2021-12-03,1.60%,246
2021-12-04,1.60%,247
2021-12-05,1.60%,248
2021-12-06,1.60%,249
2021-12-07,1.60%,250
2021-12-08,1.60%,251
2021-12-09,1.60%,252
2021-12-10,1.60%,253
2021-12-11,1.60%,254
2021-12-12,1.60%,255
2021-12-13,1.60%,256
2021-12-14,1.60%,257
2021-12-15,1.60%,258
2021-12-16,1.60%,259
2021-12-17,1.60%,260
2021-12-18,1.60%,261
2021-12-19,1.60%,262
2021-12-20,1.60%,263
2021-12-21,1.60%,264
2021-12-22,1.60%,265
2021-12-23,1.60%,266
2021-12-24,1.60%,267
2021-12-25,1.60%,268
2021-12-26,1.60%,269
2021-12-27,1.60%,270
2021-12-28,1.60%,271
2021-12-29,1.60%,272
2021-12-30,1.60%,273
2021-12-31,1.60%,274
2022-01-01,1.60%,275
2022-01-02,1.60%,276
2022-01-03,2.03%,0
2022-01-04,2.37%,0
2022-01-05,2.37%,1
2022-01-06,2.37%,2
2022-01-07,2.63%,0
2022-01-08,2.86%,0
2022-01-09,3.04%,0
2022-01-10,3.04%,1
2022-01-11,3.31%,0
2022-01-12,3.30%,0
2022-01-13,3.30%,1
2022-01-14,3.30%,2
2022-01-15,3.30%,3
2022-01-16,3.30%,4
2022-01-17,3.30%,5
2022-01-18,3.30%,6
2022-01-19,3.30%,7
2022-01-20,3.30%,8
2022-01-21,3.30%,9
2022-01-22,3.30%,10
2022-01-23,3.30%,11
2022-01-24,3.30%,12
2022-01-25,3.30%,13
2022-01-26,3.30%,14
2022-01-27,3.30%,15
2022-01-28,3.30%,16
2022-01-29,3.30%,17
2022-01-30,3.30%,18
2022-01-31,3.30%,19
2022-02-01,3.30%,20
2022-02-02,1.84%,0
2022-02-03,1.84%,1
2022-02-04,1.84%,2
2022-02-05,1.84%,3
2022-02-06,2.58%,0
2022-02-07,2.58%,1
2022-02-08,2.58%,2
2022-02-09,2.58%,3
2022-02-10,2.58%,4
2022-02-11,2.58%,5
2022-02-12,2.58%,6
2022-02-13,2.58%,7
2022-02-14,2.58%,8
2022-02-15,2.58%,9
2022-02-16,2.58%,10
2022-02-17,2.58%,11
2022-02-18,2.58%,12
2022-02-19,2.58%,13
2022-02-20,2.58%,14
2022-02-21,2.58%,15
2022-02-22,2.58%,16
2022-02-23,2.58%,17
2022-02-24,2.58%,18
2022-02-25,2.58%,19
2022-02-26,2.58%,20
2022-02-27,2.58%,21
2022-02-28,2.58%,22
2022-03-01,1.56%,0
2022-03-02,1.56%,1
2022-03-03,1.56%,2
2022-03-04,1.56%,3
2022-03-05,1.56%,4
2022-03-06,1.56%,5
2022-03-07,1.56%,6
2022-03-08,1.56%,7
2022-03-09,1.56%,8
2022-03-10,3.21%,0
2022-03-11,3.21%,1
2022-03-12,3.21%,2
2022-03-13,3.21%,3
2022-03-14,3.21%,4
2022-03-15,3.21%,5
2022-03-16,3.21%,6
2022-03-17,3.21%,7
2022-03-18,3.21%,8
2022-03-19,3.21%,9
2022-03-20,3.21%,10
2022-03-21,3.21%,11
2022-03-22,3.21%,12
2022-03-23,3.21%,13
2022-03-24,3.21%,14
2022-03-25,3.21%,15
2022-03-26,3.21%,16
2022-03-27,3.21%,17
2022-03-28,3.21%,18
2022-03-29,3.21%,19
2022-03-30,3.21%,20
2022-03-31,3.21%,21
2022-04-01,3.21%,22
2022-04-02,3.21%,23
2022-04-03,3.21%,24
2022-04-04,3.21%,25
2022-04-05,3.21%,26
2022-04-06,3.21%,27
2022-04-07,3.21%,28
2022-04-08,3.21%,29
2022-04-09,3.21%,30
2022-04-10,3.21%,31
2022-04-11,3.21%,32
2022-04-12,3.21%,33
2022-04-13,3.21%,34
2022-04-14,3.21%,35
2022-04-15,3.21%,36
2022-04-16,3.21%,37
2022-04-17,3.21%,38
2022-04-18,3.21%,39
2022-04-19,3.21%,40
2022-04-20,3.21%,41
2022-04-21,3.21%,42
2022-04-22,3.21%,43
2022-04-23,3.21%,44
2022-04-24,3.21%,45
2022-04-25,3.21%,46
2022-04-26,3.21%,47
2022-04-27,3.21%,48
2022-04-28,3.21%,49
2022-04-29,3.21%,50
2022-04-30,3.21%,51
2022-05-01,3.21%,52
2022-05-02,3.21%,53
2022-05-03,3.21%,54
2022-05-04,3.21%,55
2022-05-05,3.21%,56
2022-05-06,3.21%,57
2022-05-07,3.21%,58
2022-05-08,3.21%,59
2022-05-09,3.21%,60
2022-05-10,3.21%,61
2022-05-11,3.21%,62
2022-05-12,3.21%,63
2022-05-13,3.21%,64
2022-05-14,3.21%,65
2022-05-15,3.21%,66
2022-05-16,3.21%,67
2022-05-17,3.21%,68
2022-05-18,3.21%,69
2022-05-19,3.21%,70
2022-05-20,3.21%,71
2022-05-21,3.21%,72
2022-05-22,3.21%,73
2022-05-23,3.21%,74
2022-05-24,3.21%,75
2022-05-25,3.21%,76
2022-05-26,3.21%,77
2022-05-27,3.21%,78
2022-05-28,3.21%,79
2022-05-29,3.21%,80
2022-05-30,3.21%,81
2022-05-31,3.21%,82
2022-06-01,3.21%,83
2022-06-02,3.21%,84
2022-06-03,3.21%,85
2022-06-04,3.21%,86
2022-06-05,3.21%,87
2022-06-06,3.21%,88
2022-06-07,3.21%,89
2022-06-08,3.21%,90
2022-06-09,3.21%,91
2022-06-10,3.21%,92
2022-06-11,3.21%,93
2022-06-12,3.21%,94
2022-06-13,3.21%,95
2022-06-14,3.21%,96
2022-06-15,3.21%,97
2022-06-16,3.21%,98
2022-06-17,3.21%,99
2022-06-18,3.21%,100
2022-06-19,3.21%,101
2022-06-20,3.21%,102
2022-06-21,3.21%,103
2022-06-22,3.21%,104
2022-06-23,3.21%,105
2022-06-24,3.21%,106
2022-06-25,3.21%,107
2022-06-26,3.21%,108
2022-06-27,3.21%,109
2022-06-28,3.21%,110
2022-06-29,3.21%,111
2022-06-30,3.21%,112
2022-07-01,3.21%,113
2022-07-02,3.21%,114
2022-07-03,3.21%,115
2022-07-04,3.21%,116
2022-07-05,3.21%,117
2022-07-06,3.21%,118
2022-07-07,3.21%,119
2022-07-08,3.21%,120
2022-07-09,3.21%,121
2022-07-10,3.21%,122
2022-07-11,3.21%,123
2022-07-12,3.21%,124
2022-07-13,3.21%,125
2022-07-14,3.21%,126
2022-07-15,3.21%,127
2022-07-16,3.21%,128
2022-07-17,3.21%,129
2022-07-18,3.21%,130
2022-07-19,3.21%,131
2022-07-20,3.21%,132
2022-07-21,3.21%,133
2022-07-22,3.21%,134
2022-07-23,3.21%,135
2022-07-24,3.21%,136
2022-07-25,3.21%,137
2022-07-26,3.21%,138
2022-07-27,3.21%,139
2022-07-28,3.21%,140
2022-07-29,3.21%,141
2022-07-30,3.21%,142
2022-07-31,3.21%,143
2022-08-01,3.21%,144
2022-08-02,3.21%,145
2022-08-03,3.21%,146
2022-08-04,3.21%,147
2022-08-05,3.21%,148
2022-08-06,3.21%,149
2022-08-07,3.21%,150
2022-08-08,3.21%,151
2022-08-09,3.21%,152
2022-08-10,3.21%,153
2022-08-11,3.21%,154
2022-08-12,3.21%,155
2022-08-13,3.21%,156
2022-08-14,3.21%,157
2022-08-15,3.21%,158
2022-08-16,3.21%,159
2022-08-17,3.21%,160
2022-08-18,3.21%,161
2022-08-19,3.21%,162
2022-08-20,3.21%,163
2022-08-21,3.21%,164
2022-08-22,3.21%,165
2022-08-23,3.21%,166
2022-08-24,3.21%,167
2022-08-25,3.21%,168
2022-08-26,3.21%,169
2022-08-27,3.21%,170
2022-08-28,3.21%,171
2022-08-29,3.21%,172
2022-08-30,3.21%,173
2022-08-31,3.21%,174
2022-09-01,3.21%,175
2022-09-02,3.21%,176
2022-09-03,3.21%,177
2022-09-04,3.21%,178
2022-09-05,2.60%,0
2022-09-06,2.60%,1
2022-09-07,2.60%,2
2022-09-08,2.60%,3
2022-09-09,2.60%,4
2022-09-10,2.60%,5
2022-09-11,2.60%,6
2022-09-12,2.60%,7
2022-09-13,2.60%,8
2022-09-14,2.60%,9
2022-09-15,2.60%,10
2022-09-16,2.60%,11
2022-09-17,2.60%,12
2022-09-18,2.60%,13
2022-09-19,2.60%,14
2022-09-20,2.60%,15
2022-09-21,2.60%,16
2022-09-22,2.60%,17
2022-09-23,2.60%,18
2022-09-24,2.60%,19
2022-09-25,2.60%,20
2022-09-26,2.60%,21
2022-09-27,2.60%,22
2022-09-28,2.60%,23
2022-09-29,2.60%,24
2022-09-30,2.60%,25
2022-10-01,2.60%,26
2022-10-02,2.60%,27
2022-10-03,2.60%,28
2022-10-04,2.60%,29
2022-10-05,2.60%,30
2022-10-06,2.60%,31
2022-10-07,2.60%,32
2022-10-08,2.60%,33
2022-10-09,2.60%,34
2022-10-10,2.60%,35
2022-10-11,2.60%,36
2022-10-12,2.60%,37
2022-10-13,2.60%,38
2022-10-14,2.60%,39
2022-10-15,2.60%,40
2022-10-16,2.60%,41
2022-10-17,2.60%,42
2022-10-18,2.60%,43
2022-10-19,2.60%,44
2022-10-20,2.60%,45
2022-10-21,2.60%,46
2022-10-22,2.60%,47
2022-10-23,2.60%,48
2022-10-24,2.60%,49
2022-10-25,2.60%,50
2022-10-26,2.60%,51
2022-10-27,2.60%,52
2022-10-28,2.60%,53
2022-10-29,2.60%,54
2022-10-30,2.60%,55
2022-10-31,2.60%,56
2022-11-01,2.60%,57
2022-11-02,2.60%,58
2022-11-03,2.60%,59
2022-11-04,2.60%,60
2022-11-05,2.60%,61
2022-11-06,2.60%,62
2022-11-07,2.60%,63
2022-11-08,2.60%,64
2022-11-09,2.60%,65
2022-11-10,2.60%,66
2022-11-11,2.60%,67
2022-11-12,2.60%,68
2022-11-13,2.60%,69
2022-11-14,2.60%,70
2022-11-15,2.60%,71
2022-11-16,2.60%,72
2022-11-17,2.60%,73
2022-11-18,2.60%,74
2022-11-19,2.60%,75
2022-11-20,2.60%,76
2022-11-21,2.60%,77
2022-11-22,2.60%,78
2022-11-23,2.60%,79
2022-11-24,2.60%,80
2022-11-25,2.60%,81
2022-11-26,2.60%,82
2022-11-27,2.60%,83
2022-11-28,2.60%,84
2022-11-29,2.60%,85
2022-11-30,2.60%,86
2022-12-01,2.60%,87
2022-12-02,2.60%,88
2022-12-03,2.60%,89
2022-12-04,2.60%,90
2022-12-05,2.60%,91
2022-12-06,2.60%,92
2022-12-07,2.60%,93
2022-12-08,2.60%,94
2022-12-09,2.60%,95
2022-12-10,2.60%,96
2022-12-11,2.60%,97
2022-12-12,2.60%,98
2022-12-13,2.60%,99
2022-12-14,2.60%,100
2022-12-15,2.60%,101
2022-12-16,2.60%,102
2022-12-17,2.60%,103
2022-12-18,2.60%,104
2022-12-19,2.60%,105
2022-12-20,2.60%,106
2022-12-21,2.60%,107
2022-12-22,2.60%,108
2022-12-23,2.60%,109
2022-12-24,2.60%,110
2022-12-25,2.60%,111
2022-12-26,2.60%,112
2022-12-27,2.60%,113
2022-12-28,2.60%,114
2022-12-29,2.60%,115
2022-12-30,2.60%,116
2022-12-31,2.60%,117
2023-01-01,2.60%,118
2023-01-02,3.27%,0
2023-01-03,3.09%,0
2023-01-04,3.09%,1
2023-01-05,3.09%,2
2023-01-06,3.09%,3
2023-01-07,3.09%,4
2023-01-08,2.43%,0
2023-01-09,2.18%,0
2023-01-10,2.18%,1
2023-01-11,1.91%,0
2023-01-12,1.87%,0
2023-01-13,1.87%,1
2023-01-14,1.87%,2
2023-01-15,1.87%,3
2023-01-16,1.87%,4
2023-01-17,1.87%,5
2023-01-18,1.87%,6
2023-01-19,1.87%,7
2023-01-20,1.87%,8
2023-01-21,1.87%,9
2023-01-22,1.87%,10
2023-01-23,1.87%,11
2023-01-24,1.87%,12
2023-01-25,1.87%,13
2023-01-26,1.87%,14
2023-01-27,1.87%,15
2023-01-28,1.87%,16
2023-01-29,1.87%,17
2023-01-30,1.87%,18
2023-01-31,1.87%,19
2023-02-01,3.36%,0
2023-02-02,3.36%,1
2023-02-03,3.36%,2
2023-02-04,3.36%,3
2023-02-05,2.83%,0
2023-02-06,2.83%,1
2023-02-07,2.83%,2
2023-02-08,2.83%,3
2023-02-09,2.83%,4
2023-02-10,2.00%,0
2023-02-11,2.00%,1
2023-02-12,2.00%,2
2023-02-13,2.00%,3
2023-02-14,2.00%,4
2023-02-15,2.00%,5
2023-02-16,2.00%,6
2023-02-17,2.00%,7
2023-02-18,2.00%,8
2023-02-19,2.00%,9
2023-02-20,2.00%,10
2023-02-21,2.00%,11
2023-02-22,2.00%,12
2023-02-23,2.00%,13
2023-02-24,2.00%,14
2023-02-25,2.00%,15
2023-02-26,2.00%,16
2023-02-27,2.00%,17
2023-02-28,2.00%,18
2023-03-01,2.00%,19
2023-03-02,2.00%,20
2023-03-03,2.00%,21
2023-03-04,2.94%,0
2023-03-05,2.94%,1
2023-03-06,2.94%,2
2023-03-07,2.58%,0
2023-03-08,2.58%,1
2023-03-09,2.58%,2
2023-03-10,2.58%,3
2023-03-11,2.58%,4
2023-03-12,2.58%,5
2023-03-13,2.58%,6
2023-03-14,2.58%,7
2023-03-15,2.58%,8
2023-03-16,2.58%,9
2023-03-17,2.58%,10
2023-03-18,2.58%,11
2023-03-19,2.58%,12
2023-03-20,2.58%,13
2023-03-21,2.58%,14
2023-03-22,2.58%,15
2023-03-23,2.58%,16
2023-03-24,2.58%,17
2023-03-25,2.58%,18
2023-03-26,2.58%,19
2023-03-27,2.58%,20
2023-03-28,2.58%,21
2023-03-29,2.58%,22
2023-03-30,2.58%,23
2023-03-31,2.58%,24
2023-04-01,2.58%,25
2023-04-02,2.58%,26
2023-04-03,2.58%,27
2023-04-04,2.58%,28
2023-04-05,2.58%,29
2023-04-06,2.58%,30
2023-04-07,2.58%,31
2023-04-08,2.58%,32
2023-04-09,2.58%,33
2023-04-10,2.58%,34
2023-04-11,2.58%,35
2023-04-12,2.58%,36
2023-04-13,2.58%,37
2023-04-14,2.58%,38
2023-04-15,2.58%,39
2023-04-16,2.58%,40
2023-04-17,2.58%,41
2023-04-18,2.58%,42
2023-04-19,2.58%,43
2023-04-20,2.58%,44
2023-04-21,2.58%,45
2023-04-22,2.58%,46
2023-04-23,2.58%,47
2023-04-24,2.58%,48
2023-04-25,2.58%,49
2023-04-26,2.58%,50
2023-04-27,2.58%,51
2023-04-28,2.58%,52
2023-04-29,2.58%,53
2023-04-30,2.58%,54
2023-05-01,2.58%,55
2023-05-02,2.58%,56
2023-05-03,2.58%,57
2023-05-04,2.58%,58
2023-05-05,2.58%,59
2023-05-06,2.66%,0
2023-05-07,2.66%,1
2023-05-08,2.66%,2
2023-05-09,2.66%,3
2023-05-10,2.66%,4
2023-05-11,2.66%,5
2023-05-12,2.66%,6
2023-05-13,2.66%,7
2023-05-14,2.66%,8
2023-05-15,2.66%,9
2023-05-16,2.66%,10
2023-05-17,2.66%,11
2023-05-18,2.66%,12
2023-05-19,2.66%,13
2023-05-20,2.66%,14
2023-05-21,2.66%,15
2023-05-22,2.66%,16
2023-05-23,2.66%,17
2023-05-24,2.66%,18
2023-05-25,2.66%,19
2023-05-26,2.66%,20
2023-05-27,2.66%,21
2023-05-28,2.66%,22
2023-05-29,2.66%,23
2023-05-30,2.66%,24
2023-05-31,2.66%,25
2023-06-01,2.66%,26
2023-06-02,2.66%,27
2023-06-03,2.66%,28
2023-06-04,2.66%,29
2023-06-05,2.66%,30
2023-06-06,2.66%,31
2023-06-07,2.66%,32
2023-06-08,2.66%,33
2023-06-09,2.66%,34
2023-06-10,2.66%,35
2023-06-11,2.66%,36
2023-06-12,2.66%,37
2023-06-13,2.66%,38
2023-06-14,2.66%,39
2023-06-15,2.66%,40
2023-06-16,2.66%,41
2023-06-17,2.66%,42
2023-06-18,2.66%,43
2023-06-19,2.66%,44
2023-06-20,2.66%,45
2023-06-21,2.66%,46
2023-06-22,2.66%,47
2023-06-23,2.66%,48
2023-06-24,2.66%,49
2023-06-25,2.66%,50
2023-06-26,2.66%,51
2023-06-27,2.66%,52
2023-06-28,2.66%,53
2023-06-29,2.66%,54
2023-06-30,2.66%,55
2023-07-01,2.66%,56
2023-07-02,2.66%,57
2023-07-03,2.66%,58
2023-07-04,2.66%,59
2023-07-05,2.66%,60
2023-07-06,2.66%,61
2023-07-07,2.66%,62
2023-07-08,2.66%,63
2023-07-09,2.66%,64
2023-07-10,2.66%,65
2023-07-11,2.66%,66
2023-07-12,2.66%,67
2023-07-13,2.66%,68
2023-07-14,2.66%,69
2023-07-15,2.66%,70
2023-07-16,2.66%,71
2023-07-17,2.66%,72
2023-07-18,2.66%,73
2023-07-19,2.66%,74
2023-07-20,2.66%,75
2023-07-21,2.66%,76
2023-07-22,2.66%,77
2023-07-23,2.66%,78
2023-07-24,2.66%,79
2023-07-25,2.66%,80
2023-07-26,2.66%,81
2023-07-27,2.66%,82
2023-07-28,2.66%,83
2023-07-29,2.66%,84
2023-07-30,2.66%,85
2023-07-31,2.66%,86
2023-08-01,2.66%,87
2023-08-02,2.66%,88
2023-08-03,2.66%,89
2023-08-04,2.66%,90
2023-08-05,2.66%,91
2023-08-06,2.66%,92
2023-08-07,2.66%,93
2023-08-08,2.66%,94
2023-08-09,2.66%,95
2023-08-10,2.66%,96
2023-08-11,2.66%,97
2023-08-12,2.66%,98
2023-08-13,2.66%,99
2023-08-14,2.66%,100
2023-08-15,2.66%,101
2023-08-16,2.66%,102
2023-08-17,2.66%,103
2023-08-18,2.66%,104
2023-08-19,2.66%,105
2023-08-20,2.66%,106
2023-08-21,2.66%,107
2023-08-22,2.66%,108
2023-08-23,2.66%,109
2023-08-24,2.66%,110
2023-08-25,2.66%,111
2023-08-26,2.66%,112
2023-08-27,2.66%,113
2023-08-28,2.66%,114
2023-08-29,2.66%,115
2023-08-30,2.66%,116
2023-08-31,2.66%,117
2023-09-01,2.66%,118
2023-09-02,2.66%,119
2023-09-03,2.66%,120
2023-09-04,2.66%,121
2023-09-05,2.66%,122
2023-09-06,2.66%,123
2023-09-07,2.66%,124
2023-09-08,2.66%,125
2023-09-09,2.66%,126
2023-09-10,2.66%,127
2023-09-11,2.66%,128
2023-09-12,2.66%,129
2023-09-13,2.66%,130
2023-09-14,2.66%,131
2023-09-15,2.66%,132
2023-09-16,2.66%,133
2023-09-17,2.66%,134
2023-09-18,2.66%,135
2023-09-19,2.66%,136
2023-09-20,2.66%,137
2023-09-21,2.66%,138
2023-09-22,2.66%,139
2023-09-23,2.66%,140
2023-09-24,2.66%,141
2023-09-25,2.66%,142
2023-09-26,2.66%,143
2023-09-27,2.66%,144
2023-09-28,2.66%,145
2023-09-29,2.66%,146
2023-09-30,2.66%,147
2023-10-01,2.66%,148
2023-10-02,2.66%,149
2023-10-03,2.66%,150
2023-10-04,2.66%,151
2023-10-05,2.66%,152
2023-10-06,2.66%,153
2023-10-07,2.66%,154
2023-10-08,2.66%,155
2023-10-09,2.66%,156
2023-10-10,2.66%,157
2023-10-11,2.66%,158
2023-10-12,2.66%,159
2023-10-13,2.66%,160
2023-10-14,2.66%,161
2023-10-15,2.66%,162
2023-10-16,2.66%,163
2023-10-17,2.66%,164
2023-10-18,2.66%,165
2023-10-19,2.66%,166
2023-10-20,2.66%,167
2023-10-21,2.66%,168
2023-10-22,2.66%,169
2023-10-23,2.66%,170
2023-10-24,2.66%,171
2023-10-25,2.66%,172
2023-10-26,2.66%,173
2023-10-27,2.66%,174
2023-10-28,2.66%,175
2023-10-29,2.66%,176
2023-10-30,2.66%,177
2023-10-31,2.66%,178
2023-11-01,2.66%,179
2023-11-02,2.66%,180
2023-11-03,2.66%,181
2023-11-04,2.66%,182
2023-11-05,2.66%,183
2023-11-06,2.66%,184
2023-11-07,2.66%,185
2023-11-08,2.66%,186
2023-11-09,2.66%,187
2023-11-10,2.66%,188
2023-11-11,2.66%,189
2023-11-12,2.66%,190
2023-11-13,2.66%,191
2023-11-14,2.66%,192
2023-11-15,2.66%,193
2023-11-16,2.66%,194
2023-11-17,2.66%,195
2023-11-18,2.66%,196
2023-11-19,2.66%,197
2023-11-20,2.66%,198
2023-11-21,2.66%,199
2023-11-22,2.66%,200
2023-11-23,2.66%,201
2023-11-24,2.66%,202
2023-11-25,2.66%,203
2023-11-26,2.66%,204
2023-11-27,2.66%,205
2023-11-28,2.66%,206
2023-11-29,2.66%,207
2023-11-30,2.66%,208
2023-12-01,2.66%,209
2023-12-02,2.66%,210
2023-12-03,2.66%,211
2023-12-04,2.66%,212
2023-12-05,2.66%,213
2023-12-06,2.66%,214
2023-12-07,2.66%,215
2023-12-08,2.66%,216
2023-12-09,2.66%,217
2023-12-10,2.66%,218
2023-12-11,2.66%,219
2023-12-12,2.66%,220
2023-12-13,2.66%,221
2023-12-14,2.66%,222
2023-12-15,2.66%,223
2023-12-16,2.66%,224
2023-12-17,2.66%,225
2023-12-18,2.66%,226
2023-12-19,2.66%,227
2023-12-20,2.66%,228
2023-12-21,2.66%,229
2023-12-22,2.66%,230
2023-12-23,2.66%,231
2023-12-24,2.66%,232
2023-12-25,2.66%,233
2023-12-26,2.66%,234
2023-12-27,2.66%,235
2023-12-28,2.66%,236
2023-12-29,2.66%,237
2023-12-30,2.66%,238
2023-12-31,2.66%,239
2024-01-01,2.66%,240
2024-01-02,1.68%,0
2024-01-03,1.68%,0
2024-01-04,1.77%,0
2024-01-05,1.77%,1
2024-01-06,1.77%,2
2024-01-07,1.90%,0
2024-01-08,1.95%,0
2024-01-09,1.95%,1
2024-01-10,2.09%,0
2024-01-11,2.21%,0
2024-01-12,2.21%,1
2024-01-13,2.21%,2
2024-01-14,2.21%,3
2024-01-15,2.21%,4
2024-01-16,2.21%,5
2024-01-17,2.21%,6
2024-01-18,2.21%,7
2024-01-19,2.21%,8
2024-01-20,2.21%,9
2024-01-21,2.21%,10
2024-01-22,2.21%,11
2024-01-23,2.21%,12
2024-01-24,2.21%,13
2024-01-25,2.21%,14
2024-01-26,2.21%,15
2024-01-27,2.21%,16
2024-01-28,2.21%,17
2024-01-29,2.21%,18
2024-01-30,2.21%,19
2024-01-31,2.21%,20
2024-02-01,1.80%,0
2024-02-02,1.80%,1
2024-02-03,1.80%,2
2024-02-04,1.80%,3
2024-02-05,1.82%,0
2024-02-06,1.82%,1
2024-02-07,1.82%,2
2024-02-08,1.82%,3
2024-02-09,2.02%,0
2024-02-10,2.02%,1
2024-02-11,2.02%,2
2024-02-12,2.26%,0
2024-02-13,2.26%,1
2024-02-14,2.26%,2
2024-02-15,2.26%,3
2024-02-16,2.26%,4
2024-02-17,2.26%,5
2024-02-18,2.26%,6
2024-02-19,2.26%,7
2024-02-20,2.26%,8
2024-02-21,2.26%,9
2024-02-22,2.26%,10
2024-02-23,2.26%,11
2024-02-24,2.26%,12
2024-02-25,2.26%,13
2024-02-26,2.26%,14
2024-02-27,2.26%,15
2024-02-28,2.26%,16
2024-02-29,2.26%,17
2024-03-01,2.26%,18
2024-03-02,2.26%,19
2024-03-03,2.26%,20
2024-03-04,2.26%,21
2024-03-05,2.26%,22
2024-03-06,1.93%,0
2024-03-07,1.93%,1
2024-03-08,1.93%,2
2024-03-09,1.93%,3
2024-03-10,1.93%,4
2024-03-11,1.93%,5
2024-03-12,1.93%,6
2024-03-13,1.93%,7
2024-03-14,1.93%,8
2024-03-15,1.93%,9
2024-03-16,1.93%,10
2024-03-17,1.93%,11
2024-03-18,1.93%,12
2024-03-19,1.93%,13
2024-03-20,1.93%,14
2024-03-21,1.93%,15
2024-03-22,1.93%,16
2024-03-23,1.93%,17
2024-03-24,1.93%,18
2024-03-25,1.93%,19
2024-03-26,1.93%,20
2024-03-27,1.93%,21
2024-03-28,1.93%,22
2024-03-29,1.93%,23
2024-03-30,1.93%,24
2024-03-31,1.93%,25
2024-04-01,1.93%,26
2024-04-02,1.93%,27
2024-04-03,1.93%,28
2024-04-04,1.93%,29
2024-04-05,1.93%,30
2024-04-06,1.93%,31
2024-04-07,1.93%,32
2024-04-08,1.93%,33
2024-04-09,1.93%,34
2024-04-10,1.93%,35
2024-04-11,1.93%,36
2024-04-12,1.93%,37
2024-04-13,1.93%,38
2024-04-14,1.93%,39
2024-04-15,1.93%,40
2024-04-16,1.93%,41
2024-04-17,1.93%,42
2024-04-18,1.93%,43
2024-04-19,1.93%,44
2024-04-20,1.93%,45
2024-04-21,1.93%,46
2024-04-22,1.93%,47
2024-04-23,1.93%,48
2024-04-24,1.93%,49
2024-04-25,1.93%,50
2024-04-26,1.93%,51
2024-04-27,1.93%,52
2024-04-28,1.93%,53
2024-04-29,1.93%,54
2024-04-30,1.93%,55
2024-05-01,1.93%,56
2024-05-02,1.93%,57
2024-05-03,1.93%,58
2024-05-04,1.93%,59
2024-05-05,1.93%,60
2024-05-06,1.93%,61
2024-05-07,1.93%,62
2024-05-08,1.93%,63
2024-05-09,1.93%,64
2024-05-10,1.93%,65
2024-05-11,1.93%,66
2024-05-12,1.93%,67
2024-05-13,1.93%,68
2024-05-14,1.93%,69
2024-05-15,1.93%,70
2024-05-16,1.93%,71
2024-05-17,1.93%,72
2024-05-18,1.93%,73
2024-05-19,1.93%,74
2024-05-20,1.93%,75
2024-05-21,1.93%,76
2024-05-22,1.93%,77
2024-05-23,1.93%,78
2024-05-24,1.93%,79
2024-05-25,1.93%,80
2024-05-26,1.93%,81
2024-05-27,1.93%,82
2024-05-28,1.93%,83
2024-05-29,1.93%,84
2024-05-30,1.93%,85
2024-05-31,1.93%,86
2024-06-01,1.93%,87
2024-06-02,1.93%,88
2024-06-03,1.93%,89
2024-06-04,1.93%,90
2024-06-05,1.93%,91
2024-06-06,1.93%,92
2024-06-07,1.93%,93
2024-06-08,1.93%,94
2024-06-09,1.93%,95
2024-06-10,1.93%,96
2024-06-11,1.93%,97
2024-06-12,1.93%,98
2024-06-13,1.93%,99
2024-06-14,1.93%,100
2024-06-15,1.93%,101
2024-06-16,1.93%,102
2024-06-17,1.93%,103
2024-06-18,1.93%,104
2024-06-19,1.93%,105
2024-06-20,1.93%,106
2024-06-21,1.93%,107
2024-06-22,1.93%,108
2024-06-23,1.93%,109
2024-06-24,1.93%,110
2024-06-25,1.93%,111
2024-06-26,1.93%,112
2024-06-27,1.93%,113
2024-06-28,1.93%,114
2024-06-29,1.93%,115
2024-06-30,1.93%,116
2024-07-01,1.93%,117
2024-07-02,1.93%,118
2024-07-03,1.93%,119
2024-07-04,1.93%,120
2024-07-05,1.93%,121
2024-07-06,1.93%,122
2024-07-07,1.93%,123
2024-07-08,1.93%,124
2024-07-09,1.93%,125
2024-07-10,1.93%,126
2024-07-11,1.93%,127
2024-07-12,1.93%,128
2024-07-13,1.93%,129
2024-07-14,1.93%,130
2024-07-15,1.93%,131
2024-07-16,1.93%,132
2024-07-17,1.93%,133
2024-07-18,1.93%,134
2024-07-19,1.93%,135
2024-07-20,1.93%,136
2024-07-21,1.93%,137
2024-07-22,1.93%,138
2024-07-23,1.93%,139
2024-07-24,1.93%,140
2024-07-25,1.93%,141
2024-07-26,1.93%,142
2024-07-27,1.93%,143
2024-07-28,1.93%,144
2024-07-29,1.93%,145
2024-07-30,1.93%,146
2024-07-31,1.93%,147
2024-08-01,1.93%,148
2024-08-02,1.93%,149
2024-08-03,1.93%,150
2024-08-04,1.93%,151
2024-08-05,1.93%,152
2024-08-06,1.93%,153
2024-08-07,1.93%,154
2024-08-08,1.93%,155
2024-08-09,1.93%,156
2024-08-10,1.93%,157
2024-08-11,1.93%,158
2024-08-12,1.93%,159
2024-08-13,1.93%,160
2024-08-14,1.93%,161
2024-08-15,1.93%,162
2024-08-16,1.93%,163
2024-08-17,1.93%,164
2024-08-18,1.93%,165
2024-08-19,1.93%,166
2024-08-20,1.93%,167
2024-08-21,1.93%,168
2024-08-22,1.93%,169
2024-08-23,1.93%,170
2024-08-24,1.93%,171
2024-08-25,1.93%,172
2024-08-26,1.93%,173
2024-08-27,1.93%,174
2024-08-28,1.93%,175
2024-08-29,1.93%,176
2024-08-30,1.93%,177
2024-08-31,1.93%,178
2024-09-01,1.93%,179
2024-09-02,1.93%,180
2024-09-03,1.93%,181
2024-09-04,1.93%,182
2024-09-05,1.93%,183
2024-09-06,1.93%,184
2024-09-07,1.93%,185
2024-09-08,1.93%,186
2024-09-09,1.93%,187
2024-09-10,1.93%,188
2024-09-11,1.93%,189
2024-09-12,1.93%,190
2024-09-13,1.93%,191
2024-09-14,1.93%,192
2024-09-15,1.93%,193
2024-09-16,1.93%,194
2024-09-17,1.93%,195
2024-09-18,1.93%,196
2024-09-19,1.93%,197
2024-09-20,1.93%,198
2024-09-21,1.93%,199
2024-09-22,1.93%,200
2024-09-23,1.93%,201
2024-09-24,1.93%,202
2024-09-25,1.93%,203
2024-09-26,1.93%,204
2024-09-27,1.93%,205
2024-09-28,1.93%,206
2024-09-29,1.93%,207
2024-09-30,1.93%,208
2024-10-01,1.93%,209
2024-10-02,1.93%,210
2024-10-03,1.93%,211
2024-10-04,1.93%,212
2024-10-05,1.93%,213
2024-10-06,1.93%,214
2024-10-07,1.93%,215
2024-10-08,1.93%,216
2024-10-09,1.93%,217
2024-10-10,1.93%,218
2024-10-11,1.93%,219
2024-10-12,1.93%,220
2024-10-13,1.93%,221
2024-10-14,1.93%,222
2024-10-15,1.93%,223
2024-10-16,1.93%,224
2024-10-17,1.93%,225
2024-10-18,1.93%,226
2024-10-19,1.93%,227
2024-10-20,1.93%,228
2024-10-21,1.93%,229
2024-10-22,1.93%,230
2024-10-23,1.93%,231
2024-10-24,1.93%,232
2024-10-25,1.93%,233
2024-10-26,1.93%,234
2024-10-27,1.93%,235
2024-10-28,1.93%,236
2024-10-29,1.93%,237
2024-10-30,1.93%,238
2024-10-31,1.93%,239
2024-11-01,1.93%,240
2024-11-02,1.93%,241
2024-11-03,1.93%,242
2024-11-04,1.93%,243
2024-11-05,1.93%,244
2024-11-06,1.93%,245
2024-11-07,1.93%,246
2024-11-08,1.93%,247
2024-11-09,1.93%,248
2024-11-10,1.93%,249
2024-11-11,1.93%,250
2024-11-12,1.93%,251
2024-11-13,1.93%,252
2024-11-14,1.93%,253
2024-11-15,1.93%,254
2024-11-16,1.93%,255
2024-11-17,1.93%,256
2024-11-18,1.93%,257
2024-11-19,1.93%,258
2024-11-20,1.93%,259
2024-11-21,1.93%,260
2024-11-22,1.93%,261
2024-11-23,1.93%,262
2024-11-24,1.93%,263
2024-11-25,1.93%,264
2024-11-26,1.93%,265
2024-11-27,1.93%,266
2024-11-28,1.93%,267
2024-11-29,1.93%,268
2024-11-30,1.93%,269
2024-12-01,1.93%,270
2024-12-02,1.93%,271
2024-12-03,1.93%,272
2024-12-04,1.93%,273
2024-12-05,1.93%,274
2024-12-06,1.93%,275
2024-12-07,1.93%,276
2024-12-08,1.93%,277
2024-12-09,1.93%,278
2024-12-10,1.93%,279
2024-12-11,1.93%,280
2024-12-12,1.93%,281
2024-12-13,1.93%,282
2024-12-14,1.93%,283
2024-12-15,1.93%,284
2024-12-16,1.93%,285
2024-12-17,1.93%,286
2024-12-18,1.93%,287
2024-12-19,1.93%,288
2024-12-20,1.93%,289
2024-12-21,1.93%,290
2024-12-22,1.93%,291
2024-12-23,1.93%,292
2024-12-24,1.93%,293
2024-12-25,1.93%,294
2024-12-26,1.93%,295
2024-12-27,1.93%,296
2024-12-28,1.93%,297
2024-12-29,1.93%,298
2024-12-30,1.93%,299
2024-12-31,1.93%,300
2025-01-01,1.93%,301
2025-01-02,1.93%,302
2025-01-03,1.93%,303
2025-01-04,1.93%,304
2025-01-05,1.93%,305
2025-01-06,1.93%,306
2025-01-07,2.37%,0
2025-01-08,2.32%,0
2025-01-09,2.32%,1
2025-01-10,2.32%,2
2025-01-11,2.32%,3
2025-01-12,2.32%,4
2025-01-13,2.32%,5
2025-01-14,2.32%,6
2025-01-15,2.32%,7
2025-01-16,2.32%,8
2025-01-17,2.32%,9
2025-01-18,2.32%,10
2025-01-19,2.32%,11
2025-01-20,2.32%,12
2025-01-21,2.32%,13
2025-01-22,2.32%,14
2025-01-23,2.32%,15
2025-01-24,2.32%,16
2025-01-25,2.32%,17
2025-01-26,2.32%,18
2025-01-27,2.32%,19
2025-01-28,2.32%,20
2025-01-29,2.32%,21
2025-01-30,2.32%,22
2025-01-31,2.32%,23
2025-02-01,2.26%,0
2025-02-02,2.26%,1
2025-02-03,2.26%,2
2025-02-04,2.26%,3
2025-02-05,2.50%,0
2025-02-06,2.40%,0
2025-02-07,2.40%,1
2025-02-08,2.40%,2
2025-02-09,2.40%,3
2025-02-10,2.40%,4
2025-02-11,2.40%,5
2025-02-12,2.40%,6
2025-02-13,2.40%,7
2025-02-14,2.40%,8
2025-02-15,2.40%,9
2025-02-16,2.40%,10
2025-02-17,2.40%,11
2025-02-18,2.40%,12
2025-02-19,2.40%,13
2025-02-20,2.40%,14
2025-02-21,2.40%,15
2025-02-22,2.40%,16
2025-02-23,2.40%,17
2025-02-24,2.40%,18
2025-02-25,2.40%,19
2025-02-26,2.40%,20
2025-02-27,2.40%,21
2025-02-28,2.40%,22
2025-03-01,2.40%,23
2025-03-02,2.36%,0
2025-03-03,2.48%,0
2025-03-04,2.48%,1
2025-03-05,2.48%,2
2025-03-06,2.48%,3
2025-03-07,2.48%,4
2025-03-08,2.48%,5
2025-03-09,2.48%,6
2025-03-10,2.48%,7
2025-03-11,2.48%,8
2025-03-12,2.48%,9
2025-03-13,2.48%,10
2025-03-14,2.48%,11
2025-03-15,2.48%,12
2025-03-16,2.48%,13
2025-03-17,2.48%,14
2025-03-18,2.48%,15
2025-03-19,2.48%,16
2025-03-20,2.48%,17
2025-03-21,2.48%,18
2025-03-22,2.48%,19
2025-03-23,2.48%,20
2025-03-24,2.48%,21
2025-03-25,2.48%,22
2025-03-26,2.48%,23
2025-03-27,2.48%,24
2025-03-28,2.48%,25
2025-03-29,2.48%,26
2025-03-30,2.48%,27
2025-03-31,2.48%,28
2025-04-01,2.48%,29
2025-04-02,2.48%,30
2025-04-03,2.48%,31
2025-04-04,2.48%,32
2025-04-05,2.48%,33
2025-04-06,2.48%,34
2025-04-07,2.48%,35
2025-04-08,2.48%,36
2025-04-09,2.48%,37
2025-04-10,2.48%,38
2025-04-11,2.48%,39
2025-04-12,2.48%,40
2025-04-13,2.48%,41
2025-04-14,2.48%,42
2025-04-15,2.48%,43
2025-04-16,2.48%,44
2025-04-17,2.48%,45
2025-04-18,2.48%,46
2025-04-19,2.48%,47
2025-04-20,2.48%,48
2025-04-21,2.48%,49
2025-04-22,2.48%,50
2025-04-23,2.48%,51
2025-04-24,2.48%,52
2025-04-25,2.48%,53
2025-04-26,2.48%,54
2025-04-27,2.48%,55
2025-04-28,2.48%,56
2025-04-29,2.48%,57
2025-04-30,2.48%,58
2025-05-01,2.48%,59
2025-05-02,2.48%,60
2025-05-03,2.48%,61
2025-05-04,2.48%,62
2025-05-05,2.48%,63
2025-05-06,2.48%,64
2025-05-07,2.48%,65
2025-05-08,2.48%,66
2025-05-09,2.48%,67
2025-05-10,2.48%,68
2025-05-11,2.48%,69
2025-05-12,2.48%,70
2025-05-13,2.48%,71
2025-05-14,2.48%,72
2025-05-15,2.48%,73
2025-05-16,2.48%,74
2025-05-17,2.48%,75
2025-05-18,2.48%,76
2025-05-19,2.48%,77
2025-05-20,2.48%,78
2025-05-21,2.48%,79
2025-05-22,2.48%,80
2025-05-23,2.48%,81
2025-05-24,2.48%,82
2025-05-25,2.48%,83
2025-05-26,2.48%,84
2025-05-27,2.48%,85
2025-05-28,2.48%,86
2025-05-29,2.48%,87
2025-05-30,2.48%,88
2025-05-31,2.48%,89
2025-06-01,2.48%,90
2025-06-02,2.48%,91
2025-06-03,2.48%,92
2025-06-04,2.48%,93
2025-06-05,2.48%,94
2025-06-06,2.48%,95
2025-06-07,2.48%,96
2025-06-08,2.48%,97
2025-06-09,2.48%,98
2025-06-10,2.48%,99
2025-06-11,2.48%,100
2025-06-12,2.48%,101
2025-06-13,2.48%,102
2025-06-14,2.48%,103
2025-06-15,2.48%,104
2025-06-16,2.48%,105
2025-06-17,2.48%,106
2025-06-18,2.48%,107
2025-06-19,2.48%,108
2025-06-20,2.48%,109
2025-06-21,2.48%,110
2025-06-22,2.48%,111
2025-06-23,2.48%,112
2025-06-24,2.48%,113
2025-06-25,2.48%,114
2025-06-26,2.48%,115
2025-06-27,2.48%,116
2025-06-28,2.48%,117
2025-06-29,2.48%,118
2025-06-30,2.48%,119
2025-07-01,2.48%,120
2025-07-02,2.48%,121
2025-07-03,2.48%,122
2025-07-04,2.48%,123
2025-07-05,2.48%,124
2025-07-06,2.48%,125
2025-07-07,2.48%,126
2025-07-08,2.48%,127
2025-07-09,2.48%,128
2025-07-10,2.48%,129
2025-07-11,2.48%,130
2025-07-12,2.48%,131
2025-07-13,2.48%,132
2025-07-14,2.48%,133
2025-07-15,2.48%,134
2025-07-16,2.48%,135
2025-07-17,2.48%,136
2025-07-18,2.48%,137
2025-07-19,2.48%,138
2025-07-20,2.48%,139
2025-07-21,2.48%,140
2025-07-22,2.48%,141
2025-07-23,2.48%,142
2025-07-24,2.48%,143
2025-07-25,2.48%,144
2025-07-26,2.48%,145
2025-07-27,2.48%,146
2025-07-28,2.48%,147
2025-07-29,2.48%,148
2025-07-30,2.48%,149
2025-07-31,2.48%,150
2025-08-01,2.48%,151
2025-08-02,2.48%,152
2025-08-03,2.48%,153
2025-08-04,2.48%,0
2025-08-05,2.48%,1
2025-08-06,2.48%,2
2025-08-07,2.48%,3
2025-08-08,2.48%,4
2025-08-09,2.48%,5
2025-08-10,2.48%,6
2025-08-11,2.48%,7
2025-08-12,2.48%,8
2025-08-13,2.48%,9
2025-08-14,2.48%,10
2025-08-15,2.48%,11
2025-08-16,2.48%,12
2025-08-17,2.48%,13
2025-08-18,2.48%,14
2025-08-19,2.48%,15
2025-08-20,2.48%,16
2025-08-21,2.48%,17
2025-08-22,2.48%,18
2025-08-23,2.48%,19
2025-08-24,2.48%,20
2025-08-25,2.48%,21
2025-08-26,2.48%,22
2025-08-27,2.48%,23
2025-08-28,2.48%,24
2025-08-29,2.48%,25
2025-08-30,2.48%,26
2025-08-31,2.48%,27
