calendar_date,id_gdp_qoq,days_since_id_gdp_qoq
2020-01-01,3.06%,122
2020-01-02,3.06%,121
2020-01-03,3.06%,120
2020-01-04,3.06%,119
2020-01-05,3.06%,118
2020-01-06,3.06%,117
2020-01-07,3.06%,116
2020-01-08,3.06%,115
2020-01-09,3.06%,114
2020-01-10,3.06%,113
2020-01-11,3.06%,112
2020-01-12,3.06%,111
2020-01-13,3.06%,110
2020-01-14,3.06%,109
2020-01-15,3.06%,108
2020-01-16,3.06%,107
2020-01-17,3.06%,106
2020-01-18,3.06%,105
2020-01-19,3.06%,104
2020-01-20,3.06%,103
2020-01-21,3.06%,102
2020-01-22,3.06%,101
2020-01-23,3.06%,100
2020-01-24,3.06%,99
2020-01-25,3.06%,98
2020-01-26,3.06%,97
2020-01-27,3.06%,96
2020-01-28,3.06%,95
2020-01-29,3.06%,94
2020-01-30,3.06%,93
2020-01-31,3.06%,92
2020-02-01,3.06%,91
2020-02-02,3.06%,90
2020-02-03,3.06%,89
2020-02-04,3.06%,88
2020-02-05,3.06%,87
2020-02-06,3.06%,86
2020-02-07,3.06%,85
2020-02-08,3.06%,84
2020-02-09,3.06%,83
2020-02-10,3.06%,82
2020-02-11,3.06%,81
2020-02-12,3.06%,80
2020-02-13,3.06%,79
2020-02-14,3.06%,78
2020-02-15,3.06%,77
2020-02-16,3.06%,76
2020-02-17,3.06%,75
2020-02-18,3.06%,74
2020-02-19,3.06%,73
2020-02-20,3.06%,72
2020-02-21,3.06%,71
2020-02-22,3.06%,70
2020-02-23,3.06%,69
2020-02-24,3.06%,68
2020-02-25,3.06%,67
2020-02-26,3.06%,66
2020-02-27,3.06%,65
2020-02-28,3.06%,64
2020-02-29,3.06%,63
2020-03-01,3.06%,62
2020-03-02,3.06%,61
2020-03-03,3.06%,60
2020-03-04,3.06%,59
2020-03-05,3.06%,58
2020-03-06,3.06%,57
2020-03-07,3.06%,56
2020-03-08,3.06%,55
2020-03-09,3.06%,54
2020-03-10,3.06%,53
2020-03-11,3.06%,52
2020-03-12,3.06%,51
2020-03-13,3.06%,50
2020-03-14,3.06%,49
2020-03-15,3.06%,48
2020-03-16,3.06%,47
2020-03-17,3.06%,46
2020-03-18,3.06%,45
2020-03-19,3.06%,44
2020-03-20,3.06%,43
2020-03-21,3.06%,42
2020-03-22,3.06%,41
2020-03-23,3.06%,40
2020-03-24,3.06%,39
2020-03-25,3.06%,38
2020-03-26,3.06%,37
2020-03-27,3.06%,36
2020-03-28,3.06%,35
2020-03-29,3.06%,34
2020-03-30,3.06%,33
2020-03-31,3.06%,32
2020-04-01,3.06%,31
2020-04-02,3.06%,30
2020-04-03,3.06%,29
2020-04-04,3.06%,28
2020-04-05,3.06%,27
2020-04-06,3.06%,26
2020-04-07,3.06%,25
2020-04-08,3.06%,24
2020-04-09,3.06%,23
2020-04-10,3.06%,22
2020-04-11,3.06%,21
2020-04-12,3.06%,20
2020-04-13,3.06%,19
2020-04-14,3.06%,18
2020-04-15,3.06%,17
2020-04-16,3.06%,16
2020-04-17,3.06%,15
2020-04-18,3.06%,14
2020-04-19,3.06%,13
2020-04-20,3.06%,12
2020-04-21,3.06%,11
2020-04-22,3.06%,10
2020-04-23,3.06%,9
2020-04-24,3.06%,8
2020-04-25,3.06%,7
2020-04-26,3.06%,6
2020-04-27,3.06%,5
2020-04-28,3.06%,4
2020-04-29,3.06%,3
2020-04-30,3.06%,2
2020-05-01,3.06%,1
2020-05-02,-1.74%,0
2020-05-03,-1.74%,1
2020-05-04,-1.74%,2
2020-05-05,-2.41%,0
2020-05-06,-2.41%,1
2020-05-07,-2.41%,2
2020-05-08,-4.19%,0
2020-05-09,-4.19%,1
2020-05-10,-4.19%,2
2020-05-11,5.05%,0
2020-05-12,5.05%,1
2020-05-13,5.05%,2
2020-05-14,5.05%,3
2020-05-15,5.05%,4
2020-05-16,5.05%,5
2020-05-17,5.05%,6
2020-05-18,5.05%,7
2020-05-19,5.05%,8
2020-05-20,5.05%,9
2020-05-21,5.05%,10
2020-05-22,5.05%,11
2020-05-23,5.05%,12
2020-05-24,5.05%,13
2020-05-25,5.05%,14
2020-05-26,5.05%,15
2020-05-27,5.05%,16
2020-05-28,5.05%,17
2020-05-29,5.05%,18
2020-05-30,5.05%,19
2020-05-31,5.05%,20
2020-06-01,5.05%,21
2020-06-02,5.05%,22
2020-06-03,5.05%,23
2020-06-04,5.05%,24
2020-06-05,5.05%,25
2020-06-06,5.05%,26
2020-06-07,5.05%,27
2020-06-08,5.05%,28
2020-06-09,5.05%,29
2020-06-10,5.05%,30
2020-06-11,5.05%,31
2020-06-12,5.05%,32
2020-06-13,5.05%,33
2020-06-14,5.05%,34
2020-06-15,5.05%,35
2020-06-16,5.05%,36
2020-06-17,5.05%,37
2020-06-18,5.05%,38
2020-06-19,5.05%,39
2020-06-20,5.05%,40
2020-06-21,5.05%,41
2020-06-22,5.05%,42
2020-06-23,5.05%,43
2020-06-24,5.05%,44
2020-06-25,5.05%,45
2020-06-26,5.05%,46
2020-06-27,5.05%,47
2020-06-28,5.05%,48
2020-06-29,5.05%,49
2020-06-30,5.05%,50
2020-07-01,5.05%,51
2020-07-02,5.05%,52
2020-07-03,5.05%,53
2020-07-04,5.05%,54
2020-07-05,5.05%,55
2020-07-06,5.05%,56
2020-07-07,5.05%,57
2020-07-08,5.05%,58
2020-07-09,5.05%,59
2020-07-10,5.05%,60
2020-07-11,5.05%,61
2020-07-12,5.05%,62
2020-07-13,5.05%,63
2020-07-14,5.05%,64
2020-07-15,5.05%,65
2020-07-16,5.05%,66
2020-07-17,5.05%,67
2020-07-18,5.05%,68
2020-07-19,5.05%,69
2020-07-20,5.05%,70
2020-07-21,5.05%,71
2020-07-22,5.05%,72
2020-07-23,5.05%,73
2020-07-24,5.05%,74
2020-07-25,5.05%,75
2020-07-26,5.05%,76
2020-07-27,5.05%,77
2020-07-28,5.05%,78
2020-07-29,5.05%,79
2020-07-30,5.05%,80
2020-07-31,5.05%,81
2020-08-01,5.05%,82
2020-08-02,5.05%,83
2020-08-03,5.05%,84
2020-08-04,5.05%,85
2020-08-05,5.05%,86
2020-08-06,5.05%,87
2020-08-07,5.05%,88
2020-08-08,5.05%,89
2020-08-09,5.05%,90
2020-08-10,5.05%,91
2020-08-11,5.05%,92
2020-08-12,5.05%,93
2020-08-13,5.05%,94
2020-08-14,5.05%,95
2020-08-15,5.05%,96
2020-08-16,5.05%,97
2020-08-17,5.05%,98
2020-08-18,5.05%,99
2020-08-19,5.05%,100
2020-08-20,5.05%,101
2020-08-21,5.05%,102
2020-08-22,5.05%,103
2020-08-23,5.05%,104
2020-08-24,5.05%,105
2020-08-25,5.05%,106
2020-08-26,5.05%,107
2020-08-27,5.05%,108
2020-08-28,5.05%,109
2020-08-29,5.05%,110
2020-08-30,5.05%,111
2020-08-31,5.05%,112
2020-09-01,5.05%,113
2020-09-02,5.05%,114
2020-09-03,5.05%,115
2020-09-04,5.05%,116
2020-09-05,5.05%,117
2020-09-06,5.05%,118
2020-09-07,5.05%,119
2020-09-08,5.05%,120
2020-09-09,5.05%,121
2020-09-10,5.05%,122
2020-09-11,5.05%,123
2020-09-12,5.05%,124
2020-09-13,5.05%,125
2020-09-14,5.05%,126
2020-09-15,5.05%,127
2020-09-16,5.05%,128
2020-09-17,5.05%,129
2020-09-18,5.05%,130
2020-09-19,5.05%,131
2020-09-20,5.05%,132
2020-09-21,5.05%,133
2020-09-22,5.05%,134
2020-09-23,5.05%,135
2020-09-24,5.05%,136
2020-09-25,5.05%,137
2020-09-26,5.05%,138
2020-09-27,5.05%,139
2020-09-28,5.05%,140
2020-09-29,5.05%,141
2020-09-30,5.05%,142
2020-10-01,5.05%,143
2020-10-02,5.05%,144
2020-10-03,5.05%,145
2020-10-04,5.05%,146
2020-10-05,5.05%,147
2020-10-06,5.05%,148
2020-10-07,5.05%,149
2020-10-08,5.05%,150
2020-10-09,5.05%,151
2020-10-10,5.05%,152
2020-10-11,5.05%,153
2020-10-12,5.05%,154
2020-10-13,5.05%,155
2020-10-14,5.05%,156
2020-10-15,5.05%,157
2020-10-16,5.05%,158
2020-10-17,5.05%,159
2020-10-18,5.05%,160
2020-10-19,5.05%,161
2020-10-20,5.05%,162
2020-10-21,5.05%,163
2020-10-22,5.05%,164
2020-10-23,5.05%,165
2020-10-24,5.05%,166
2020-10-25,5.05%,167
2020-10-26,5.05%,168
2020-10-27,5.05%,169
2020-10-28,5.05%,170
2020-10-29,5.05%,171
2020-10-30,5.05%,172
2020-10-31,5.05%,173
2020-11-01,5.05%,174
2020-11-02,5.05%,175
2020-11-03,5.05%,176
2020-11-04,5.05%,177
2020-11-05,5.05%,178
2020-11-06,5.05%,179
2020-11-07,5.05%,180
2020-11-08,5.05%,181
2020-11-09,5.05%,182
2020-11-10,5.05%,183
2020-11-11,5.05%,184
2020-11-12,5.05%,185
2020-11-13,5.05%,186
2020-11-14,5.05%,187
2020-11-15,5.05%,188
2020-11-16,5.05%,189
2020-11-17,5.05%,190
2020-11-18,5.05%,191
2020-11-19,5.05%,192
2020-11-20,5.05%,193
2020-11-21,5.05%,194
2020-11-22,5.05%,195
2020-11-23,5.05%,196
2020-11-24,5.05%,197
2020-11-25,5.05%,198
2020-11-26,5.05%,199
2020-11-27,5.05%,200
2020-11-28,5.05%,201
2020-11-29,5.05%,202
2020-11-30,5.05%,203
2020-12-01,5.05%,204
2020-12-02,5.05%,205
2020-12-03,5.05%,206
2020-12-04,5.05%,207
2020-12-05,5.05%,208
2020-12-06,5.05%,209
2020-12-07,5.05%,210
2020-12-08,5.05%,211
2020-12-09,5.05%,212
2020-12-10,5.05%,213
2020-12-11,5.05%,214
2020-12-12,5.05%,215
2020-12-13,5.05%,216
2020-12-14,5.05%,217
2020-12-15,5.05%,218
2020-12-16,5.05%,219
2020-12-17,5.05%,220
2020-12-18,5.05%,221
2020-12-19,5.05%,222
2020-12-20,5.05%,223
2020-12-21,5.05%,224
2020-12-22,5.05%,225
2020-12-23,5.05%,226
2020-12-24,5.05%,227
2020-12-25,5.05%,228
2020-12-26,5.05%,229
2020-12-27,5.05%,230
2020-12-28,5.05%,231
2020-12-29,5.05%,232
2020-12-30,5.05%,233
2020-12-31,5.05%,234
2021-01-01,5.05%,235
2021-01-02,5.05%,236
2021-01-03,5.05%,237
2021-01-04,5.05%,238
2021-01-05,5.05%,239
2021-01-06,5.05%,240
2021-01-07,5.05%,241
2021-01-08,5.05%,242
2021-01-09,5.05%,243
2021-01-10,5.05%,244
2021-01-11,5.05%,245
2021-01-12,5.05%,246
2021-01-13,5.05%,247
2021-01-14,5.05%,248
2021-01-15,5.05%,249
2021-01-16,5.05%,250
2021-01-17,5.05%,251
2021-01-18,5.05%,252
2021-01-19,5.05%,253
2021-01-20,5.05%,254
2021-01-21,5.05%,255
2021-01-22,5.05%,256
2021-01-23,5.05%,257
2021-01-24,5.05%,258
2021-01-25,5.05%,259
2021-01-26,5.05%,260
2021-01-27,5.05%,261
2021-01-28,5.05%,262
2021-01-29,5.05%,263
2021-01-30,5.05%,264
2021-01-31,5.05%,265
2021-02-01,5.05%,266
2021-02-02,5.05%,267
2021-02-03,5.05%,268
2021-02-04,5.05%,269
2021-02-05,5.05%,270
2021-02-06,5.05%,271
2021-02-07,5.05%,272
2021-02-08,5.05%,273
2021-02-09,5.05%,274
2021-02-10,5.05%,275
2021-02-11,5.05%,276
2021-02-12,5.05%,277
2021-02-13,5.05%,278
2021-02-14,5.05%,279
2021-02-15,5.05%,280
2021-02-16,5.05%,281
2021-02-17,5.05%,282
2021-02-18,5.05%,283
2021-02-19,5.05%,284
2021-02-20,5.05%,285
2021-02-21,5.05%,286
2021-02-22,5.05%,287
2021-02-23,5.05%,288
2021-02-24,5.05%,289
2021-02-25,5.05%,290
2021-02-26,5.05%,291
2021-02-27,5.05%,292
2021-02-28,5.05%,293
2021-03-01,5.05%,294
2021-03-02,5.05%,295
2021-03-03,5.05%,296
2021-03-04,5.05%,297
2021-03-05,5.05%,298
2021-03-06,5.05%,299
2021-03-07,5.05%,300
2021-03-08,5.05%,301
2021-03-09,5.05%,302
2021-03-10,5.05%,303
2021-03-11,5.05%,304
2021-03-12,5.05%,305
2021-03-13,5.05%,306
2021-03-14,5.05%,307
2021-03-15,5.05%,308
2021-03-16,5.05%,309
2021-03-17,5.05%,310
2021-03-18,5.05%,311
2021-03-19,5.05%,312
2021-03-20,5.05%,313
2021-03-21,5.05%,314
2021-03-22,5.05%,315
2021-03-23,5.05%,316
2021-03-24,5.05%,317
2021-03-25,5.05%,318
2021-03-26,5.05%,319
2021-03-27,5.05%,320
2021-03-28,5.05%,321
2021-03-29,5.05%,322
2021-03-30,5.05%,323
2021-03-31,5.05%,324
2021-04-01,5.05%,325
2021-04-02,5.05%,326
2021-04-03,5.05%,327
2021-04-04,5.05%,328
2021-04-05,5.05%,329
2021-04-06,5.05%,330
2021-04-07,5.05%,331
2021-04-08,5.05%,332
2021-04-09,5.05%,333
2021-04-10,5.05%,334
2021-04-11,5.05%,335
2021-04-12,5.05%,336
2021-04-13,5.05%,337
2021-04-14,5.05%,338
2021-04-15,5.05%,339
2021-04-16,5.05%,340
2021-04-17,5.05%,341
2021-04-18,5.05%,342
2021-04-19,5.05%,343
2021-04-20,5.05%,344
2021-04-21,5.05%,345
2021-04-22,5.05%,346
2021-04-23,5.05%,347
2021-04-24,5.05%,348
2021-04-25,5.05%,349
2021-04-26,5.05%,350
2021-04-27,5.05%,351
2021-04-28,5.05%,352
2021-04-29,5.05%,353
2021-04-30,5.05%,354
2021-05-01,5.05%,355
2021-05-02,-0.42%,0
2021-05-03,-0.42%,1
2021-05-04,-0.42%,2
2021-05-05,-0.96%,0
2021-05-06,-0.96%,1
2021-05-07,-0.96%,2
2021-05-08,3.31%,0
2021-05-09,3.31%,1
2021-05-10,3.31%,2
2021-05-11,1.55%,0
2021-05-12,1.55%,1
2021-05-13,1.55%,2
2021-05-14,1.55%,3
2021-05-15,1.55%,4
2021-05-16,1.55%,5
2021-05-17,1.55%,6
2021-05-18,1.55%,7
2021-05-19,1.55%,8
2021-05-20,1.55%,9
2021-05-21,1.55%,10
2021-05-22,1.55%,11
2021-05-23,1.55%,12
2021-05-24,1.55%,13
2021-05-25,1.55%,14
2021-05-26,1.55%,15
2021-05-27,1.55%,16
2021-05-28,1.55%,17
2021-05-29,1.55%,18
2021-05-30,1.55%,19
2021-05-31,1.55%,20
2021-06-01,1.55%,21
2021-06-02,1.55%,22
2021-06-03,1.55%,23
2021-06-04,1.55%,24
2021-06-05,1.55%,25
2021-06-06,1.55%,26
2021-06-07,1.55%,27
2021-06-08,1.55%,28
2021-06-09,1.55%,29
2021-06-10,1.55%,30
2021-06-11,1.55%,31
2021-06-12,1.55%,32
2021-06-13,1.55%,33
2021-06-14,1.55%,34
2021-06-15,1.55%,35
2021-06-16,1.55%,36
2021-06-17,1.55%,37
2021-06-18,1.55%,38
2021-06-19,1.55%,39
2021-06-20,1.55%,40
2021-06-21,1.55%,41
2021-06-22,1.55%,42
2021-06-23,1.55%,43
2021-06-24,1.55%,44
2021-06-25,1.55%,45
2021-06-26,1.55%,46
2021-06-27,1.55%,47
2021-06-28,1.55%,48
2021-06-29,1.55%,49
2021-06-30,1.55%,50
2021-07-01,1.55%,51
2021-07-02,1.55%,52
2021-07-03,1.55%,53
2021-07-04,1.55%,54
2021-07-05,1.55%,55
2021-07-06,1.55%,56
2021-07-07,1.55%,57
2021-07-08,1.55%,58
2021-07-09,1.55%,59
2021-07-10,1.55%,60
2021-07-11,1.55%,61
2021-07-12,1.55%,62
2021-07-13,1.55%,63
2021-07-14,1.55%,64
2021-07-15,1.55%,65
2021-07-16,1.55%,66
2021-07-17,1.55%,67
2021-07-18,1.55%,68
2021-07-19,1.55%,69
2021-07-20,1.55%,70
2021-07-21,1.55%,71
2021-07-22,1.55%,72
2021-07-23,1.55%,73
2021-07-24,1.55%,74
2021-07-25,1.55%,75
2021-07-26,1.55%,76
2021-07-27,1.55%,77
2021-07-28,1.55%,78
2021-07-29,1.55%,79
2021-07-30,1.55%,80
2021-07-31,1.55%,81
2021-08-01,1.55%,82
2021-08-02,1.55%,83
2021-08-03,1.55%,84
2021-08-04,1.55%,85
2021-08-05,1.55%,86
2021-08-06,1.55%,87
2021-08-07,1.55%,88
2021-08-08,1.55%,89
2021-08-09,1.55%,90
2021-08-10,1.55%,91
2021-08-11,1.55%,92
2021-08-12,1.55%,93
2021-08-13,1.55%,94
2021-08-14,1.55%,95
2021-08-15,1.55%,96
2021-08-16,1.55%,97
2021-08-17,1.55%,98
2021-08-18,1.55%,99
2021-08-19,1.55%,100
2021-08-20,1.55%,101
2021-08-21,1.55%,102
2021-08-22,1.55%,103
2021-08-23,1.55%,104
2021-08-24,1.55%,105
2021-08-25,1.55%,106
2021-08-26,1.55%,107
2021-08-27,1.55%,108
2021-08-28,1.55%,109
2021-08-29,1.55%,110
2021-08-30,1.55%,111
2021-08-31,1.55%,112
2021-09-01,1.55%,113
2021-09-02,1.55%,114
2021-09-03,1.55%,115
2021-09-04,1.55%,116
2021-09-05,1.55%,117
2021-09-06,1.55%,118
2021-09-07,1.55%,119
2021-09-08,1.55%,120
2021-09-09,1.55%,121
2021-09-10,1.55%,122
2021-09-11,1.55%,123
2021-09-12,1.55%,124
2021-09-13,1.55%,125
2021-09-14,1.55%,126
2021-09-15,1.55%,127
2021-09-16,1.55%,128
2021-09-17,1.55%,129
2021-09-18,1.55%,130
2021-09-19,1.55%,131
2021-09-20,1.55%,132
2021-09-21,1.55%,133
2021-09-22,1.55%,134
2021-09-23,1.55%,135
2021-09-24,1.55%,136
2021-09-25,1.55%,137
2021-09-26,1.55%,138
2021-09-27,1.55%,139
2021-09-28,1.55%,140
2021-09-29,1.55%,141
2021-09-30,1.55%,142
2021-10-01,1.55%,143
2021-10-02,1.55%,144
2021-10-03,1.55%,145
2021-10-04,1.55%,146
2021-10-05,1.55%,147
2021-10-06,1.55%,148
2021-10-07,1.55%,149
2021-10-08,1.55%,150
2021-10-09,1.55%,151
2021-10-10,1.55%,152
2021-10-11,1.55%,153
2021-10-12,1.55%,154
2021-10-13,1.55%,155
2021-10-14,1.55%,156
2021-10-15,1.55%,157
2021-10-16,1.55%,158
2021-10-17,1.55%,159
2021-10-18,1.55%,160
2021-10-19,1.55%,161
2021-10-20,1.55%,162
2021-10-21,1.55%,163
2021-10-22,1.55%,164
2021-10-23,1.55%,165
2021-10-24,1.55%,166
2021-10-25,1.55%,167
2021-10-26,1.55%,168
2021-10-27,1.55%,169
2021-10-28,1.55%,170
2021-10-29,1.55%,171
2021-10-30,1.55%,172
2021-10-31,1.55%,173
2021-11-01,1.55%,174
2021-11-02,1.55%,175
2021-11-03,1.55%,176
2021-11-04,1.55%,177
2021-11-05,1.55%,178
2021-11-06,1.55%,179
2021-11-07,1.55%,180
2021-11-08,1.55%,181
2021-11-09,1.55%,182
2021-11-10,1.55%,183
2021-11-11,1.55%,184
2021-11-12,1.55%,185
2021-11-13,1.55%,186
2021-11-14,1.55%,187
2021-11-15,1.55%,188
2021-11-16,1.55%,189
2021-11-17,1.55%,190
2021-11-18,1.55%,191
2021-11-19,1.55%,192
2021-11-20,1.55%,193
2021-11-21,1.55%,194
2021-11-22,1.55%,195
2021-11-23,1.55%,196
2021-11-24,1.55%,197
2021-11-25,1.55%,198
2021-11-26,1.55%,199
2021-11-27,1.55%,200
2021-11-28,1.55%,201
2021-11-29,1.55%,202
2021-11-30,1.55%,203
2021-12-01,1.55%,204
2021-12-02,1.55%,205
2021-12-03,1.55%,206
2021-12-04,1.55%,207
2021-12-05,1.55%,208
2021-12-06,1.55%,209
2021-12-07,1.55%,210
2021-12-08,1.55%,211
2021-12-09,1.55%,212
2021-12-10,1.55%,213
2021-12-11,1.55%,214
2021-12-12,1.55%,215
2021-12-13,1.55%,216
2021-12-14,1.55%,217
2021-12-15,1.55%,218
2021-12-16,1.55%,219
2021-12-17,1.55%,220
2021-12-18,1.55%,221
2021-12-19,1.55%,222
2021-12-20,1.55%,223
2021-12-21,1.55%,224
2021-12-22,1.55%,225
2021-12-23,1.55%,226
2021-12-24,1.55%,227
2021-12-25,1.55%,228
2021-12-26,1.55%,229
2021-12-27,1.55%,230
2021-12-28,1.55%,231
2021-12-29,1.55%,232
2021-12-30,1.55%,233
2021-12-31,1.55%,234
2022-01-01,1.55%,235
2022-01-02,1.55%,236
2022-01-03,1.55%,237
2022-01-04,1.55%,238
2022-01-05,1.55%,239
2022-01-06,1.55%,240
2022-01-07,1.55%,241
2022-01-08,1.55%,242
2022-01-09,1.55%,243
2022-01-10,1.55%,244
2022-01-11,1.55%,245
2022-01-12,1.55%,246
2022-01-13,1.55%,247
2022-01-14,1.55%,248
2022-01-15,1.55%,249
2022-01-16,1.55%,250
2022-01-17,1.55%,251
2022-01-18,1.55%,252
2022-01-19,1.55%,253
2022-01-20,1.55%,254
2022-01-21,1.55%,255
2022-01-22,1.55%,256
2022-01-23,1.55%,257
2022-01-24,1.55%,258
2022-01-25,1.55%,259
2022-01-26,1.55%,260
2022-01-27,1.55%,261
2022-01-28,1.55%,262
2022-01-29,1.55%,263
2022-01-30,1.55%,264
2022-01-31,1.55%,265
2022-02-01,1.55%,266
2022-02-02,1.55%,267
2022-02-03,1.55%,268
2022-02-04,1.55%,269
2022-02-05,1.55%,270
2022-02-06,1.55%,271
2022-02-07,1.55%,272
2022-02-08,1.55%,273
2022-02-09,1.55%,274
2022-02-10,1.55%,275
2022-02-11,1.55%,276
2022-02-12,1.55%,277
2022-02-13,1.55%,278
2022-02-14,1.55%,279
2022-02-15,1.55%,280
2022-02-16,1.55%,281
2022-02-17,1.55%,282
2022-02-18,1.55%,283
2022-02-19,1.55%,284
2022-02-20,1.55%,285
2022-02-21,1.55%,286
2022-02-22,1.55%,287
2022-02-23,1.55%,288
2022-02-24,1.55%,289
2022-02-25,1.55%,290
2022-02-26,1.55%,291
2022-02-27,1.55%,292
2022-02-28,1.55%,293
2022-03-01,1.55%,294
2022-03-02,1.55%,295
2022-03-03,1.55%,296
2022-03-04,1.55%,297
2022-03-05,1.55%,298
2022-03-06,1.55%,299
2022-03-07,1.55%,300
2022-03-08,1.55%,301
2022-03-09,1.55%,302
2022-03-10,1.55%,303
2022-03-11,1.55%,304
2022-03-12,1.55%,305
2022-03-13,1.55%,306
2022-03-14,1.55%,307
2022-03-15,1.55%,308
2022-03-16,1.55%,309
2022-03-17,1.55%,310
2022-03-18,1.55%,311
2022-03-19,1.55%,312
2022-03-20,1.55%,313
2022-03-21,1.55%,314
2022-03-22,1.55%,315
2022-03-23,1.55%,316
2022-03-24,1.55%,317
2022-03-25,1.55%,318
2022-03-26,1.55%,319
2022-03-27,1.55%,320
2022-03-28,1.55%,321
2022-03-29,1.55%,322
2022-03-30,1.55%,323
2022-03-31,1.55%,324
2022-04-01,1.55%,325
2022-04-02,1.55%,326
2022-04-03,1.55%,327
2022-04-04,1.55%,328
2022-04-05,1.55%,329
2022-04-06,1.55%,330
2022-04-07,1.55%,331
2022-04-08,1.55%,332
2022-04-09,1.55%,333
2022-04-10,1.55%,334
2022-04-11,1.55%,335
2022-04-12,1.55%,336
2022-04-13,1.55%,337
2022-04-14,1.55%,338
2022-04-15,1.55%,339
2022-04-16,1.55%,340
2022-04-17,1.55%,341
2022-04-18,1.55%,342
2022-04-19,1.55%,343
2022-04-20,1.55%,344
2022-04-21,1.55%,345
2022-04-22,1.55%,346
2022-04-23,1.55%,347
2022-04-24,1.55%,348
2022-04-25,1.55%,349
2022-04-26,1.55%,350
2022-04-27,1.55%,351
2022-04-28,1.55%,352
2022-04-29,1.55%,353
2022-04-30,1.55%,354
2022-05-01,1.55%,355
2022-05-02,1.55%,356
2022-05-03,1.55%,357
2022-05-04,1.55%,358
2022-05-05,1.55%,359
2022-05-06,1.55%,360
2022-05-07,1.55%,361
2022-05-08,3.72%,0
2022-05-09,3.72%,1
2022-05-10,3.72%,2
2022-05-11,3.72%,3
2022-05-12,3.72%,4
2022-05-13,3.72%,5
2022-05-14,3.72%,6
2022-05-15,3.72%,7
2022-05-16,3.72%,8
2022-05-17,3.72%,9
2022-05-18,3.72%,10
2022-05-19,3.72%,11
2022-05-20,3.72%,12
2022-05-21,3.72%,13
2022-05-22,3.72%,14
2022-05-23,3.72%,15
2022-05-24,3.72%,16
2022-05-25,3.72%,17
2022-05-26,3.72%,18
2022-05-27,3.72%,19
2022-05-28,3.72%,20
2022-05-29,3.72%,21
2022-05-30,3.72%,22
2022-05-31,3.72%,23
2022-06-01,3.72%,24
2022-06-02,3.72%,25
2022-06-03,3.72%,26
2022-06-04,3.72%,27
2022-06-05,3.72%,28
2022-06-06,3.72%,29
2022-06-07,3.72%,30
2022-06-08,3.72%,31
2022-06-09,3.72%,32
2022-06-10,3.72%,33
2022-06-11,3.72%,34
2022-06-12,3.72%,35
2022-06-13,3.72%,36
2022-06-14,3.72%,37
2022-06-15,3.72%,38
2022-06-16,3.72%,39
2022-06-17,3.72%,40
2022-06-18,3.72%,41
2022-06-19,3.72%,42
2022-06-20,3.72%,43
2022-06-21,3.72%,44
2022-06-22,3.72%,45
2022-06-23,3.72%,46
2022-06-24,3.72%,47
2022-06-25,3.72%,48
2022-06-26,3.72%,49
2022-06-27,3.72%,50
2022-06-28,3.72%,51
2022-06-29,3.72%,52
2022-06-30,3.72%,53
2022-07-01,3.72%,54
2022-07-02,1.06%,0
2022-07-03,1.06%,1
2022-07-04,1.06%,2
2022-07-05,1.06%,3
2022-07-06,1.06%,4
2022-07-07,1.06%,5
2022-07-08,1.06%,6
2022-07-09,1.06%,7
2022-07-10,1.06%,8
2022-07-11,1.81%,0
2022-07-12,1.81%,1
2022-07-13,1.81%,2
2022-07-14,1.81%,3
2022-07-15,1.81%,4
2022-07-16,1.81%,5
2022-07-17,1.81%,6
2022-07-18,1.81%,7
2022-07-19,1.81%,8
2022-07-20,1.81%,9
2022-07-21,1.81%,10
2022-07-22,1.81%,11
2022-07-23,1.81%,12
2022-07-24,1.81%,13
2022-07-25,1.81%,14
2022-07-26,1.81%,15
2022-07-27,1.81%,16
2022-07-28,1.81%,17
2022-07-29,1.81%,18
2022-07-30,1.81%,19
2022-07-31,1.81%,20
2022-08-01,1.81%,21
2022-08-02,1.81%,22
2022-08-03,1.81%,23
2022-08-04,1.81%,24
2022-08-05,1.81%,25
2022-08-06,1.81%,26
2022-08-07,1.81%,27
2022-08-08,1.81%,28
2022-08-09,1.81%,29
2022-08-10,1.81%,30
2022-08-11,1.81%,31
2022-08-12,1.81%,32
2022-08-13,1.81%,33
2022-08-14,1.81%,34
2022-08-15,1.81%,35
2022-08-16,1.81%,36
2022-08-17,1.81%,37
2022-08-18,1.81%,38
2022-08-19,1.81%,39
2022-08-20,1.81%,40
2022-08-21,1.81%,41
2022-08-22,1.81%,42
2022-08-23,1.81%,43
2022-08-24,1.81%,44
2022-08-25,1.81%,45
2022-08-26,1.81%,46
2022-08-27,1.81%,47
2022-08-28,1.81%,48
2022-08-29,1.81%,49
2022-08-30,1.81%,50
2022-08-31,1.81%,51
2022-09-01,1.81%,52
2022-09-02,1.81%,53
2022-09-03,1.81%,54
2022-09-04,1.81%,55
2022-09-05,-0.96%,0
2022-09-06,-0.96%,1
2022-09-07,-0.96%,2
2022-09-08,-0.96%,3
2022-09-09,-0.96%,4
2022-09-10,-0.96%,5
2022-09-11,-0.96%,6
2022-09-12,-0.96%,7
2022-09-13,-0.96%,8
2022-09-14,-0.96%,9
2022-09-15,-0.96%,10
2022-09-16,-0.96%,11
2022-09-17,-0.96%,12
2022-09-18,-0.96%,13
2022-09-19,-0.96%,14
2022-09-20,-0.96%,15
2022-09-21,-0.96%,16
2022-09-22,-0.96%,17
2022-09-23,-0.96%,18
2022-09-24,-0.96%,19
2022-09-25,-0.96%,20
2022-09-26,-0.96%,21
2022-09-27,-0.96%,22
2022-09-28,-0.96%,23
2022-09-29,-0.96%,24
2022-09-30,-0.96%,25
2022-10-01,-0.96%,26
2022-10-02,-0.96%,27
2022-10-03,-0.96%,28
2022-10-04,-0.96%,29
2022-10-05,-0.96%,30
2022-10-06,-0.96%,31
2022-10-07,-0.96%,32
2022-10-08,-0.96%,33
2022-10-09,-0.96%,34
2022-10-10,-0.96%,35
2022-10-11,-0.96%,36
2022-10-12,-0.96%,37
2022-10-13,-0.96%,38
2022-10-14,-0.96%,39
2022-10-15,-0.96%,40
2022-10-16,-0.96%,41
2022-10-17,-0.96%,42
2022-10-18,-0.96%,43
2022-10-19,-0.96%,44
2022-10-20,-0.96%,45
2022-10-21,-0.96%,46
2022-10-22,-0.96%,47
2022-10-23,-0.96%,48
2022-10-24,-0.96%,49
2022-10-25,-0.96%,50
2022-10-26,-0.96%,51
2022-10-27,-0.96%,52
2022-10-28,-0.96%,53
2022-10-29,-0.96%,54
2022-10-30,-0.96%,55
2022-10-31,-0.96%,56
2022-11-01,-0.96%,57
2022-11-02,-0.96%,58
2022-11-03,-0.96%,59
2022-11-04,-0.96%,60
2022-11-05,-0.96%,61
2022-11-06,-0.96%,62
2022-11-07,-0.96%,63
2022-11-08,-0.96%,64
2022-11-09,-0.96%,65
2022-11-10,-0.96%,66
2022-11-11,-0.96%,67
2022-11-12,-0.96%,68
2022-11-13,-0.96%,69
2022-11-14,-0.96%,70
2022-11-15,-0.96%,71
2022-11-16,-0.96%,72
2022-11-17,-0.96%,73
2022-11-18,-0.96%,74
2022-11-19,-0.96%,75
2022-11-20,-0.96%,76
2022-11-21,-0.96%,77
2022-11-22,-0.96%,78
2022-11-23,-0.96%,79
2022-11-24,-0.96%,80
2022-11-25,-0.96%,81
2022-11-26,-0.96%,82
2022-11-27,-0.96%,83
2022-11-28,-0.96%,84
2022-11-29,-0.96%,85
2022-11-30,-0.96%,86
2022-12-01,-0.96%,87
2022-12-02,-0.96%,88
2022-12-03,-0.96%,89
2022-12-04,-0.96%,90
2022-12-05,-0.96%,91
2022-12-06,-0.96%,92
2022-12-07,-0.96%,93
2022-12-08,-0.96%,94
2022-12-09,-0.96%,95
2022-12-10,-0.96%,96
2022-12-11,-0.96%,97
2022-12-12,-0.96%,98
2022-12-13,-0.96%,99
2022-12-14,-0.96%,100
2022-12-15,-0.96%,101
2022-12-16,-0.96%,102
2022-12-17,-0.96%,103
2022-12-18,-0.96%,104
2022-12-19,-0.96%,105
2022-12-20,-0.96%,106
2022-12-21,-0.96%,107
2022-12-22,-0.96%,108
2022-12-23,-0.96%,109
2022-12-24,-0.96%,110
2022-12-25,-0.96%,111
2022-12-26,-0.96%,112
2022-12-27,-0.96%,113
2022-12-28,-0.96%,114
2022-12-29,-0.96%,115
2022-12-30,-0.96%,116
2022-12-31,-0.96%,117
2023-01-01,-0.96%,118
2023-01-02,-0.96%,119
2023-01-03,-0.96%,120
2023-01-04,-0.96%,121
2023-01-05,-0.96%,122
2023-01-06,-0.96%,123
2023-01-07,-0.96%,124
2023-01-08,-0.96%,125
2023-01-09,-0.96%,126
2023-01-10,-0.96%,127
2023-01-11,-0.96%,128
2023-01-12,-0.96%,129
2023-01-13,-0.96%,130
2023-01-14,-0.96%,131
2023-01-15,-0.96%,132
2023-01-16,-0.96%,133
2023-01-17,-0.96%,134
2023-01-18,-0.96%,135
2023-01-19,-0.96%,136
2023-01-20,-0.96%,137
2023-01-21,-0.96%,138
2023-01-22,-0.96%,139
2023-01-23,-0.96%,140
2023-01-24,-0.96%,141
2023-01-25,-0.96%,142
2023-01-26,-0.96%,143
2023-01-27,-0.96%,144
2023-01-28,-0.96%,145
2023-01-29,-0.96%,146
2023-01-30,-0.96%,147
2023-01-31,-0.96%,148
2023-02-01,-0.96%,149
2023-02-02,-0.96%,150
2023-02-03,-0.96%,151
2023-02-04,-0.96%,152
2023-02-05,-0.96%,153
2023-02-06,-0.96%,154
2023-02-07,-0.96%,155
2023-02-08,-0.96%,156
2023-02-09,-0.96%,157
2023-02-10,-0.96%,158
2023-02-11,-0.96%,159
2023-02-12,-0.96%,160
2023-02-13,-0.96%,161
2023-02-14,-0.96%,162
2023-02-15,-0.96%,163
2023-02-16,-0.96%,164
2023-02-17,-0.96%,165
2023-02-18,-0.96%,166
2023-02-19,-0.96%,167
2023-02-20,-0.96%,168
2023-02-21,-0.96%,169
2023-02-22,-0.96%,170
2023-02-23,-0.96%,171
2023-02-24,-0.96%,172
2023-02-25,-0.96%,173
2023-02-26,-0.96%,174
2023-02-27,-0.96%,175
2023-02-28,-0.96%,176
2023-03-01,-0.96%,177
2023-03-02,-0.96%,178
2023-03-03,-0.96%,179
2023-03-04,-0.96%,180
2023-03-05,-0.96%,181
2023-03-06,-0.96%,182
2023-03-07,-0.96%,183
2023-03-08,-0.96%,184
2023-03-09,-0.96%,185
2023-03-10,-0.96%,186
2023-03-11,-0.96%,187
2023-03-12,-0.96%,188
2023-03-13,-0.96%,189
2023-03-14,-0.96%,190
2023-03-15,-0.96%,191
2023-03-16,-0.96%,192
2023-03-17,-0.96%,193
2023-03-18,-0.96%,194
2023-03-19,-0.96%,195
2023-03-20,-0.96%,196
2023-03-21,-0.96%,197
2023-03-22,-0.96%,198
2023-03-23,-0.96%,199
2023-03-24,-0.96%,200
2023-03-25,-0.96%,201
2023-03-26,-0.96%,202
2023-03-27,-0.96%,203
2023-03-28,-0.96%,204
2023-03-29,-0.96%,205
2023-03-30,-0.96%,206
2023-03-31,-0.96%,207
2023-04-01,-0.96%,208
2023-04-02,-0.96%,209
2023-04-03,-0.96%,210
2023-04-04,-0.96%,211
2023-04-05,-0.96%,212
2023-04-06,-0.96%,213
2023-04-07,-0.96%,214
2023-04-08,-0.96%,215
2023-04-09,-0.96%,216
2023-04-10,-0.96%,217
2023-04-11,-0.96%,218
2023-04-12,-0.96%,219
2023-04-13,-0.96%,220
2023-04-14,-0.96%,221
2023-04-15,-0.96%,222
2023-04-16,-0.96%,223
2023-04-17,-0.96%,224
2023-04-18,-0.96%,225
2023-04-19,-0.96%,226
2023-04-20,-0.96%,227
2023-04-21,-0.96%,228
2023-04-22,-0.96%,229
2023-04-23,-0.96%,230
2023-04-24,-0.96%,231
2023-04-25,-0.96%,232
2023-04-26,-0.96%,233
2023-04-27,-0.96%,234
2023-04-28,-0.96%,235
2023-04-29,-0.96%,236
2023-04-30,-0.96%,237
2023-05-01,-0.96%,238
2023-05-02,-0.96%,239
2023-05-03,-0.96%,240
2023-05-04,-0.96%,241
2023-05-05,-0.92%,0
2023-05-06,-0.92%,1
2023-05-07,-0.92%,2
2023-05-08,-0.92%,3
2023-05-09,-0.92%,4
2023-05-10,-0.92%,5
2023-05-11,-0.92%,6
2023-05-12,-0.92%,7
2023-05-13,-0.92%,8
2023-05-14,-0.92%,9
2023-05-15,-0.92%,10
2023-05-16,-0.92%,11
2023-05-17,-0.92%,12
2023-05-18,-0.92%,13
2023-05-19,-0.92%,14
2023-05-20,-0.92%,15
2023-05-21,-0.92%,16
2023-05-22,-0.92%,17
2023-05-23,-0.92%,18
2023-05-24,-0.92%,19
2023-05-25,-0.92%,20
2023-05-26,-0.92%,21
2023-05-27,-0.92%,22
2023-05-28,-0.92%,23
2023-05-29,-0.92%,24
2023-05-30,-0.92%,25
2023-05-31,-0.92%,26
2023-06-01,-0.92%,27
2023-06-02,0.36%,0
2023-06-03,0.36%,1
2023-06-04,0.36%,2
2023-06-05,0.36%,3
2023-06-06,0.36%,4
2023-06-07,0.36%,5
2023-06-08,0.36%,6
2023-06-09,0.36%,7
2023-06-10,0.36%,8
2023-06-11,1.60%,0
2023-06-12,1.60%,1
2023-06-13,1.60%,2
2023-06-14,1.60%,3
2023-06-15,1.60%,4
2023-06-16,1.60%,5
2023-06-17,1.60%,6
2023-06-18,1.60%,7
2023-06-19,1.60%,8
2023-06-20,1.60%,9
2023-06-21,1.60%,10
2023-06-22,1.60%,11
2023-06-23,1.60%,12
2023-06-24,1.60%,13
2023-06-25,1.60%,14
2023-06-26,1.60%,15
2023-06-27,1.60%,16
2023-06-28,1.60%,17
2023-06-29,1.60%,18
2023-06-30,1.60%,19
2023-07-01,1.60%,20
2023-07-02,1.60%,21
2023-07-03,1.60%,22
2023-07-04,1.60%,23
2023-07-05,1.60%,24
2023-07-06,1.60%,25
2023-07-07,1.60%,26
2023-07-08,3.86%,0
2023-07-09,3.86%,1
2023-07-10,3.86%,2
2023-07-11,3.86%,3
2023-07-12,3.86%,4
2023-07-13,3.86%,5
2023-07-14,3.86%,6
2023-07-15,3.86%,7
2023-07-16,3.86%,8
2023-07-17,3.86%,9
2023-07-18,3.86%,10
2023-07-19,3.86%,11
2023-07-20,3.86%,12
2023-07-21,3.86%,13
2023-07-22,3.86%,14
2023-07-23,3.86%,15
2023-07-24,3.86%,16
2023-07-25,3.86%,17
2023-07-26,3.86%,18
2023-07-27,3.86%,19
2023-07-28,3.86%,20
2023-07-29,3.86%,21
2023-07-30,3.86%,22
2023-07-31,3.86%,23
2023-08-01,3.86%,24
2023-08-02,3.86%,25
2023-08-03,3.86%,26
2023-08-04,3.86%,27
2023-08-05,3.86%,28
2023-08-06,3.86%,29
2023-08-07,3.86%,30
2023-08-08,3.86%,31
2023-08-09,3.86%,32
2023-08-10,3.86%,33
2023-08-11,3.86%,34
2023-08-12,3.86%,35
2023-08-13,3.86%,36
2023-08-14,3.86%,37
2023-08-15,3.86%,38
2023-08-16,3.86%,39
2023-08-17,3.86%,40
2023-08-18,3.86%,41
2023-08-19,3.86%,42
2023-08-20,3.86%,43
2023-08-21,3.86%,44
2023-08-22,3.86%,45
2023-08-23,3.86%,46
2023-08-24,3.86%,47
2023-08-25,3.86%,48
2023-08-26,3.86%,49
2023-08-27,3.86%,50
2023-08-28,3.86%,51
2023-08-29,3.86%,52
2023-08-30,3.86%,53
2023-08-31,3.86%,54
2023-09-01,3.86%,55
2023-09-02,3.86%,56
2023-09-03,3.86%,57
2023-09-04,3.86%,58
2023-09-05,3.86%,59
2023-09-06,3.86%,60
2023-09-07,3.86%,61
2023-09-08,3.86%,62
2023-09-09,3.86%,63
2023-09-10,3.86%,64
2023-09-11,3.86%,65
2023-09-12,3.86%,66
2023-09-13,3.86%,67
2023-09-14,3.86%,68
2023-09-15,3.86%,69
2023-09-16,3.86%,70
2023-09-17,3.86%,71
2023-09-18,3.86%,72
2023-09-19,3.86%,73
2023-09-20,3.86%,74
2023-09-21,3.86%,75
2023-09-22,3.86%,76
2023-09-23,3.86%,77
2023-09-24,3.86%,78
2023-09-25,3.86%,79
2023-09-26,3.86%,80
2023-09-27,3.86%,81
2023-09-28,3.86%,82
2023-09-29,3.86%,83
2023-09-30,3.86%,84
2023-10-01,3.86%,85
2023-10-02,3.86%,86
2023-10-03,3.86%,87
2023-10-04,3.86%,88
2023-10-05,3.86%,89
2023-10-06,3.86%,90
2023-10-07,3.86%,91
2023-10-08,3.86%,92
2023-10-09,3.86%,93
2023-10-10,3.86%,94
2023-10-11,3.86%,95
2023-10-12,3.86%,96
2023-10-13,3.86%,97
2023-10-14,3.86%,98
2023-10-15,3.86%,99
2023-10-16,3.86%,100
2023-10-17,3.86%,101
2023-10-18,3.86%,102
2023-10-19,3.86%,103
2023-10-20,3.86%,104
2023-10-21,3.86%,105
2023-10-22,3.86%,106
2023-10-23,3.86%,107
2023-10-24,3.86%,108
2023-10-25,3.86%,109
2023-10-26,3.86%,110
2023-10-27,3.86%,111
2023-10-28,3.86%,112
2023-10-29,3.86%,113
2023-10-30,3.86%,114
2023-10-31,3.86%,115
2023-11-01,3.86%,116
2023-11-02,3.86%,117
2023-11-03,3.86%,118
2023-11-04,3.86%,119
2023-11-05,3.86%,120
2023-11-06,3.86%,121
2023-11-07,3.86%,122
2023-11-08,3.86%,123
2023-11-09,3.86%,124
2023-11-10,3.86%,125
2023-11-11,3.86%,126
2023-11-12,3.86%,127
2023-11-13,3.86%,128
2023-11-14,3.86%,129
2023-11-15,3.86%,130
2023-11-16,3.86%,131
2023-11-17,3.86%,132
2023-11-18,3.86%,133
2023-11-19,3.86%,134
2023-11-20,3.86%,135
2023-11-21,3.86%,136
2023-11-22,3.86%,137
2023-11-23,3.86%,138
2023-11-24,3.86%,139
2023-11-25,3.86%,140
2023-11-26,3.86%,141
2023-11-27,3.86%,142
2023-11-28,3.86%,143
2023-11-29,3.86%,144
2023-11-30,3.86%,145
2023-12-01,3.86%,146
2023-12-02,3.86%,147
2023-12-03,3.86%,148
2023-12-04,3.86%,149
2023-12-05,3.86%,150
2023-12-06,3.86%,151
2023-12-07,3.86%,152
2023-12-08,3.86%,153
2023-12-09,3.86%,154
2023-12-10,3.86%,155
2023-12-11,3.86%,156
2023-12-12,3.86%,157
2023-12-13,3.86%,158
2023-12-14,3.86%,159
2023-12-15,3.86%,160
2023-12-16,3.86%,161
2023-12-17,3.86%,162
2023-12-18,3.86%,163
2023-12-19,3.86%,164
2023-12-20,3.86%,165
2023-12-21,3.86%,166
2023-12-22,3.86%,167
2023-12-23,3.86%,168
2023-12-24,3.86%,169
2023-12-25,3.86%,170
2023-12-26,3.86%,171
2023-12-27,3.86%,172
2023-12-28,3.86%,173
2023-12-29,3.86%,174
2023-12-30,3.86%,175
2023-12-31,3.86%,176
2024-01-01,3.86%,177
2024-01-02,3.86%,178
2024-01-03,3.86%,179
2024-01-04,3.86%,180
2024-01-05,3.86%,181
2024-01-06,3.86%,182
2024-01-07,3.86%,183
2024-01-08,3.86%,184
2024-01-09,3.86%,185
2024-01-10,3.86%,186
2024-01-11,3.86%,187
2024-01-12,3.86%,188
2024-01-13,3.86%,189
2024-01-14,3.86%,190
2024-01-15,3.86%,191
2024-01-16,3.86%,192
2024-01-17,3.86%,193
2024-01-18,3.86%,194
2024-01-19,3.86%,195
2024-01-20,3.86%,196
2024-01-21,3.86%,197
2024-01-22,3.86%,198
2024-01-23,3.86%,199
2024-01-24,3.86%,200
2024-01-25,3.86%,201
2024-01-26,3.86%,202
2024-01-27,3.86%,203
2024-01-28,3.86%,204
2024-01-29,3.86%,205
2024-01-30,3.86%,206
2024-01-31,3.86%,207
2024-02-01,3.86%,208
2024-02-02,3.86%,209
2024-02-03,3.86%,210
2024-02-04,3.86%,211
2024-02-05,3.86%,212
2024-02-06,3.86%,213
2024-02-07,3.86%,214
2024-02-08,3.86%,215
2024-02-09,3.86%,216
2024-02-10,3.86%,217
2024-02-11,3.86%,218
2024-02-12,3.86%,219
2024-02-13,3.86%,220
2024-02-14,3.86%,221
2024-02-15,3.86%,222
2024-02-16,3.86%,223
2024-02-17,3.86%,224
2024-02-18,3.86%,225
2024-02-19,3.86%,226
2024-02-20,3.86%,227
2024-02-21,3.86%,228
2024-02-22,3.86%,229
2024-02-23,3.86%,230
2024-02-24,3.86%,231
2024-02-25,3.86%,232
2024-02-26,3.86%,233
2024-02-27,3.86%,234
2024-02-28,3.86%,235
2024-02-29,3.86%,236
2024-03-01,3.86%,237
2024-03-02,3.86%,238
2024-03-03,3.86%,239
2024-03-04,3.86%,240
2024-03-05,3.86%,241
2024-03-06,3.86%,242
2024-03-07,3.86%,243
2024-03-08,3.86%,244
2024-03-09,3.86%,245
2024-03-10,3.86%,246
2024-03-11,3.86%,247
2024-03-12,3.86%,248
2024-03-13,3.86%,249
2024-03-14,3.86%,250
2024-03-15,3.86%,251
2024-03-16,3.86%,252
2024-03-17,3.86%,253
2024-03-18,3.86%,254
2024-03-19,3.86%,255
2024-03-20,3.86%,256
2024-03-21,3.86%,257
2024-03-22,3.86%,258
2024-03-23,3.86%,259
2024-03-24,3.86%,260
2024-03-25,3.86%,261
2024-03-26,3.86%,262
2024-03-27,3.86%,263
2024-03-28,3.86%,264
2024-03-29,3.86%,265
2024-03-30,3.86%,266
2024-03-31,3.86%,267
2024-04-01,3.86%,268
2024-04-02,3.86%,269
2024-04-03,3.86%,270
2024-04-04,3.86%,271
2024-04-05,3.86%,272
2024-04-06,3.86%,273
2024-04-07,3.86%,274
2024-04-08,3.86%,275
2024-04-09,3.86%,276
2024-04-10,3.86%,277
2024-04-11,3.86%,278
2024-04-12,3.86%,279
2024-04-13,3.86%,280
2024-04-14,3.86%,281
2024-04-15,3.86%,282
2024-04-16,3.86%,283
2024-04-17,3.86%,284
2024-04-18,3.86%,285
2024-04-19,3.86%,286
2024-04-20,3.86%,287
2024-04-21,3.86%,288
2024-04-22,3.86%,289
2024-04-23,3.86%,290
2024-04-24,3.86%,291
2024-04-25,3.86%,292
2024-04-26,3.86%,293
2024-04-27,3.86%,294
2024-04-28,3.86%,295
2024-04-29,3.86%,296
2024-04-30,3.86%,297
2024-05-01,3.86%,298
2024-05-02,0.45%,0
2024-05-03,0.45%,1
2024-05-04,0.45%,2
2024-05-05,0.45%,3
2024-05-06,0.45%,4
2024-05-07,0.45%,5
2024-05-08,3.79%,0
2024-05-09,3.79%,1
2024-05-10,3.79%,2
2024-05-11,1.50%,0
2024-05-12,1.50%,1
2024-05-13,1.50%,2
2024-05-14,1.50%,3
2024-05-15,1.50%,4
2024-05-16,1.50%,5
2024-05-17,1.50%,6
2024-05-18,1.50%,7
2024-05-19,1.50%,8
2024-05-20,1.50%,9
2024-05-21,1.50%,10
2024-05-22,1.50%,11
2024-05-23,1.50%,12
2024-05-24,1.50%,13
2024-05-25,1.50%,14
2024-05-26,1.50%,15
2024-05-27,1.50%,16
2024-05-28,1.50%,17
2024-05-29,1.50%,18
2024-05-30,1.50%,19
2024-05-31,1.50%,20
2024-06-01,1.50%,21
2024-06-02,1.50%,22
2024-06-03,1.50%,23
2024-06-04,1.50%,24
2024-06-05,-0.83%,0
2024-06-06,-0.83%,1
2024-06-07,-0.83%,2
2024-06-08,-0.83%,3
2024-06-09,-0.83%,4
2024-06-10,-0.83%,5
2024-06-11,-0.83%,6
2024-06-12,-0.83%,7
2024-06-13,-0.83%,8
2024-06-14,-0.83%,9
2024-06-15,-0.83%,10
2024-06-16,-0.83%,11
2024-06-17,-0.83%,12
2024-06-18,-0.83%,13
2024-06-19,-0.83%,14
2024-06-20,-0.83%,15
2024-06-21,-0.83%,16
2024-06-22,-0.83%,17
2024-06-23,-0.83%,18
2024-06-24,-0.83%,19
2024-06-25,-0.83%,20
2024-06-26,-0.83%,21
2024-06-27,-0.83%,22
2024-06-28,-0.83%,23
2024-06-29,-0.83%,24
2024-06-30,-0.83%,25
2024-07-01,-0.83%,26
2024-07-02,-0.83%,27
2024-07-03,-0.83%,28
2024-07-04,-0.83%,29
2024-07-05,-0.83%,30
2024-07-06,-0.83%,31
2024-07-07,-0.83%,32
2024-07-08,-0.83%,33
2024-07-09,-0.83%,34
2024-07-10,-0.83%,35
2024-07-11,-0.83%,36
2024-07-12,-0.83%,37
2024-07-13,-0.83%,38
2024-07-14,-0.83%,39
2024-07-15,-0.83%,40
2024-07-16,-0.83%,41
2024-07-17,-0.83%,42
2024-07-18,-0.83%,43
2024-07-19,-0.83%,44
2024-07-20,-0.83%,45
2024-07-21,-0.83%,46
2024-07-22,-0.83%,47
2024-07-23,-0.83%,48
2024-07-24,-0.83%,49
2024-07-25,-0.83%,50
2024-07-26,-0.83%,51
2024-07-27,-0.83%,52
2024-07-28,-0.83%,53
2024-07-29,-0.83%,54
2024-07-30,-0.83%,55
2024-07-31,-0.83%,56
2024-08-01,-0.83%,57
2024-08-02,-0.83%,58
2024-08-03,-0.83%,59
2024-08-04,-0.83%,60
2024-08-05,-0.83%,61
2024-08-06,-0.83%,62
2024-08-07,-0.83%,63
2024-08-08,-0.83%,64
2024-08-09,-0.83%,65
2024-08-10,-0.83%,66
2024-08-11,-0.83%,67
2024-08-12,-0.83%,68
2024-08-13,-0.83%,69
2024-08-14,-0.83%,70
2024-08-15,-0.83%,71
2024-08-16,-0.83%,72
2024-08-17,-0.83%,73
2024-08-18,-0.83%,74
2024-08-19,-0.83%,75
2024-08-20,-0.83%,76
2024-08-21,-0.83%,77
2024-08-22,-0.83%,78
2024-08-23,-0.83%,79
2024-08-24,-0.83%,80
2024-08-25,-0.83%,81
2024-08-26,-0.83%,82
2024-08-27,-0.83%,83
2024-08-28,-0.83%,84
2024-08-29,-0.83%,85
2024-08-30,-0.83%,86
2024-08-31,-0.83%,87
2024-09-01,-0.83%,88
2024-09-02,-0.83%,89
2024-09-03,-0.83%,90
2024-09-04,-0.83%,91
2024-09-05,-0.83%,92
2024-09-06,-0.83%,93
2024-09-07,-0.83%,94
2024-09-08,-0.83%,95
2024-09-09,-0.83%,96
2024-09-10,-0.83%,97
2024-09-11,-0.83%,98
2024-09-12,-0.83%,99
2024-09-13,-0.83%,100
2024-09-14,-0.83%,101
2024-09-15,-0.83%,102
2024-09-16,-0.83%,103
2024-09-17,-0.83%,104
2024-09-18,-0.83%,105
2024-09-19,-0.83%,106
2024-09-20,-0.83%,107
2024-09-21,-0.83%,108
2024-09-22,-0.83%,109
2024-09-23,-0.83%,110
2024-09-24,-0.83%,111
2024-09-25,-0.83%,112
2024-09-26,-0.83%,113
2024-09-27,-0.83%,114
2024-09-28,-0.83%,115
2024-09-29,-0.83%,116
2024-09-30,-0.83%,117
2024-10-01,-0.83%,118
2024-10-02,-0.83%,119
2024-10-03,-0.83%,120
2024-10-04,-0.83%,121
2024-10-05,-0.83%,122
2024-10-06,-0.83%,123
2024-10-07,-0.83%,124
2024-10-08,-0.83%,125
2024-10-09,-0.83%,126
2024-10-10,-0.83%,127
2024-10-11,-0.83%,128
2024-10-12,-0.83%,129
2024-10-13,-0.83%,130
2024-10-14,-0.83%,131
2024-10-15,-0.83%,132
2024-10-16,-0.83%,133
2024-10-17,-0.83%,134
2024-10-18,-0.83%,135
2024-10-19,-0.83%,136
2024-10-20,-0.83%,137
2024-10-21,-0.83%,138
2024-10-22,-0.83%,139
2024-10-23,-0.83%,140
2024-10-24,-0.83%,141
2024-10-25,-0.83%,142
2024-10-26,-0.83%,143
2024-10-27,-0.83%,144
2024-10-28,-0.83%,145
2024-10-29,-0.83%,146
2024-10-30,-0.83%,147
2024-10-31,-0.83%,148
2024-11-01,-0.83%,149
2024-11-02,-0.83%,150
2024-11-03,-0.83%,151
2024-11-04,-0.83%,152
2024-11-05,-0.83%,153
2024-11-06,-0.83%,154
2024-11-07,-0.83%,155
2024-11-08,-0.83%,156
2024-11-09,-0.83%,157
2024-11-10,-0.83%,158
2024-11-11,-0.83%,159
2024-11-12,-0.83%,160
2024-11-13,-0.83%,161
2024-11-14,-0.83%,162
2024-11-15,-0.83%,163
2024-11-16,-0.83%,164
2024-11-17,-0.83%,165
2024-11-18,-0.83%,166
2024-11-19,-0.83%,167
2024-11-20,-0.83%,168
2024-11-21,-0.83%,169
2024-11-22,-0.83%,170
2024-11-23,-0.83%,171
2024-11-24,-0.83%,172
2024-11-25,-0.83%,173
2024-11-26,-0.83%,174
2024-11-27,-0.83%,175
2024-11-28,-0.83%,176
2024-11-29,-0.83%,177
2024-11-30,-0.83%,178
2024-12-01,-0.83%,179
2024-12-02,-0.83%,180
2024-12-03,-0.83%,181
2024-12-04,-0.83%,182
2024-12-05,-0.83%,183
2024-12-06,-0.83%,184
2024-12-07,-0.83%,185
2024-12-08,-0.83%,186
2024-12-09,-0.83%,187
2024-12-10,-0.83%,188
2024-12-11,-0.83%,189
2024-12-12,-0.83%,190
2024-12-13,-0.83%,191
2024-12-14,-0.83%,192
2024-12-15,-0.83%,193
2024-12-16,-0.83%,194
2024-12-17,-0.83%,195
2024-12-18,-0.83%,196
2024-12-19,-0.83%,197
2024-12-20,-0.83%,198
2024-12-21,-0.83%,199
2024-12-22,-0.83%,200
2024-12-23,-0.83%,201
2024-12-24,-0.83%,202
2024-12-25,-0.83%,203
2024-12-26,-0.83%,204
2024-12-27,-0.83%,205
2024-12-28,-0.83%,206
2024-12-29,-0.83%,207
2024-12-30,-0.83%,208
2024-12-31,-0.83%,209
2025-01-01,-0.83%,210
2025-01-02,-0.83%,211
2025-01-03,-0.83%,212
2025-01-04,-0.83%,213
2025-01-05,-0.83%,214
2025-01-06,-0.83%,215
2025-01-07,-0.83%,216
2025-01-08,-0.83%,217
2025-01-09,-0.83%,218
2025-01-10,-0.83%,219
2025-01-11,-0.83%,220
2025-01-12,-0.83%,221
2025-01-13,-0.83%,222
2025-01-14,-0.83%,223
2025-01-15,-0.83%,224
2025-01-16,-0.83%,225
2025-01-17,-0.83%,226
2025-01-18,-0.83%,227
2025-01-19,-0.83%,228
2025-01-20,-0.83%,229
2025-01-21,-0.83%,230
2025-01-22,-0.83%,231
2025-01-23,-0.83%,232
2025-01-24,-0.83%,233
2025-01-25,-0.83%,234
2025-01-26,-0.83%,235
2025-01-27,-0.83%,236
2025-01-28,-0.83%,237
2025-01-29,-0.83%,238
2025-01-30,-0.83%,239
2025-01-31,-0.83%,240
2025-02-01,-0.83%,241
2025-02-02,-0.83%,242
2025-02-03,-0.83%,243
2025-02-04,-0.83%,244
2025-02-05,-0.83%,245
2025-02-06,-0.83%,246
2025-02-07,-0.83%,247
2025-02-08,-0.83%,248
2025-02-09,-0.83%,249
2025-02-10,-0.83%,250
2025-02-11,-0.83%,251
2025-02-12,-0.83%,252
2025-02-13,-0.83%,253
2025-02-14,-0.83%,254
2025-02-15,-0.83%,255
2025-02-16,-0.83%,256
2025-02-17,-0.83%,257
2025-02-18,-0.83%,258
2025-02-19,-0.83%,259
2025-02-20,-0.83%,260
2025-02-21,-0.83%,261
2025-02-22,-0.83%,262
2025-02-23,-0.83%,263
2025-02-24,-0.83%,264
2025-02-25,-0.83%,265
2025-02-26,-0.83%,266
2025-02-27,-0.83%,267
2025-02-28,-0.83%,268
2025-03-01,-0.83%,269
2025-03-02,-0.83%,270
2025-03-03,-0.83%,271
2025-03-04,-0.83%,272
2025-03-05,-0.83%,273
2025-03-06,-0.83%,274
2025-03-07,-0.83%,275
2025-03-08,-0.83%,276
2025-03-09,-0.83%,277
2025-03-10,-0.83%,278
2025-03-11,-0.83%,279
2025-03-12,-0.83%,280
2025-03-13,-0.83%,281
2025-03-14,-0.83%,282
2025-03-15,-0.83%,283
2025-03-16,-0.83%,284
2025-03-17,-0.83%,285
2025-03-18,-0.83%,286
2025-03-19,-0.83%,287
2025-03-20,-0.83%,288
2025-03-21,-0.83%,289
2025-03-22,-0.83%,290
2025-03-23,-0.83%,291
2025-03-24,-0.83%,292
2025-03-25,-0.83%,293
2025-03-26,-0.83%,294
2025-03-27,-0.83%,295
2025-03-28,-0.83%,296
2025-03-29,-0.83%,297
2025-03-30,-0.83%,298
2025-03-31,-0.83%,299
2025-04-01,-0.83%,300
2025-04-02,-0.83%,301
2025-04-03,-0.83%,302
2025-04-04,-0.83%,303
2025-04-05,-0.83%,304
2025-04-06,-0.83%,305
2025-04-07,-0.83%,306
2025-04-08,-0.83%,307
2025-04-09,-0.83%,308
2025-04-10,-0.83%,309
2025-04-11,-0.83%,310
2025-04-12,-0.83%,311
2025-04-13,-0.83%,312
2025-04-14,-0.83%,313
2025-04-15,-0.83%,314
2025-04-16,-0.83%,315
2025-04-17,-0.83%,316
2025-04-18,-0.83%,317
2025-04-19,-0.83%,318
2025-04-20,-0.83%,319
2025-04-21,-0.83%,320
2025-04-22,-0.83%,321
2025-04-23,-0.83%,322
2025-04-24,-0.83%,323
2025-04-25,-0.83%,324
2025-04-26,-0.83%,325
2025-04-27,-0.83%,326
2025-04-28,-0.83%,327
2025-04-29,-0.83%,328
2025-04-30,-0.83%,329
2025-05-01,-0.83%,330
2025-05-02,0.53%,0
2025-05-03,0.53%,1
2025-05-04,0.53%,2
2025-05-05,-0.98%,0
2025-05-06,-0.98%,1
2025-05-07,-0.98%,2
2025-05-08,4.04%,0
2025-05-09,4.04%,1
2025-05-10,4.04%,2
2025-05-11,4.04%,3
2025-05-12,4.04%,4
2025-05-13,4.04%,5
2025-05-14,4.04%,6
2025-05-15,4.04%,7
2025-05-16,4.04%,8
2025-05-17,4.04%,9
2025-05-18,4.04%,10
2025-05-19,4.04%,11
2025-05-20,4.04%,12
2025-05-21,4.04%,13
2025-05-22,4.04%,14
2025-05-23,4.04%,15
2025-05-24,4.04%,16
2025-05-25,4.04%,17
2025-05-26,4.04%,18
2025-05-27,4.04%,19
2025-05-28,4.04%,20
2025-05-29,4.04%,21
2025-05-30,4.04%,22
2025-05-31,4.04%,23
2025-06-01,4.04%,24
2025-06-02,4.04%,25
2025-06-03,4.04%,26
2025-06-04,4.04%,27
2025-06-05,4.04%,28
2025-06-06,4.04%,29
2025-06-07,4.04%,30
2025-06-08,4.04%,31
2025-06-09,4.04%,32
2025-06-10,4.04%,33
2025-06-11,4.04%,34
2025-06-12,4.04%,35
2025-06-13,4.04%,36
2025-06-14,4.04%,37
2025-06-15,4.04%,38
2025-06-16,4.04%,39
2025-06-17,4.04%,40
2025-06-18,4.04%,41
2025-06-19,4.04%,42
2025-06-20,4.04%,43
2025-06-21,4.04%,44
2025-06-22,4.04%,45
2025-06-23,4.04%,46
2025-06-24,4.04%,47
2025-06-25,4.04%,48
2025-06-26,4.04%,49
2025-06-27,4.04%,50
2025-06-28,4.04%,51
2025-06-29,4.04%,52
2025-06-30,4.04%,53
2025-07-01,4.04%,54
2025-07-02,4.04%,55
2025-07-03,4.04%,56
2025-07-04,4.04%,57
2025-07-05,4.04%,58
2025-07-06,4.04%,59
2025-07-07,4.04%,60
2025-07-08,4.04%,61
2025-07-09,4.04%,62
2025-07-10,4.04%,63
2025-07-11,4.04%,64
2025-07-12,4.04%,65
2025-07-13,4.04%,66
2025-07-14,4.04%,67
2025-07-15,4.04%,68
2025-07-16,4.04%,69
2025-07-17,4.04%,70
2025-07-18,4.04%,71
2025-07-19,4.04%,72
2025-07-20,4.04%,73
2025-07-21,4.04%,74
2025-07-22,4.04%,75
2025-07-23,4.04%,76
2025-07-24,4.04%,77
2025-07-25,4.04%,78
2025-07-26,4.04%,79
2025-07-27,4.04%,80
2025-07-28,4.04%,81
2025-07-29,4.04%,82
2025-07-30,4.04%,83
2025-07-31,4.04%,84
2025-08-01,4.04%,85
2025-08-02,4.04%,86
2025-08-03,4.04%,87
2025-08-04,4.04%,88
2025-08-05,4.04%,89
2025-08-06,4.04%,90
2025-08-07,4.04%,91
2025-08-08,4.04%,92
2025-08-09,4.04%,93
2025-08-10,4.04%,94
2025-08-11,4.04%,95
2025-08-12,4.04%,96
2025-08-13,4.04%,97
2025-08-14,4.04%,98
2025-08-15,4.04%,99
2025-08-16,4.04%,100
2025-08-17,4.04%,101
2025-08-18,4.04%,102
2025-08-19,4.04%,103
2025-08-20,4.04%,104
2025-08-21,4.04%,105
2025-08-22,4.04%,106
2025-08-23,4.04%,107
2025-08-24,4.04%,108
2025-08-25,4.04%,109
2025-08-26,4.04%,110
2025-08-27,4.04%,111
2025-08-28,4.04%,112
2025-08-29,4.04%,113
2025-08-30,4.04%,114
2025-08-31,4.04%,115
