calendar_date,id_inflation_mom,days_since_id_inflation_mom
2020-01-02,0.28%,2
2020-01-03,0.28%,1
2020-01-04,0.10%,0
2020-01-05,0.10%,1
2020-01-06,0.10%,2
2020-01-07,0.18%,0
2020-01-08,0.18%,1
2020-01-09,-0.05%,0
2020-01-10,-0.05%,0
2020-01-11,-0.05%,1
2020-01-12,0.28%,0
2020-01-13,0.28%,1
2020-01-14,0.28%,2
2020-01-15,0.28%,3
2020-01-16,0.28%,4
2020-01-17,0.28%,5
2020-01-18,0.28%,6
2020-01-19,0.28%,7
2020-01-20,0.28%,8
2020-01-21,0.28%,9
2020-01-22,0.28%,10
2020-01-23,0.28%,11
2020-01-24,0.28%,12
2020-01-25,0.28%,13
2020-01-26,0.28%,14
2020-01-27,0.28%,15
2020-01-28,0.28%,16
2020-01-29,0.28%,17
2020-01-30,0.28%,18
2020-01-31,0.28%,19
2020-02-01,0.34%,0
2020-02-02,0.34%,1
2020-02-03,0.28%,0
2020-02-04,0.28%,1
2020-02-05,0.28%,2
2020-02-06,0.07%,0
2020-02-07,0.07%,1
2020-02-08,0.07%,2
2020-02-09,0.07%,3
2020-02-10,0.07%,4
2020-02-11,0.07%,0
2020-02-12,0.07%,1
2020-02-13,0.07%,2
2020-02-14,0.07%,3
2020-02-15,0.07%,4
2020-02-16,0.07%,5
2020-02-17,0.07%,6
2020-02-18,0.07%,7
2020-02-19,0.07%,8
2020-02-20,0.07%,9
2020-02-21,0.07%,10
2020-02-22,0.07%,11
2020-02-23,0.07%,12
2020-02-24,0.07%,13
2020-02-25,0.07%,14
2020-02-26,0.07%,15
2020-02-27,0.07%,16
2020-02-28,0.07%,17
2020-02-29,0.07%,18
2020-03-01,0.07%,19
2020-03-02,0.39%,0
2020-03-03,0.39%,1
2020-03-04,0.39%,2
2020-03-05,0.39%,3
2020-03-06,0.39%,4
2020-03-07,0.39%,5
2020-03-08,-0.10%,0
2020-03-09,-0.10%,1
2020-03-10,-0.10%,2
2020-03-11,-0.10%,3
2020-03-12,-0.10%,4
2020-03-13,-0.10%,5
2020-03-14,-0.10%,6
2020-03-15,-0.10%,7
2020-03-16,-0.10%,8
2020-03-17,-0.10%,9
2020-03-18,-0.10%,10
2020-03-19,-0.10%,11
2020-03-20,-0.10%,12
2020-03-21,-0.10%,13
2020-03-22,-0.10%,14
2020-03-23,-0.10%,15
2020-03-24,-0.10%,16
2020-03-25,-0.10%,17
2020-03-26,-0.10%,18
2020-03-27,-0.10%,19
2020-03-28,-0.10%,20
2020-03-29,-0.10%,21
2020-03-30,-0.10%,22
2020-03-31,-0.10%,23
2020-04-01,-0.10%,24
2020-04-02,-0.10%,25
2020-04-03,-0.10%,26
2020-04-04,-0.10%,27
2020-04-05,0.08%,0
2020-04-06,0.08%,1
2020-04-07,0.08%,2
2020-04-08,0.08%,3
2020-04-09,0.08%,4
2020-04-10,0.08%,5
2020-04-11,0.08%,6
2020-04-12,0.08%,7
2020-04-13,0.08%,8
2020-04-14,0.08%,9
2020-04-15,0.08%,10
2020-04-16,0.08%,11
2020-04-17,0.08%,12
2020-04-18,0.08%,13
2020-04-19,0.08%,14
2020-04-20,0.08%,15
2020-04-21,0.08%,16
2020-04-22,0.08%,17
2020-04-23,0.08%,18
2020-04-24,0.08%,19
2020-04-25,0.08%,20
2020-04-26,0.08%,21
2020-04-27,0.08%,22
2020-04-28,0.08%,23
2020-04-29,0.08%,24
2020-04-30,0.08%,25
2020-05-01,0.08%,26
2020-05-02,0.08%,27
2020-05-03,0.08%,28
2020-05-04,0.08%,29
2020-05-05,0.08%,30
2020-05-06,0.08%,31
2020-05-07,0.08%,32
2020-05-08,0.08%,33
2020-05-09,0.08%,34
2020-05-10,0.08%,35
2020-05-11,0.08%,36
2020-05-12,0.08%,37
2020-05-13,0.08%,38
2020-05-14,0.08%,39
2020-05-15,0.08%,40
2020-05-16,0.08%,41
2020-05-17,0.08%,42
2020-05-18,0.08%,43
2020-05-19,0.08%,44
2020-05-20,0.08%,45
2020-05-21,0.08%,46
2020-05-22,0.08%,47
2020-05-23,0.08%,48
2020-05-24,0.08%,49
2020-05-25,0.08%,50
2020-05-26,0.08%,51
2020-05-27,0.08%,52
2020-05-28,0.08%,53
2020-05-29,0.08%,54
2020-05-30,0.08%,55
2020-05-31,0.08%,56
2020-06-01,0.08%,57
2020-06-02,0.08%,58
2020-06-03,0.08%,59
2020-06-04,0.08%,60
2020-06-05,0.08%,61
2020-06-06,0.08%,62
2020-06-07,0.08%,63
2020-06-08,0.08%,64
2020-06-09,0.08%,65
2020-06-10,0.08%,66
2020-06-11,0.08%,67
2020-06-12,0.08%,68
2020-06-13,0.08%,69
2020-06-14,0.08%,70
2020-06-15,0.08%,71
2020-06-16,0.08%,72
2020-06-17,0.08%,73
2020-06-18,0.08%,74
2020-06-19,0.08%,75
2020-06-20,0.08%,76
2020-06-21,0.08%,77
2020-06-22,0.08%,78
2020-06-23,0.08%,79
2020-06-24,0.08%,80
2020-06-25,0.08%,81
2020-06-26,0.08%,82
2020-06-27,0.08%,83
2020-06-28,0.08%,84
2020-06-29,0.08%,85
2020-06-30,0.08%,86
2020-07-01,0.08%,87
2020-07-02,0.08%,88
2020-07-03,0.08%,89
2020-07-04,0.08%,90
2020-07-05,0.08%,91
2020-07-06,0.08%,92
2020-07-07,0.08%,93
2020-07-08,0.08%,94
2020-07-09,0.08%,95
2020-07-10,0.08%,96
2020-07-11,0.08%,97
2020-07-12,0.08%,98
2020-07-13,0.08%,99
2020-07-14,0.08%,100
2020-07-15,0.08%,101
2020-07-16,0.08%,102
2020-07-17,0.08%,103
2020-07-18,0.08%,104
2020-07-19,0.08%,105
2020-07-20,0.08%,106
2020-07-21,0.08%,107
2020-07-22,0.08%,108
2020-07-23,0.08%,109
2020-07-24,0.08%,110
2020-07-25,0.08%,111
2020-07-26,0.08%,112
2020-07-27,0.08%,113
2020-07-28,0.08%,114
2020-07-29,0.08%,115
2020-07-30,0.08%,116
2020-07-31,0.08%,117
2020-08-01,0.08%,118
2020-08-02,0.08%,119
2020-08-03,0.08%,120
2020-08-04,0.08%,121
2020-08-05,0.08%,122
2020-08-06,0.08%,123
2020-08-07,0.08%,124
2020-08-08,0.08%,125
2020-08-09,0.08%,126
2020-08-10,0.08%,127
2020-08-11,0.08%,128
2020-08-12,0.08%,129
2020-08-13,0.08%,130
2020-08-14,0.08%,131
2020-08-15,0.08%,132
2020-08-16,0.08%,133
2020-08-17,0.08%,134
2020-08-18,0.08%,135
2020-08-19,0.08%,136
2020-08-20,0.08%,137
2020-08-21,0.08%,138
2020-08-22,0.08%,139
2020-08-23,0.08%,140
2020-08-24,0.08%,141
2020-08-25,0.08%,142
2020-08-26,0.08%,143
2020-08-27,0.08%,144
2020-08-28,0.08%,145
2020-08-29,0.08%,146
2020-08-30,0.08%,147
2020-08-31,0.08%,148
2020-09-01,0.08%,149
2020-09-02,0.08%,150
2020-09-03,0.08%,151
2020-09-04,0.08%,152
2020-09-05,0.08%,153
2020-09-06,0.08%,154
2020-09-07,0.08%,155
2020-09-08,0.08%,156
2020-09-09,0.08%,157
2020-09-10,0.08%,158
2020-09-11,0.08%,159
2020-09-12,0.08%,160
2020-09-13,0.08%,161
2020-09-14,0.08%,162
2020-09-15,0.08%,163
2020-09-16,0.08%,164
2020-09-17,0.08%,165
2020-09-18,0.08%,166
2020-09-19,0.08%,167
2020-09-20,0.08%,168
2020-09-21,0.08%,169
2020-09-22,0.08%,170
2020-09-23,0.08%,171
2020-09-24,0.08%,172
2020-09-25,0.08%,173
2020-09-26,0.08%,174
2020-09-27,0.08%,175
2020-09-28,0.08%,176
2020-09-29,0.08%,177
2020-09-30,0.08%,178
2020-10-01,0.08%,179
2020-10-02,0.08%,180
2020-10-03,0.08%,181
2020-10-04,0.08%,182
2020-10-05,0.08%,183
2020-10-06,0.08%,184
2020-10-07,0.08%,185
2020-10-08,0.08%,186
2020-10-09,0.08%,187
2020-10-10,0.08%,188
2020-10-11,0.08%,189
2020-10-12,0.08%,190
2020-10-13,0.08%,191
2020-10-14,0.08%,192
2020-10-15,0.08%,193
2020-10-16,0.08%,194
2020-10-17,0.08%,195
2020-10-18,0.08%,196
2020-10-19,0.08%,197
2020-10-20,0.08%,198
2020-10-21,0.08%,199
2020-10-22,0.08%,200
2020-10-23,0.08%,201
2020-10-24,0.08%,202
2020-10-25,0.08%,203
2020-10-26,0.08%,204
2020-10-27,0.08%,205
2020-10-28,0.08%,206
2020-10-29,0.08%,207
2020-10-30,0.08%,208
2020-10-31,0.08%,209
2020-11-01,0.08%,210
2020-11-02,0.08%,211
2020-11-03,0.08%,212
2020-11-04,0.08%,213
2020-11-05,0.08%,214
2020-11-06,0.08%,215
2020-11-07,0.08%,216
2020-11-08,0.08%,217
2020-11-09,0.08%,218
2020-11-10,0.08%,219
2020-11-11,0.08%,220
2020-11-12,0.08%,221
2020-11-13,0.08%,222
2020-11-14,0.08%,223
2020-11-15,0.08%,224
2020-11-16,0.08%,225
2020-11-17,0.08%,226
2020-11-18,0.08%,227
2020-11-19,0.08%,228
2020-11-20,0.08%,229
2020-11-21,0.08%,230
2020-11-22,0.08%,231
2020-11-23,0.08%,232
2020-11-24,0.08%,233
2020-11-25,0.08%,234
2020-11-26,0.08%,235
2020-11-27,0.08%,236
2020-11-28,0.08%,237
2020-11-29,0.08%,238
2020-11-30,0.08%,239
2020-12-01,0.08%,240
2020-12-02,0.08%,241
2020-12-03,0.08%,242
2020-12-04,0.08%,243
2020-12-05,0.08%,244
2020-12-06,0.08%,245
2020-12-07,0.08%,246
2020-12-08,0.08%,247
2020-12-09,0.08%,248
2020-12-10,0.08%,249
2020-12-11,0.08%,250
2020-12-12,0.08%,251
2020-12-13,0.08%,252
2020-12-14,0.08%,253
2020-12-15,0.08%,254
2020-12-16,0.08%,255
2020-12-17,0.08%,256
2020-12-18,0.08%,257
2020-12-19,0.08%,258
2020-12-20,0.08%,259
2020-12-21,0.08%,260
2020-12-22,0.08%,261
2020-12-23,0.08%,262
2020-12-24,0.08%,263
2020-12-25,0.08%,264
2020-12-26,0.08%,265
2020-12-27,0.08%,266
2020-12-28,0.08%,267
2020-12-29,0.08%,268
2020-12-30,0.08%,269
2020-12-31,0.08%,270
2021-01-01,0.08%,271
2021-01-02,0.26%,0
2021-01-03,0.10%,0
2021-01-04,0.08%,0
2021-01-05,0.08%,1
2021-01-06,0.08%,2
2021-01-07,-0.16%,0
2021-01-08,-0.16%,1
2021-01-09,0.03%,0
2021-01-10,-0.04%,0
2021-01-11,0.12%,0
2021-01-12,0.37%,0
2021-01-13,0.37%,1
2021-01-14,0.37%,2
2021-01-15,0.37%,3
2021-01-16,0.37%,4
2021-01-17,0.37%,5
2021-01-18,0.37%,6
2021-01-19,0.37%,7
2021-01-20,0.37%,8
2021-01-21,0.37%,9
2021-01-22,0.37%,10
2021-01-23,0.37%,11
2021-01-24,0.37%,12
2021-01-25,0.37%,13
2021-01-26,0.37%,14
2021-01-27,0.37%,15
2021-01-28,0.37%,16
2021-01-29,0.37%,17
2021-01-30,0.37%,18
2021-01-31,0.37%,19
2021-02-01,0.37%,20
2021-02-02,0.37%,21
2021-02-03,0.37%,22
2021-02-04,0.37%,23
2021-02-05,0.37%,24
2021-02-06,0.32%,0
2021-02-07,0.32%,1
2021-02-08,0.08%,0
2021-02-09,0.08%,1
2021-02-10,0.08%,2
2021-02-11,0.08%,3
2021-02-12,0.08%,4
2021-02-13,0.08%,5
2021-02-14,0.08%,6
2021-02-15,0.08%,7
2021-02-16,0.08%,8
2021-02-17,0.08%,9
2021-02-18,0.08%,10
2021-02-19,0.08%,11
2021-02-20,0.08%,12
2021-02-21,0.08%,13
2021-02-22,0.08%,14
2021-02-23,0.08%,15
2021-02-24,0.08%,16
2021-02-25,0.08%,17
2021-02-26,0.08%,18
2021-02-27,0.08%,19
2021-02-28,0.08%,20
2021-03-01,0.08%,21
2021-03-02,0.08%,22
2021-03-03,0.08%,23
2021-03-04,0.08%,24
2021-03-05,0.13%,0
2021-03-06,0.13%,1
2021-03-07,0.13%,2
2021-03-08,0.13%,3
2021-03-09,0.13%,4
2021-03-10,0.13%,5
2021-03-11,0.13%,6
2021-03-12,0.13%,7
2021-03-13,0.13%,8
2021-03-14,0.13%,9
2021-03-15,0.13%,10
2021-03-16,0.13%,11
2021-03-17,0.13%,12
2021-03-18,0.13%,13
2021-03-19,0.13%,14
2021-03-20,0.13%,15
2021-03-21,0.13%,16
2021-03-22,0.13%,17
2021-03-23,0.13%,18
2021-03-24,0.13%,19
2021-03-25,0.13%,20
2021-03-26,0.13%,21
2021-03-27,0.13%,22
2021-03-28,0.13%,23
2021-03-29,0.13%,24
2021-03-30,0.13%,25
2021-03-31,0.13%,26
2021-04-01,0.45%,0
2021-04-02,0.45%,1
2021-04-03,0.45%,2
2021-04-04,0.45%,3
2021-04-05,0.45%,4
2021-04-06,0.45%,5
2021-04-07,0.45%,6
2021-04-08,0.45%,7
2021-04-09,0.45%,8
2021-04-10,0.45%,9
2021-04-11,0.45%,10
2021-04-12,0.45%,11
2021-04-13,0.45%,12
2021-04-14,0.45%,13
2021-04-15,0.45%,14
2021-04-16,0.45%,15
2021-04-17,0.45%,16
2021-04-18,0.45%,17
2021-04-19,0.45%,18
2021-04-20,0.45%,19
2021-04-21,0.45%,20
2021-04-22,0.45%,21
2021-04-23,0.45%,22
2021-04-24,0.45%,23
2021-04-25,0.45%,24
2021-04-26,0.45%,25
2021-04-27,0.45%,26
2021-04-28,0.45%,27
2021-04-29,0.45%,28
2021-04-30,0.45%,29
2021-05-01,0.45%,30
2021-05-02,0.45%,31
2021-05-03,0.45%,32
2021-05-04,0.45%,33
2021-05-05,0.45%,34
2021-05-06,0.45%,35
2021-05-07,0.45%,36
2021-05-08,0.45%,37
2021-05-09,0.45%,38
2021-05-10,0.45%,39
2021-05-11,0.45%,40
2021-05-12,0.45%,41
2021-05-13,0.45%,42
2021-05-14,0.45%,43
2021-05-15,0.45%,44
2021-05-16,0.45%,45
2021-05-17,0.45%,46
2021-05-18,0.45%,47
2021-05-19,0.45%,48
2021-05-20,0.45%,49
2021-05-21,0.45%,50
2021-05-22,0.45%,51
2021-05-23,0.45%,52
2021-05-24,0.45%,53
2021-05-25,0.45%,54
2021-05-26,0.45%,55
2021-05-27,0.45%,56
2021-05-28,0.45%,57
2021-05-29,0.45%,58
2021-05-30,0.45%,59
2021-05-31,0.45%,60
2021-06-01,0.45%,61
2021-06-02,0.45%,62
2021-06-03,0.45%,63
2021-06-04,0.45%,64
2021-06-05,0.45%,65
2021-06-06,0.45%,66
2021-06-07,0.45%,67
2021-06-08,0.45%,68
2021-06-09,0.45%,69
2021-06-10,0.45%,70
2021-06-11,0.45%,71
2021-06-12,0.45%,72
2021-06-13,0.45%,73
2021-06-14,0.45%,74
2021-06-15,0.45%,75
2021-06-16,0.45%,76
2021-06-17,0.45%,77
2021-06-18,0.45%,78
2021-06-19,0.45%,79
2021-06-20,0.45%,80
2021-06-21,0.45%,81
2021-06-22,0.45%,82
2021-06-23,0.45%,83
2021-06-24,0.45%,84
2021-06-25,0.45%,85
2021-06-26,0.45%,86
2021-06-27,0.45%,87
2021-06-28,0.45%,88
2021-06-29,0.45%,89
2021-06-30,0.45%,90
2021-07-01,0.45%,91
2021-07-02,0.45%,92
2021-07-03,0.45%,93
2021-07-04,0.45%,94
2021-07-05,0.45%,95
2021-07-06,0.45%,96
2021-07-07,0.45%,97
2021-07-08,0.45%,98
2021-07-09,0.45%,99
2021-07-10,0.45%,100
2021-07-11,0.45%,101
2021-07-12,0.45%,102
2021-07-13,0.45%,103
2021-07-14,0.45%,104
2021-07-15,0.45%,105
2021-07-16,0.45%,106
2021-07-17,0.45%,107
2021-07-18,0.45%,108
2021-07-19,0.45%,109
2021-07-20,0.45%,110
2021-07-21,0.45%,111
2021-07-22,0.45%,112
2021-07-23,0.45%,113
2021-07-24,0.45%,114
2021-07-25,0.45%,115
2021-07-26,0.45%,116
2021-07-27,0.45%,117
2021-07-28,0.45%,118
2021-07-29,0.45%,119
2021-07-30,0.45%,120
2021-07-31,0.45%,121
2021-08-01,0.45%,122
2021-08-02,0.45%,123
2021-08-03,0.45%,124
2021-08-04,0.45%,125
2021-08-05,0.45%,126
2021-08-06,0.45%,127
2021-08-07,0.45%,128
2021-08-08,0.45%,129
2021-08-09,0.45%,130
2021-08-10,0.45%,131
2021-08-11,0.45%,132
2021-08-12,0.45%,133
2021-08-13,0.45%,134
2021-08-14,0.45%,135
2021-08-15,0.45%,136
2021-08-16,0.45%,137
2021-08-17,0.45%,138
2021-08-18,0.45%,139
2021-08-19,0.45%,140
2021-08-20,0.45%,141
2021-08-21,0.45%,142
2021-08-22,0.45%,143
2021-08-23,0.45%,144
2021-08-24,0.45%,145
2021-08-25,0.45%,146
2021-08-26,0.45%,147
2021-08-27,0.45%,148
2021-08-28,0.45%,149
2021-08-29,0.45%,150
2021-08-30,0.45%,151
2021-08-31,0.45%,152
2021-09-01,0.45%,153
2021-09-02,0.45%,154
2021-09-03,0.45%,155
2021-09-04,0.45%,156
2021-09-05,0.45%,157
2021-09-06,0.45%,158
2021-09-07,0.45%,159
2021-09-08,0.45%,160
2021-09-09,0.45%,161
2021-09-10,0.45%,162
2021-09-11,0.45%,163
2021-09-12,0.45%,164
2021-09-13,0.45%,165
2021-09-14,0.45%,166
2021-09-15,0.45%,167
2021-09-16,0.45%,168
2021-09-17,0.45%,169
2021-09-18,0.45%,170
2021-09-19,0.45%,171
2021-09-20,0.45%,172
2021-09-21,0.45%,173
2021-09-22,0.45%,174
2021-09-23,0.45%,175
2021-09-24,0.45%,176
2021-09-25,0.45%,177
2021-09-26,0.45%,178
2021-09-27,0.45%,179
2021-09-28,0.45%,180
2021-09-29,0.45%,181
2021-09-30,0.45%,182
2021-10-01,0.45%,183
2021-10-02,0.45%,184
2021-10-03,0.45%,185
2021-10-04,0.45%,186
2021-10-05,0.45%,187
2021-10-06,0.45%,188
2021-10-07,0.45%,189
2021-10-08,0.45%,190
2021-10-09,0.45%,191
2021-10-10,0.45%,192
2021-10-11,0.45%,193
2021-10-12,0.45%,194
2021-10-13,0.45%,195
2021-10-14,0.45%,196
2021-10-15,0.45%,197
2021-10-16,0.45%,198
2021-10-17,0.45%,199
2021-10-18,0.45%,200
2021-10-19,0.45%,201
2021-10-20,0.45%,202
2021-10-21,0.45%,203
2021-10-22,0.45%,204
2021-10-23,0.45%,205
2021-10-24,0.45%,206
2021-10-25,0.45%,207
2021-10-26,0.45%,208
2021-10-27,0.45%,209
2021-10-28,0.45%,210
2021-10-29,0.45%,211
2021-10-30,0.45%,212
2021-10-31,0.45%,213
2021-11-01,0.45%,214
2021-11-02,0.45%,215
2021-11-03,0.45%,216
2021-11-04,0.45%,217
2021-11-05,0.45%,218
2021-11-06,0.45%,219
2021-11-07,0.45%,220
2021-11-08,0.45%,221
2021-11-09,0.45%,222
2021-11-10,0.45%,223
2021-11-11,0.45%,224
2021-11-12,0.45%,225
2021-11-13,0.45%,226
2021-11-14,0.45%,227
2021-11-15,0.45%,228
2021-11-16,0.45%,229
2021-11-17,0.45%,230
2021-11-18,0.45%,231
2021-11-19,0.45%,232
2021-11-20,0.45%,233
2021-11-21,0.45%,234
2021-11-22,0.45%,235
2021-11-23,0.45%,236
2021-11-24,0.45%,237
2021-11-25,0.45%,238
2021-11-26,0.45%,239
2021-11-27,0.45%,240
2021-11-28,0.45%,241
2021-11-29,0.45%,242
2021-11-30,0.45%,243
2021-12-01,0.45%,244
2021-12-02,0.45%,245
2021-12-03,0.45%,246
2021-12-04,0.45%,247
2021-12-05,0.45%,248
2021-12-06,0.45%,249
2021-12-07,0.45%,250
2021-12-08,0.45%,251
2021-12-09,0.45%,252
2021-12-10,0.45%,253
2021-12-11,0.45%,254
2021-12-12,0.45%,255
2021-12-13,0.45%,256
2021-12-14,0.45%,257
2021-12-15,0.45%,258
2021-12-16,0.45%,259
2021-12-17,0.45%,260
2021-12-18,0.45%,261
2021-12-19,0.45%,262
2021-12-20,0.45%,263
2021-12-21,0.45%,264
2021-12-22,0.45%,265
2021-12-23,0.45%,266
2021-12-24,0.45%,267
2021-12-25,0.45%,268
2021-12-26,0.45%,269
2021-12-27,0.45%,270
2021-12-28,0.45%,271
2021-12-29,0.45%,272
2021-12-30,0.45%,273
2021-12-31,0.45%,274
2022-01-01,0.45%,275
2022-01-02,0.45%,276
2022-01-03,-0.02%,0
2022-01-04,0.66%,0
2022-01-05,0.66%,1
2022-01-06,0.66%,2
2022-01-07,0.61%,0
2022-01-08,0.64%,0
2022-01-09,-0.21%,0
2022-01-10,-0.21%,1
2022-01-11,-0.11%,0
2022-01-12,0.09%,0
2022-01-13,0.09%,1
2022-01-14,0.09%,2
2022-01-15,0.09%,3
2022-01-16,0.09%,4
2022-01-17,0.09%,5
2022-01-18,0.09%,6
2022-01-19,0.09%,7
2022-01-20,0.09%,8
2022-01-21,0.09%,9
2022-01-22,0.09%,10
2022-01-23,0.09%,11
2022-01-24,0.09%,12
2022-01-25,0.09%,13
2022-01-26,0.09%,14
2022-01-27,0.09%,15
2022-01-28,0.09%,16
2022-01-29,0.09%,17
2022-01-30,0.09%,18
2022-01-31,0.09%,19
2022-02-01,0.09%,20
2022-02-02,0.56%,0
2022-02-03,0.56%,1
2022-02-04,0.56%,2
2022-02-05,0.56%,3
2022-02-06,0.40%,0
2022-02-07,0.40%,1
2022-02-08,0.40%,2
2022-02-09,0.40%,3
2022-02-10,0.40%,4
2022-02-11,0.40%,5
2022-02-12,0.40%,6
2022-02-13,0.40%,7
2022-02-14,0.40%,8
2022-02-15,0.40%,9
2022-02-16,0.40%,10
2022-02-17,0.40%,11
2022-02-18,0.40%,12
2022-02-19,0.40%,13
2022-02-20,0.40%,14
2022-02-21,0.40%,15
2022-02-22,0.40%,16
2022-02-23,0.40%,17
2022-02-24,0.40%,18
2022-02-25,0.40%,19
2022-02-26,0.40%,20
2022-02-27,0.40%,21
2022-02-28,0.40%,22
2022-03-01,0.57%,0
2022-03-02,0.57%,1
2022-03-03,0.57%,2
2022-03-04,0.57%,3
2022-03-05,0.57%,4
2022-03-06,0.57%,5
2022-03-07,0.57%,6
2022-03-08,0.57%,7
2022-03-09,0.57%,8
2022-03-10,1.17%,0
2022-03-11,1.17%,1
2022-03-12,1.17%,2
2022-03-13,1.17%,3
2022-03-14,1.17%,4
2022-03-15,1.17%,5
2022-03-16,1.17%,6
2022-03-17,1.17%,7
2022-03-18,1.17%,8
2022-03-19,1.17%,9
2022-03-20,1.17%,10
2022-03-21,1.17%,11
2022-03-22,1.17%,12
2022-03-23,1.17%,13
2022-03-24,1.17%,14
2022-03-25,1.17%,15
2022-03-26,1.17%,16
2022-03-27,1.17%,17
2022-03-28,1.17%,18
2022-03-29,1.17%,19
2022-03-30,1.17%,20
2022-03-31,1.17%,21
2022-04-01,1.17%,22
2022-04-02,1.17%,23
2022-04-03,1.17%,24
2022-04-04,1.17%,25
2022-04-05,1.17%,26
2022-04-06,1.17%,27
2022-04-07,1.17%,28
2022-04-08,1.17%,29
2022-04-09,1.17%,30
2022-04-10,1.17%,31
2022-04-11,1.17%,32
2022-04-12,1.17%,33
2022-04-13,1.17%,34
2022-04-14,1.17%,35
2022-04-15,1.17%,36
2022-04-16,1.17%,37
2022-04-17,1.17%,38
2022-04-18,1.17%,39
2022-04-19,1.17%,40
2022-04-20,1.17%,41
2022-04-21,1.17%,42
2022-04-22,1.17%,43
2022-04-23,1.17%,44
2022-04-24,1.17%,45
2022-04-25,1.17%,46
2022-04-26,1.17%,47
2022-04-27,1.17%,48
2022-04-28,1.17%,49
2022-04-29,1.17%,50
2022-04-30,1.17%,51
2022-05-01,1.17%,52
2022-05-02,1.17%,53
2022-05-03,1.17%,54
2022-05-04,1.17%,55
2022-05-05,1.17%,56
2022-05-06,1.17%,57
2022-05-07,1.17%,58
2022-05-08,1.17%,59
2022-05-09,1.17%,60
2022-05-10,1.17%,61
2022-05-11,1.17%,62
2022-05-12,1.17%,63
2022-05-13,1.17%,64
2022-05-14,1.17%,65
2022-05-15,1.17%,66
2022-05-16,1.17%,67
2022-05-17,1.17%,68
2022-05-18,1.17%,69
2022-05-19,1.17%,70
2022-05-20,1.17%,71
2022-05-21,1.17%,72
2022-05-22,1.17%,73
2022-05-23,1.17%,74
2022-05-24,1.17%,75
2022-05-25,1.17%,76
2022-05-26,1.17%,77
2022-05-27,1.17%,78
2022-05-28,1.17%,79
2022-05-29,1.17%,80
2022-05-30,1.17%,81
2022-05-31,1.17%,82
2022-06-01,1.17%,83
2022-06-02,1.17%,84
2022-06-03,1.17%,85
2022-06-04,1.17%,86
2022-06-05,1.17%,87
2022-06-06,1.17%,88
2022-06-07,1.17%,89
2022-06-08,1.17%,90
2022-06-09,1.17%,91
2022-06-10,1.17%,92
2022-06-11,1.17%,93
2022-06-12,1.17%,94
2022-06-13,1.17%,95
2022-06-14,1.17%,96
2022-06-15,1.17%,97
2022-06-16,1.17%,98
2022-06-17,1.17%,99
2022-06-18,1.17%,100
2022-06-19,1.17%,101
2022-06-20,1.17%,102
2022-06-21,1.17%,103
2022-06-22,1.17%,104
2022-06-23,1.17%,105
2022-06-24,1.17%,106
2022-06-25,1.17%,107
2022-06-26,1.17%,108
2022-06-27,1.17%,109
2022-06-28,1.17%,110
2022-06-29,1.17%,111
2022-06-30,1.17%,112
2022-07-01,1.17%,113
2022-07-02,1.17%,114
2022-07-03,1.17%,115
2022-07-04,1.17%,116
2022-07-05,1.17%,117
2022-07-06,1.17%,118
2022-07-07,1.17%,119
2022-07-08,1.17%,120
2022-07-09,1.17%,121
2022-07-10,1.17%,122
2022-07-11,1.17%,123
2022-07-12,1.17%,124
2022-07-13,1.17%,125
2022-07-14,1.17%,126
2022-07-15,1.17%,127
2022-07-16,1.17%,128
2022-07-17,1.17%,129
2022-07-18,1.17%,130
2022-07-19,1.17%,131
2022-07-20,1.17%,132
2022-07-21,1.17%,133
2022-07-22,1.17%,134
2022-07-23,1.17%,135
2022-07-24,1.17%,136
2022-07-25,1.17%,137
2022-07-26,1.17%,138
2022-07-27,1.17%,139
2022-07-28,1.17%,140
2022-07-29,1.17%,141
2022-07-30,1.17%,142
2022-07-31,1.17%,143
2022-08-01,1.17%,144
2022-08-02,1.17%,145
2022-08-03,1.17%,146
2022-08-04,1.17%,147
2022-08-05,1.17%,148
2022-08-06,1.17%,149
2022-08-07,1.17%,150
2022-08-08,1.17%,151
2022-08-09,1.17%,152
2022-08-10,1.17%,153
2022-08-11,1.17%,154
2022-08-12,1.17%,155
2022-08-13,1.17%,156
2022-08-14,1.17%,157
2022-08-15,1.17%,158
2022-08-16,1.17%,159
2022-08-17,1.17%,160
2022-08-18,1.17%,161
2022-08-19,1.17%,162
2022-08-20,1.17%,163
2022-08-21,1.17%,164
2022-08-22,1.17%,165
2022-08-23,1.17%,166
2022-08-24,1.17%,167
2022-08-25,1.17%,168
2022-08-26,1.17%,169
2022-08-27,1.17%,170
2022-08-28,1.17%,171
2022-08-29,1.17%,172
2022-08-30,1.17%,173
2022-08-31,1.17%,174
2022-09-01,1.17%,175
2022-09-02,1.17%,176
2022-09-03,1.17%,177
2022-09-04,1.17%,178
2022-09-05,0.95%,0
2022-09-06,0.95%,1
2022-09-07,0.95%,2
2022-09-08,0.95%,3
2022-09-09,0.95%,4
2022-09-10,0.95%,5
2022-09-11,0.95%,6
2022-09-12,0.95%,7
2022-09-13,0.95%,8
2022-09-14,0.95%,9
2022-09-15,0.95%,10
2022-09-16,0.95%,11
2022-09-17,0.95%,12
2022-09-18,0.95%,13
2022-09-19,0.95%,14
2022-09-20,0.95%,15
2022-09-21,0.95%,16
2022-09-22,0.95%,17
2022-09-23,0.95%,18
2022-09-24,0.95%,19
2022-09-25,0.95%,20
2022-09-26,0.95%,21
2022-09-27,0.95%,22
2022-09-28,0.95%,23
2022-09-29,0.95%,24
2022-09-30,0.95%,25
2022-10-01,0.95%,26
2022-10-02,0.95%,27
2022-10-03,0.95%,28
2022-10-04,0.95%,29
2022-10-05,0.95%,30
2022-10-06,0.95%,31
2022-10-07,0.95%,32
2022-10-08,0.95%,33
2022-10-09,0.95%,34
2022-10-10,0.95%,35
2022-10-11,0.95%,36
2022-10-12,0.95%,37
2022-10-13,0.95%,38
2022-10-14,0.95%,39
2022-10-15,0.95%,40
2022-10-16,0.95%,41
2022-10-17,0.95%,42
2022-10-18,0.95%,43
2022-10-19,0.95%,44
2022-10-20,0.95%,45
2022-10-21,0.95%,46
2022-10-22,0.95%,47
2022-10-23,0.95%,48
2022-10-24,0.95%,49
2022-10-25,0.95%,50
2022-10-26,0.95%,51
2022-10-27,0.95%,52
2022-10-28,0.95%,53
2022-10-29,0.95%,54
2022-10-30,0.95%,55
2022-10-31,0.95%,56
2022-11-01,0.95%,57
2022-11-02,0.95%,58
2022-11-03,0.95%,59
2022-11-04,0.95%,60
2022-11-05,0.95%,61
2022-11-06,0.95%,62
2022-11-07,0.95%,63
2022-11-08,0.95%,64
2022-11-09,0.95%,65
2022-11-10,0.95%,66
2022-11-11,0.95%,67
2022-11-12,0.95%,68
2022-11-13,0.95%,69
2022-11-14,0.95%,70
2022-11-15,0.95%,71
2022-11-16,0.95%,72
2022-11-17,0.95%,73
2022-11-18,0.95%,74
2022-11-19,0.95%,75
2022-11-20,0.95%,76
2022-11-21,0.95%,77
2022-11-22,0.95%,78
2022-11-23,0.95%,79
2022-11-24,0.95%,80
2022-11-25,0.95%,81
2022-11-26,0.95%,82
2022-11-27,0.95%,83
2022-11-28,0.95%,84
2022-11-29,0.95%,85
2022-11-30,0.95%,86
2022-12-01,0.95%,87
2022-12-02,0.95%,88
2022-12-03,0.95%,89
2022-12-04,0.95%,90
2022-12-05,0.95%,91
2022-12-06,0.95%,92
2022-12-07,0.95%,93
2022-12-08,0.95%,94
2022-12-09,0.95%,95
2022-12-10,0.95%,96
2022-12-11,0.95%,97
2022-12-12,0.95%,98
2022-12-13,0.95%,99
2022-12-14,0.95%,100
2022-12-15,0.95%,101
2022-12-16,0.95%,102
2022-12-17,0.95%,103
2022-12-18,0.95%,104
2022-12-19,0.95%,105
2022-12-20,0.95%,106
2022-12-21,0.95%,107
2022-12-22,0.95%,108
2022-12-23,0.95%,109
2022-12-24,0.95%,110
2022-12-25,0.95%,111
2022-12-26,0.95%,112
2022-12-27,0.95%,113
2022-12-28,0.95%,114
2022-12-29,0.95%,115
2022-12-30,0.95%,116
2022-12-31,0.95%,117
2023-01-01,0.95%,118
2023-01-02,0.34%,0
2023-01-03,0.16%,0
2023-01-04,0.16%,1
2023-01-05,0.16%,2
2023-01-06,0.16%,3
2023-01-07,0.16%,4
2023-01-08,0.21%,0
2023-01-09,-0.02%,0
2023-01-10,-0.02%,1
2023-01-11,0.17%,0
2023-01-12,0.38%,0
2023-01-13,0.38%,1
2023-01-14,0.38%,2
2023-01-15,0.38%,3
2023-01-16,0.38%,4
2023-01-17,0.38%,5
2023-01-18,0.38%,6
2023-01-19,0.38%,7
2023-01-20,0.38%,8
2023-01-21,0.38%,9
2023-01-22,0.38%,10
2023-01-23,0.38%,11
2023-01-24,0.38%,12
2023-01-25,0.38%,13
2023-01-26,0.38%,14
2023-01-27,0.38%,15
2023-01-28,0.38%,16
2023-01-29,0.38%,17
2023-01-30,0.38%,18
2023-01-31,0.38%,19
2023-02-01,0.66%,0
2023-02-02,0.66%,1
2023-02-03,0.66%,2
2023-02-04,0.66%,3
2023-02-05,0.33%,0
2023-02-06,0.33%,1
2023-02-07,0.33%,2
2023-02-08,0.33%,3
2023-02-09,0.33%,4
2023-02-10,0.19%,0
2023-02-11,0.19%,1
2023-02-12,0.19%,2
2023-02-13,0.19%,3
2023-02-14,0.19%,4
2023-02-15,0.19%,5
2023-02-16,0.19%,6
2023-02-17,0.19%,7
2023-02-18,0.19%,8
2023-02-19,0.19%,9
2023-02-20,0.19%,10
2023-02-21,0.19%,11
2023-02-22,0.19%,12
2023-02-23,0.19%,13
2023-02-24,0.19%,14
2023-02-25,0.19%,15
2023-02-26,0.19%,16
2023-02-27,0.19%,17
2023-02-28,0.19%,18
2023-03-01,0.19%,19
2023-03-02,0.19%,20
2023-03-03,0.19%,21
2023-03-04,0.18%,0
2023-03-05,0.18%,1
2023-03-06,0.18%,2
2023-03-07,0.14%,0
2023-03-08,0.14%,1
2023-03-09,0.14%,2
2023-03-10,0.14%,3
2023-03-11,0.14%,4
2023-03-12,0.14%,5
2023-03-13,0.14%,6
2023-03-14,0.14%,7
2023-03-15,0.14%,8
2023-03-16,0.14%,9
2023-03-17,0.14%,10
2023-03-18,0.14%,11
2023-03-19,0.14%,12
2023-03-20,0.14%,13
2023-03-21,0.14%,14
2023-03-22,0.14%,15
2023-03-23,0.14%,16
2023-03-24,0.14%,17
2023-03-25,0.14%,18
2023-03-26,0.14%,19
2023-03-27,0.14%,20
2023-03-28,0.14%,21
2023-03-29,0.14%,22
2023-03-30,0.14%,23
2023-03-31,0.14%,24
2023-04-01,0.14%,25
2023-04-02,0.14%,26
2023-04-03,0.14%,27
2023-04-04,0.14%,28
2023-04-05,0.14%,29
2023-04-06,0.14%,30
2023-04-07,0.14%,31
2023-04-08,0.14%,32
2023-04-09,0.14%,33
2023-04-10,0.14%,34
2023-04-11,0.14%,35
2023-04-12,0.14%,36
2023-04-13,0.14%,37
2023-04-14,0.14%,38
2023-04-15,0.14%,39
2023-04-16,0.14%,40
2023-04-17,0.14%,41
2023-04-18,0.14%,42
2023-04-19,0.14%,43
2023-04-20,0.14%,44
2023-04-21,0.14%,45
2023-04-22,0.14%,46
2023-04-23,0.14%,47
2023-04-24,0.14%,48
2023-04-25,0.14%,49
2023-04-26,0.14%,50
2023-04-27,0.14%,51
2023-04-28,0.14%,52
2023-04-29,0.14%,53
2023-04-30,0.14%,54
2023-05-01,0.14%,55
2023-05-02,0.14%,56
2023-05-03,0.14%,57
2023-05-04,0.14%,58
2023-05-05,0.14%,59
2023-05-06,0.09%,0
2023-05-07,0.09%,1
2023-05-08,0.09%,2
2023-05-09,0.09%,3
2023-05-10,0.09%,4
2023-05-11,0.09%,5
2023-05-12,0.09%,6
2023-05-13,0.09%,7
2023-05-14,0.09%,8
2023-05-15,0.09%,9
2023-05-16,0.09%,10
2023-05-17,0.09%,11
2023-05-18,0.09%,12
2023-05-19,0.09%,13
2023-05-20,0.09%,14
2023-05-21,0.09%,15
2023-05-22,0.09%,16
2023-05-23,0.09%,17
2023-05-24,0.09%,18
2023-05-25,0.09%,19
2023-05-26,0.09%,20
2023-05-27,0.09%,21
2023-05-28,0.09%,22
2023-05-29,0.09%,23
2023-05-30,0.09%,24
2023-05-31,0.09%,25
2023-06-01,0.09%,26
2023-06-02,0.09%,27
2023-06-03,0.09%,28
2023-06-04,0.09%,29
2023-06-05,0.09%,30
2023-06-06,0.09%,31
2023-06-07,0.09%,32
2023-06-08,0.09%,33
2023-06-09,0.09%,34
2023-06-10,0.09%,35
2023-06-11,0.09%,36
2023-06-12,0.09%,37
2023-06-13,0.09%,38
2023-06-14,0.09%,39
2023-06-15,0.09%,40
2023-06-16,0.09%,41
2023-06-17,0.09%,42
2023-06-18,0.09%,43
2023-06-19,0.09%,44
2023-06-20,0.09%,45
2023-06-21,0.09%,46
2023-06-22,0.09%,47
2023-06-23,0.09%,48
2023-06-24,0.09%,49
2023-06-25,0.09%,50
2023-06-26,0.09%,51
2023-06-27,0.09%,52
2023-06-28,0.09%,53
2023-06-29,0.09%,54
2023-06-30,0.09%,55
2023-07-01,0.09%,56
2023-07-02,0.09%,57
2023-07-03,0.09%,58
2023-07-04,0.09%,59
2023-07-05,0.09%,60
2023-07-06,0.09%,61
2023-07-07,0.09%,62
2023-07-08,0.09%,63
2023-07-09,0.09%,64
2023-07-10,0.09%,65
2023-07-11,0.09%,66
2023-07-12,0.09%,67
2023-07-13,0.09%,68
2023-07-14,0.09%,69
2023-07-15,0.09%,70
2023-07-16,0.09%,71
2023-07-17,0.09%,72
2023-07-18,0.09%,73
2023-07-19,0.09%,74
2023-07-20,0.09%,75
2023-07-21,0.09%,76
2023-07-22,0.09%,77
2023-07-23,0.09%,78
2023-07-24,0.09%,79
2023-07-25,0.09%,80
2023-07-26,0.09%,81
2023-07-27,0.09%,82
2023-07-28,0.09%,83
2023-07-29,0.09%,84
2023-07-30,0.09%,85
2023-07-31,0.09%,86
2023-08-01,0.09%,87
2023-08-02,0.09%,88
2023-08-03,0.09%,89
2023-08-04,0.09%,90
2023-08-05,0.09%,91
2023-08-06,0.09%,92
2023-08-07,0.09%,93
2023-08-08,0.09%,94
2023-08-09,0.09%,95
2023-08-10,0.09%,96
2023-08-11,0.09%,97
2023-08-12,0.09%,98
2023-08-13,0.09%,99
2023-08-14,0.09%,100
2023-08-15,0.09%,101
2023-08-16,0.09%,102
2023-08-17,0.09%,103
2023-08-18,0.09%,104
2023-08-19,0.09%,105
2023-08-20,0.09%,106
2023-08-21,0.09%,107
2023-08-22,0.09%,108
2023-08-23,0.09%,109
2023-08-24,0.09%,110
2023-08-25,0.09%,111
2023-08-26,0.09%,112
2023-08-27,0.09%,113
2023-08-28,0.09%,114
2023-08-29,0.09%,115
2023-08-30,0.09%,116
2023-08-31,0.09%,117
2023-09-01,0.09%,118
2023-09-02,0.09%,119
2023-09-03,0.09%,120
2023-09-04,0.09%,121
2023-09-05,0.09%,122
2023-09-06,0.09%,123
2023-09-07,0.09%,124
2023-09-08,0.09%,125
2023-09-09,0.09%,126
2023-09-10,0.09%,127
2023-09-11,0.09%,128
2023-09-12,0.09%,129
2023-09-13,0.09%,130
2023-09-14,0.09%,131
2023-09-15,0.09%,132
2023-09-16,0.09%,133
2023-09-17,0.09%,134
2023-09-18,0.09%,135
2023-09-19,0.09%,136
2023-09-20,0.09%,137
2023-09-21,0.09%,138
2023-09-22,0.09%,139
2023-09-23,0.09%,140
2023-09-24,0.09%,141
2023-09-25,0.09%,142
2023-09-26,0.09%,143
2023-09-27,0.09%,144
2023-09-28,0.09%,145
2023-09-29,0.09%,146
2023-09-30,0.09%,147
2023-10-01,0.09%,148
2023-10-02,0.09%,149
2023-10-03,0.09%,150
2023-10-04,0.09%,151
2023-10-05,0.09%,152
2023-10-06,0.09%,153
2023-10-07,0.09%,154
2023-10-08,0.09%,155
2023-10-09,0.09%,156
2023-10-10,0.09%,157
2023-10-11,0.09%,158
2023-10-12,0.09%,159
2023-10-13,0.09%,160
2023-10-14,0.09%,161
2023-10-15,0.09%,162
2023-10-16,0.09%,163
2023-10-17,0.09%,164
2023-10-18,0.09%,165
2023-10-19,0.09%,166
2023-10-20,0.09%,167
2023-10-21,0.09%,168
2023-10-22,0.09%,169
2023-10-23,0.09%,170
2023-10-24,0.09%,171
2023-10-25,0.09%,172
2023-10-26,0.09%,173
2023-10-27,0.09%,174
2023-10-28,0.09%,175
2023-10-29,0.09%,176
2023-10-30,0.09%,177
2023-10-31,0.09%,178
2023-11-01,0.09%,179
2023-11-02,0.09%,180
2023-11-03,0.09%,181
2023-11-04,0.09%,182
2023-11-05,0.09%,183
2023-11-06,0.09%,184
2023-11-07,0.09%,185
2023-11-08,0.09%,186
2023-11-09,0.09%,187
2023-11-10,0.09%,188
2023-11-11,0.09%,189
2023-11-12,0.09%,190
2023-11-13,0.09%,191
2023-11-14,0.09%,192
2023-11-15,0.09%,193
2023-11-16,0.09%,194
2023-11-17,0.09%,195
2023-11-18,0.09%,196
2023-11-19,0.09%,197
2023-11-20,0.09%,198
2023-11-21,0.09%,199
2023-11-22,0.09%,200
2023-11-23,0.09%,201
2023-11-24,0.09%,202
2023-11-25,0.09%,203
2023-11-26,0.09%,204
2023-11-27,0.09%,205
2023-11-28,0.09%,206
2023-11-29,0.09%,207
2023-11-30,0.09%,208
2023-12-01,0.09%,209
2023-12-02,0.09%,210
2023-12-03,0.09%,211
2023-12-04,0.09%,212
2023-12-05,0.09%,213
2023-12-06,0.09%,214
2023-12-07,0.09%,215
2023-12-08,0.09%,216
2023-12-09,0.09%,217
2023-12-10,0.09%,218
2023-12-11,0.09%,219
2023-12-12,0.09%,220
2023-12-13,0.09%,221
2023-12-14,0.09%,222
2023-12-15,0.09%,223
2023-12-16,0.09%,224
2023-12-17,0.09%,225
2023-12-18,0.09%,226
2023-12-19,0.09%,227
2023-12-20,0.09%,228
2023-12-21,0.09%,229
2023-12-22,0.09%,230
2023-12-23,0.09%,231
2023-12-24,0.09%,232
2023-12-25,0.09%,233
2023-12-26,0.09%,234
2023-12-27,0.09%,235
2023-12-28,0.09%,236
2023-12-29,0.09%,237
2023-12-30,0.09%,238
2023-12-31,0.09%,239
2024-01-01,0.09%,240
2024-01-02,0.04%,0
2024-01-03,0.37%,0
2024-01-04,0.52%,0
2024-01-05,0.52%,1
2024-01-06,0.52%,2
2024-01-07,-0.08%,0
2024-01-08,-0.18%,0
2024-01-09,-0.18%,1
2024-01-10,-0.12%,0
2024-01-11,0.08%,0
2024-01-12,0.08%,1
2024-01-13,0.08%,2
2024-01-14,0.08%,3
2024-01-15,0.08%,4
2024-01-16,0.08%,5
2024-01-17,0.08%,6
2024-01-18,0.08%,7
2024-01-19,0.08%,8
2024-01-20,0.08%,9
2024-01-21,0.08%,10
2024-01-22,0.08%,11
2024-01-23,0.08%,12
2024-01-24,0.08%,13
2024-01-25,0.08%,14
2024-01-26,0.08%,15
2024-01-27,0.08%,16
2024-01-28,0.08%,17
2024-01-29,0.08%,18
2024-01-30,0.08%,19
2024-01-31,0.08%,20
2024-02-01,0.41%,0
2024-02-02,0.41%,1
2024-02-03,0.41%,2
2024-02-04,0.41%,3
2024-02-05,0.25%,0
2024-02-06,0.25%,1
2024-02-07,0.25%,2
2024-02-08,0.25%,3
2024-02-09,-0.03%,0
2024-02-10,-0.03%,1
2024-02-11,-0.03%,2
2024-02-12,0.30%,0
2024-02-13,0.30%,1
2024-02-14,0.30%,2
2024-02-15,0.30%,3
2024-02-16,0.30%,4
2024-02-17,0.30%,5
2024-02-18,0.30%,6
2024-02-19,0.30%,7
2024-02-20,0.30%,8
2024-02-21,0.30%,9
2024-02-22,0.30%,10
2024-02-23,0.30%,11
2024-02-24,0.30%,12
2024-02-25,0.30%,13
2024-02-26,0.30%,14
2024-02-27,0.30%,15
2024-02-28,0.30%,16
2024-02-29,0.30%,17
2024-03-01,0.30%,18
2024-03-02,0.30%,19
2024-03-03,0.30%,20
2024-03-04,0.30%,21
2024-03-05,0.30%,22
2024-03-06,-0.03%,0
2024-03-07,-0.03%,1
2024-03-08,-0.03%,2
2024-03-09,-0.03%,3
2024-03-10,-0.03%,4
2024-03-11,-0.03%,5
2024-03-12,-0.03%,6
2024-03-13,-0.03%,7
2024-03-14,-0.03%,8
2024-03-15,-0.03%,9
2024-03-16,-0.03%,10
2024-03-17,-0.03%,11
2024-03-18,-0.03%,12
2024-03-19,-0.03%,13
2024-03-20,-0.03%,14
2024-03-21,-0.03%,15
2024-03-22,-0.03%,16
2024-03-23,-0.03%,17
2024-03-24,-0.03%,18
2024-03-25,-0.03%,19
2024-03-26,-0.03%,20
2024-03-27,-0.03%,21
2024-03-28,-0.03%,22
2024-03-29,-0.03%,23
2024-03-30,-0.03%,24
2024-03-31,-0.03%,25
2024-04-01,-0.03%,26
2024-04-02,-0.03%,27
2024-04-03,-0.03%,28
2024-04-04,-0.03%,29
2024-04-05,-0.03%,30
2024-04-06,-0.03%,31
2024-04-07,-0.03%,32
2024-04-08,-0.03%,33
2024-04-09,-0.03%,34
2024-04-10,-0.03%,35
2024-04-11,-0.03%,36
2024-04-12,-0.03%,37
2024-04-13,-0.03%,38
2024-04-14,-0.03%,39
2024-04-15,-0.03%,40
2024-04-16,-0.03%,41
2024-04-17,-0.03%,42
2024-04-18,-0.03%,43
2024-04-19,-0.03%,44
2024-04-20,-0.03%,45
2024-04-21,-0.03%,46
2024-04-22,-0.03%,47
2024-04-23,-0.03%,48
2024-04-24,-0.03%,49
2024-04-25,-0.03%,50
2024-04-26,-0.03%,51
2024-04-27,-0.03%,52
2024-04-28,-0.03%,53
2024-04-29,-0.03%,54
2024-04-30,-0.03%,55
2024-05-01,-0.03%,56
2024-05-02,-0.03%,57
2024-05-03,-0.03%,58
2024-05-04,-0.03%,59
2024-05-05,-0.03%,60
2024-05-06,-0.03%,61
2024-05-07,-0.03%,62
2024-05-08,-0.03%,63
2024-05-09,-0.03%,64
2024-05-10,-0.03%,65
2024-05-11,-0.03%,66
2024-05-12,-0.03%,67
2024-05-13,-0.03%,68
2024-05-14,-0.03%,69
2024-05-15,-0.03%,70
2024-05-16,-0.03%,71
2024-05-17,-0.03%,72
2024-05-18,-0.03%,73
2024-05-19,-0.03%,74
2024-05-20,-0.03%,75
2024-05-21,-0.03%,76
2024-05-22,-0.03%,77
2024-05-23,-0.03%,78
2024-05-24,-0.03%,79
2024-05-25,-0.03%,80
2024-05-26,-0.03%,81
2024-05-27,-0.03%,82
2024-05-28,-0.03%,83
2024-05-29,-0.03%,84
2024-05-30,-0.03%,85
2024-05-31,-0.03%,86
2024-06-01,-0.03%,87
2024-06-02,-0.03%,88
2024-06-03,-0.03%,89
2024-06-04,-0.03%,90
2024-06-05,-0.03%,91
2024-06-06,-0.03%,92
2024-06-07,-0.03%,93
2024-06-08,-0.03%,94
2024-06-09,-0.03%,95
2024-06-10,-0.03%,96
2024-06-11,-0.03%,97
2024-06-12,-0.03%,98
2024-06-13,-0.03%,99
2024-06-14,-0.03%,100
2024-06-15,-0.03%,101
2024-06-16,-0.03%,102
2024-06-17,-0.03%,103
2024-06-18,-0.03%,104
2024-06-19,-0.03%,105
2024-06-20,-0.03%,106
2024-06-21,-0.03%,107
2024-06-22,-0.03%,108
2024-06-23,-0.03%,109
2024-06-24,-0.03%,110
2024-06-25,-0.03%,111
2024-06-26,-0.03%,112
2024-06-27,-0.03%,113
2024-06-28,-0.03%,114
2024-06-29,-0.03%,115
2024-06-30,-0.03%,116
2024-07-01,-0.03%,117
2024-07-02,-0.03%,118
2024-07-03,-0.03%,119
2024-07-04,-0.03%,120
2024-07-05,-0.03%,121
2024-07-06,-0.03%,122
2024-07-07,-0.03%,123
2024-07-08,-0.03%,124
2024-07-09,-0.03%,125
2024-07-10,-0.03%,126
2024-07-11,-0.03%,127
2024-07-12,-0.03%,128
2024-07-13,-0.03%,129
2024-07-14,-0.03%,130
2024-07-15,-0.03%,131
2024-07-16,-0.03%,132
2024-07-17,-0.03%,133
2024-07-18,-0.03%,134
2024-07-19,-0.03%,135
2024-07-20,-0.03%,136
2024-07-21,-0.03%,137
2024-07-22,-0.03%,138
2024-07-23,-0.03%,139
2024-07-24,-0.03%,140
2024-07-25,-0.03%,141
2024-07-26,-0.03%,142
2024-07-27,-0.03%,143
2024-07-28,-0.03%,144
2024-07-29,-0.03%,145
2024-07-30,-0.03%,146
2024-07-31,-0.03%,147
2024-08-01,-0.03%,148
2024-08-02,-0.03%,149
2024-08-03,-0.03%,150
2024-08-04,-0.03%,151
2024-08-05,-0.03%,152
2024-08-06,-0.03%,153
2024-08-07,-0.03%,154
2024-08-08,-0.03%,155
2024-08-09,-0.03%,156
2024-08-10,-0.03%,157
2024-08-11,-0.03%,158
2024-08-12,-0.03%,159
2024-08-13,-0.03%,160
2024-08-14,-0.03%,161
2024-08-15,-0.03%,162
2024-08-16,-0.03%,163
2024-08-17,-0.03%,164
2024-08-18,-0.03%,165
2024-08-19,-0.03%,166
2024-08-20,-0.03%,167
2024-08-21,-0.03%,168
2024-08-22,-0.03%,169
2024-08-23,-0.03%,170
2024-08-24,-0.03%,171
2024-08-25,-0.03%,172
2024-08-26,-0.03%,173
2024-08-27,-0.03%,174
2024-08-28,-0.03%,175
2024-08-29,-0.03%,176
2024-08-30,-0.03%,177
2024-08-31,-0.03%,178
2024-09-01,-0.03%,179
2024-09-02,-0.03%,180
2024-09-03,-0.03%,181
2024-09-04,-0.03%,182
2024-09-05,-0.03%,183
2024-09-06,-0.03%,184
2024-09-07,-0.03%,185
2024-09-08,-0.03%,186
2024-09-09,-0.03%,187
2024-09-10,-0.03%,188
2024-09-11,-0.03%,189
2024-09-12,-0.03%,190
2024-09-13,-0.03%,191
2024-09-14,-0.03%,192
2024-09-15,-0.03%,193
2024-09-16,-0.03%,194
2024-09-17,-0.03%,195
2024-09-18,-0.03%,196
2024-09-19,-0.03%,197
2024-09-20,-0.03%,198
2024-09-21,-0.03%,199
2024-09-22,-0.03%,200
2024-09-23,-0.03%,201
2024-09-24,-0.03%,202
2024-09-25,-0.03%,203
2024-09-26,-0.03%,204
2024-09-27,-0.03%,205
2024-09-28,-0.03%,206
2024-09-29,-0.03%,207
2024-09-30,-0.03%,208
2024-10-01,-0.03%,209
2024-10-02,-0.03%,210
2024-10-03,-0.03%,211
2024-10-04,-0.03%,212
2024-10-05,-0.03%,213
2024-10-06,-0.03%,214
2024-10-07,-0.03%,215
2024-10-08,-0.03%,216
2024-10-09,-0.03%,217
2024-10-10,-0.03%,218
2024-10-11,-0.03%,219
2024-10-12,-0.03%,220
2024-10-13,-0.03%,221
2024-10-14,-0.03%,222
2024-10-15,-0.03%,223
2024-10-16,-0.03%,224
2024-10-17,-0.03%,225
2024-10-18,-0.03%,226
2024-10-19,-0.03%,227
2024-10-20,-0.03%,228
2024-10-21,-0.03%,229
2024-10-22,-0.03%,230
2024-10-23,-0.03%,231
2024-10-24,-0.03%,232
2024-10-25,-0.03%,233
2024-10-26,-0.03%,234
2024-10-27,-0.03%,235
2024-10-28,-0.03%,236
2024-10-29,-0.03%,237
2024-10-30,-0.03%,238
2024-10-31,-0.03%,239
2024-11-01,-0.03%,240
2024-11-02,-0.03%,241
2024-11-03,-0.03%,242
2024-11-04,-0.03%,243
2024-11-05,-0.03%,244
2024-11-06,-0.03%,245
2024-11-07,-0.03%,246
2024-11-08,-0.03%,247
2024-11-09,-0.03%,248
2024-11-10,-0.03%,249
2024-11-11,-0.03%,250
2024-11-12,-0.03%,251
2024-11-13,-0.03%,252
2024-11-14,-0.03%,253
2024-11-15,-0.03%,254
2024-11-16,-0.03%,255
2024-11-17,-0.03%,256
2024-11-18,-0.03%,257
2024-11-19,-0.03%,258
2024-11-20,-0.03%,259
2024-11-21,-0.03%,260
2024-11-22,-0.03%,261
2024-11-23,-0.03%,262
2024-11-24,-0.03%,263
2024-11-25,-0.03%,264
2024-11-26,-0.03%,265
2024-11-27,-0.03%,266
2024-11-28,-0.03%,267
2024-11-29,-0.03%,268
2024-11-30,-0.03%,269
2024-12-01,-0.03%,270
2024-12-02,-0.03%,271
2024-12-03,-0.03%,272
2024-12-04,-0.03%,273
2024-12-05,-0.03%,274
2024-12-06,-0.03%,275
2024-12-07,-0.03%,276
2024-12-08,-0.03%,277
2024-12-09,-0.03%,278
2024-12-10,-0.03%,279
2024-12-11,-0.03%,280
2024-12-12,-0.03%,281
2024-12-13,-0.03%,282
2024-12-14,-0.03%,283
2024-12-15,-0.03%,284
2024-12-16,-0.03%,285
2024-12-17,-0.03%,286
2024-12-18,-0.03%,287
2024-12-19,-0.03%,288
2024-12-20,-0.03%,289
2024-12-21,-0.03%,290
2024-12-22,-0.03%,291
2024-12-23,-0.03%,292
2024-12-24,-0.03%,293
2024-12-25,-0.03%,294
2024-12-26,-0.03%,295
2024-12-27,-0.03%,296
2024-12-28,-0.03%,297
2024-12-29,-0.03%,298
2024-12-30,-0.03%,299
2024-12-31,-0.03%,300
2025-01-01,-0.03%,301
2025-01-02,-0.03%,302
2025-01-03,-0.03%,303
2025-01-04,-0.03%,304
2025-01-05,-0.03%,305
2025-01-06,-0.03%,306
2025-01-07,0.19%,0
2025-01-08,0.30%,0
2025-01-09,0.30%,1
2025-01-10,0.30%,2
2025-01-11,0.30%,3
2025-01-12,0.30%,4
2025-01-13,0.30%,5
2025-01-14,0.30%,6
2025-01-15,0.30%,7
2025-01-16,0.30%,8
2025-01-17,0.30%,9
2025-01-18,0.30%,10
2025-01-19,0.30%,11
2025-01-20,0.30%,12
2025-01-21,0.30%,13
2025-01-22,0.30%,14
2025-01-23,0.30%,15
2025-01-24,0.30%,16
2025-01-25,0.30%,17
2025-01-26,0.30%,18
2025-01-27,0.30%,19
2025-01-28,0.30%,20
2025-01-29,0.30%,21
2025-01-30,0.30%,22
2025-01-31,0.30%,23
2025-02-01,0.44%,0
2025-02-02,0.44%,1
2025-02-03,0.44%,2
2025-02-04,0.44%,3
2025-02-05,1.17%,0
2025-02-06,-0.37%,0
2025-02-07,-0.37%,1
2025-02-08,-0.37%,2
2025-02-09,-0.37%,3
2025-02-10,-0.37%,4
2025-02-11,-0.37%,5
2025-02-12,-0.37%,6
2025-02-13,-0.37%,7
2025-02-14,-0.37%,8
2025-02-15,-0.37%,9
2025-02-16,-0.37%,10
2025-02-17,-0.37%,11
2025-02-18,-0.37%,12
2025-02-19,-0.37%,13
2025-02-20,-0.37%,14
2025-02-21,-0.37%,15
2025-02-22,-0.37%,16
2025-02-23,-0.37%,17
2025-02-24,-0.37%,18
2025-02-25,-0.37%,19
2025-02-26,-0.37%,20
2025-02-27,-0.37%,21
2025-02-28,-0.37%,22
2025-03-01,-0.37%,23
2025-03-02,-0.76%,0
2025-03-03,-0.48%,0
2025-03-04,-0.48%,1
2025-03-05,-0.48%,2
2025-03-06,-0.48%,3
2025-03-07,-0.48%,4
2025-03-08,-0.48%,5
2025-03-09,-0.48%,6
2025-03-10,-0.48%,7
2025-03-11,-0.48%,8
2025-03-12,-0.48%,9
2025-03-13,-0.48%,10
2025-03-14,-0.48%,11
2025-03-15,-0.48%,12
2025-03-16,-0.48%,13
2025-03-17,-0.48%,14
2025-03-18,-0.48%,15
2025-03-19,-0.48%,16
2025-03-20,-0.48%,17
2025-03-21,-0.48%,18
2025-03-22,-0.48%,19
2025-03-23,-0.48%,20
2025-03-24,-0.48%,21
2025-03-25,-0.48%,22
2025-03-26,-0.48%,23
2025-03-27,-0.48%,24
2025-03-28,-0.48%,25
2025-03-29,-0.48%,26
2025-03-30,-0.48%,27
2025-03-31,-0.48%,28
2025-04-01,-0.48%,29
2025-04-02,-0.48%,30
2025-04-03,-0.48%,31
2025-04-04,-0.48%,32
2025-04-05,-0.48%,33
2025-04-06,-0.48%,34
2025-04-07,-0.48%,35
2025-04-08,-0.48%,36
2025-04-09,-0.48%,37
2025-04-10,-0.48%,38
2025-04-11,-0.48%,39
2025-04-12,-0.48%,40
2025-04-13,-0.48%,41
2025-04-14,-0.48%,42
2025-04-15,-0.48%,43
2025-04-16,-0.48%,44
2025-04-17,-0.48%,45
2025-04-18,-0.48%,46
2025-04-19,-0.48%,47
2025-04-20,-0.48%,48
2025-04-21,-0.48%,49
2025-04-22,-0.48%,50
2025-04-23,-0.48%,51
2025-04-24,-0.48%,52
2025-04-25,-0.48%,53
2025-04-26,-0.48%,54
2025-04-27,-0.48%,55
2025-04-28,-0.48%,56
2025-04-29,-0.48%,57
2025-04-30,-0.48%,58
2025-05-01,-0.48%,59
2025-05-02,-0.48%,60
2025-05-03,-0.48%,61
2025-05-04,-0.48%,62
2025-05-05,-0.48%,63
2025-05-06,-0.48%,64
2025-05-07,-0.48%,65
2025-05-08,-0.48%,66
2025-05-09,-0.48%,67
2025-05-10,-0.48%,68
2025-05-11,-0.48%,69
2025-05-12,-0.48%,70
2025-05-13,-0.48%,71
2025-05-14,-0.48%,72
2025-05-15,-0.48%,73
2025-05-16,-0.48%,74
2025-05-17,-0.48%,75
2025-05-18,-0.48%,76
2025-05-19,-0.48%,77
2025-05-20,-0.48%,78
2025-05-21,-0.48%,79
2025-05-22,-0.48%,80
2025-05-23,-0.48%,81
2025-05-24,-0.48%,82
2025-05-25,-0.48%,83
2025-05-26,-0.48%,84
2025-05-27,-0.48%,85
2025-05-28,-0.48%,86
2025-05-29,-0.48%,87
2025-05-30,-0.48%,88
2025-05-31,-0.48%,89
2025-06-01,-0.48%,90
2025-06-02,-0.48%,91
2025-06-03,-0.48%,92
2025-06-04,-0.48%,93
2025-06-05,-0.48%,94
2025-06-06,-0.48%,95
2025-06-07,-0.48%,96
2025-06-08,-0.48%,97
2025-06-09,-0.48%,98
2025-06-10,-0.48%,99
2025-06-11,-0.48%,100
2025-06-12,-0.48%,101
2025-06-13,-0.48%,102
2025-06-14,-0.48%,103
2025-06-15,-0.48%,104
2025-06-16,-0.48%,105
2025-06-17,-0.48%,106
2025-06-18,-0.48%,107
2025-06-19,-0.48%,108
2025-06-20,-0.48%,109
2025-06-21,-0.48%,110
2025-06-22,-0.48%,111
2025-06-23,-0.48%,112
2025-06-24,-0.48%,113
2025-06-25,-0.48%,114
2025-06-26,-0.48%,115
2025-06-27,-0.48%,116
2025-06-28,-0.48%,117
2025-06-29,-0.48%,118
2025-06-30,-0.48%,119
2025-07-01,-0.48%,120
2025-07-02,-0.48%,121
2025-07-03,-0.48%,122
2025-07-04,-0.48%,123
2025-07-05,-0.48%,124
2025-07-06,-0.48%,125
2025-07-07,-0.48%,126
2025-07-08,-0.48%,127
2025-07-09,-0.48%,128
2025-07-10,-0.48%,129
2025-07-11,-0.48%,130
2025-07-12,-0.48%,131
2025-07-13,-0.48%,132
2025-07-14,-0.48%,133
2025-07-15,-0.48%,134
2025-07-16,-0.48%,135
2025-07-17,-0.48%,136
2025-07-18,-0.48%,137
2025-07-19,-0.48%,138
2025-07-20,-0.48%,139
2025-07-21,-0.48%,140
2025-07-22,-0.48%,141
2025-07-23,-0.48%,142
2025-07-24,-0.48%,143
2025-07-25,-0.48%,144
2025-07-26,-0.48%,145
2025-07-27,-0.48%,146
2025-07-28,-0.48%,147
2025-07-29,-0.48%,148
2025-07-30,-0.48%,149
2025-07-31,-0.48%,150
2025-08-01,-0.48%,151
2025-08-02,-0.48%,152
2025-08-03,-0.48%,153
2025-08-04,1.65%,0
2025-08-05,1.65%,1
2025-08-06,1.65%,2
2025-08-07,1.65%,3
2025-08-08,1.65%,4
2025-08-09,1.65%,5
2025-08-10,1.65%,6
2025-08-11,1.65%,7
2025-08-12,1.65%,8
2025-08-13,1.65%,9
2025-08-14,1.65%,10
2025-08-15,1.65%,11
2025-08-16,1.65%,12
2025-08-17,1.65%,13
2025-08-18,1.65%,14
2025-08-19,1.65%,15
2025-08-20,1.65%,16
2025-08-21,1.65%,17
2025-08-22,1.65%,18
2025-08-23,1.65%,19
2025-08-24,1.65%,20
2025-08-25,1.65%,21
2025-08-26,1.65%,22
2025-08-27,1.65%,23
2025-08-28,1.65%,24
2025-08-29,1.65%,25
2025-08-30,1.65%,26
2025-08-31,1.65%,27
