calendar_date,id_retail_sales_yoy,days_since_id_retail_sales_yoy
2020-01-02,-4.50%,166
2020-01-03,-4.50%,165
2020-01-04,-4.50%,164
2020-01-05,-4.50%,163
2020-01-06,-4.50%,162
2020-01-07,-4.50%,161
2020-01-08,-4.50%,160
2020-01-09,-4.50%,159
2020-01-10,-4.50%,158
2020-01-11,-4.50%,157
2020-01-12,-4.50%,156
2020-01-13,-4.50%,155
2020-01-14,-4.50%,154
2020-01-15,-4.50%,153
2020-01-16,-4.50%,152
2020-01-17,-4.50%,151
2020-01-18,-4.50%,150
2020-01-19,-4.50%,149
2020-01-20,-4.50%,148
2020-01-21,-4.50%,147
2020-01-22,-4.50%,146
2020-01-23,-4.50%,145
2020-01-24,-4.50%,144
2020-01-25,-4.50%,143
2020-01-26,-4.50%,142
2020-01-27,-4.50%,141
2020-01-28,-4.50%,140
2020-01-29,-4.50%,139
2020-01-30,-4.50%,138
2020-01-31,-4.50%,137
2020-02-01,-4.50%,136
2020-02-02,-4.50%,135
2020-02-03,-4.50%,134
2020-02-04,-4.50%,133
2020-02-05,-4.50%,132
2020-02-06,-4.50%,131
2020-02-07,-4.50%,130
2020-02-08,-4.50%,129
2020-02-09,-4.50%,128
2020-02-10,-4.50%,127
2020-02-11,-4.50%,126
2020-02-12,-4.50%,125
2020-02-13,-4.50%,124
2020-02-14,-4.50%,123
2020-02-15,-4.50%,122
2020-02-16,-4.50%,121
2020-02-17,-4.50%,120
2020-02-18,-4.50%,119
2020-02-19,-4.50%,118
2020-02-20,-4.50%,117
2020-02-21,-4.50%,116
2020-02-22,-4.50%,115
2020-02-23,-4.50%,114
2020-02-24,-4.50%,113
2020-02-25,-4.50%,112
2020-02-26,-4.50%,111
2020-02-27,-4.50%,110
2020-02-28,-4.50%,109
2020-02-29,-4.50%,108
2020-03-01,-4.50%,107
2020-03-02,-4.50%,106
2020-03-03,-4.50%,105
2020-03-04,-4.50%,104
2020-03-05,-4.50%,103
2020-03-06,-4.50%,102
2020-03-07,-4.50%,101
2020-03-08,-4.50%,100
2020-03-09,-4.50%,99
2020-03-10,-4.50%,98
2020-03-11,-4.50%,97
2020-03-12,-4.50%,96
2020-03-13,-4.50%,95
2020-03-14,-4.50%,94
2020-03-15,-4.50%,93
2020-03-16,-4.50%,92
2020-03-17,-4.50%,91
2020-03-18,-4.50%,90
2020-03-19,-4.50%,89
2020-03-20,-4.50%,88
2020-03-21,-4.50%,87
2020-03-22,-4.50%,86
2020-03-23,-4.50%,85
2020-03-24,-4.50%,84
2020-03-25,-4.50%,83
2020-03-26,-4.50%,82
2020-03-27,-4.50%,81
2020-03-28,-4.50%,80
2020-03-29,-4.50%,79
2020-03-30,-4.50%,78
2020-03-31,-4.50%,77
2020-04-01,-4.50%,76
2020-04-02,-4.50%,75
2020-04-03,-4.50%,74
2020-04-04,-4.50%,73
2020-04-05,-4.50%,72
2020-04-06,-4.50%,71
2020-04-07,-4.50%,70
2020-04-08,-4.50%,69
2020-04-09,-4.50%,68
2020-04-10,-4.50%,67
2020-04-11,-4.50%,66
2020-04-12,-4.50%,65
2020-04-13,-4.50%,64
2020-04-14,-4.50%,63
2020-04-15,-4.50%,62
2020-04-16,-4.50%,61
2020-04-17,-4.50%,60
2020-04-18,-4.50%,59
2020-04-19,-4.50%,58
2020-04-20,-4.50%,57
2020-04-21,-4.50%,56
2020-04-22,-4.50%,55
2020-04-23,-4.50%,54
2020-04-24,-4.50%,53
2020-04-25,-4.50%,52
2020-04-26,-4.50%,51
2020-04-27,-4.50%,50
2020-04-28,-4.50%,49
2020-04-29,-4.50%,48
2020-04-30,-4.50%,47
2020-05-01,-4.50%,46
2020-05-02,-4.50%,45
2020-05-03,-4.50%,44
2020-05-04,-4.50%,43
2020-05-05,-4.50%,42
2020-05-06,-4.50%,41
2020-05-07,-4.50%,40
2020-05-08,-4.50%,39
2020-05-09,-4.50%,38
2020-05-10,-4.50%,37
2020-05-11,-4.50%,36
2020-05-12,-4.50%,35
2020-05-13,-4.50%,34
2020-05-14,-4.50%,33
2020-05-15,-4.50%,32
2020-05-16,-4.50%,31
2020-05-17,-4.50%,30
2020-05-18,-4.50%,29
2020-05-19,-4.50%,28
2020-05-20,-4.50%,27
2020-05-21,-4.50%,26
2020-05-22,-4.50%,25
2020-05-23,-4.50%,24
2020-05-24,-4.50%,23
2020-05-25,-4.50%,22
2020-05-26,-4.50%,21
2020-05-27,-4.50%,20
2020-05-28,-4.50%,19
2020-05-29,-4.50%,18
2020-05-30,-4.50%,17
2020-05-31,-4.50%,16
2020-06-01,-4.50%,15
2020-06-02,-4.50%,14
2020-06-03,-4.50%,13
2020-06-04,-4.50%,12
2020-06-05,-4.50%,11
2020-06-06,-4.50%,10
2020-06-07,-4.50%,9
2020-06-08,-4.50%,8
2020-06-09,-4.50%,7
2020-06-10,-4.50%,6
2020-06-11,-4.50%,5
2020-06-12,-4.50%,4
2020-06-13,-4.50%,3
2020-06-14,-4.50%,2
2020-06-15,-4.50%,1
2020-06-16,-16.90%,0
2020-06-17,-16.90%,1
2020-06-18,-16.90%,2
2020-06-19,-16.90%,3
2020-06-20,-16.90%,4
2020-06-21,-16.90%,5
2020-06-22,-16.90%,6
2020-06-23,-16.90%,7
2020-06-24,-16.90%,8
2020-06-25,-16.90%,9
2020-06-26,-16.90%,10
2020-06-27,-16.90%,11
2020-06-28,-16.90%,12
2020-06-29,-16.90%,13
2020-06-30,-16.90%,14
2020-07-01,-16.90%,15
2020-07-02,-16.90%,16
2020-07-03,-16.90%,17
2020-07-04,-16.90%,18
2020-07-05,-16.90%,19
2020-07-06,-16.90%,20
2020-07-07,-16.90%,21
2020-07-08,-16.90%,22
2020-07-09,-16.90%,23
2020-07-10,-16.90%,24
2020-07-11,-16.90%,25
2020-07-12,-16.90%,26
2020-07-13,-16.90%,27
2020-07-14,-16.90%,28
2020-07-15,-16.90%,29
2020-07-16,-16.90%,30
2020-07-17,-16.90%,31
2020-07-18,-16.90%,32
2020-07-19,-16.90%,33
2020-07-20,-16.90%,34
2020-07-21,-16.90%,35
2020-07-22,-16.90%,36
2020-07-23,-16.90%,37
2020-07-24,-16.90%,38
2020-07-25,-16.90%,39
2020-07-26,-16.90%,40
2020-07-27,-16.90%,41
2020-07-28,-16.90%,42
2020-07-29,-16.90%,43
2020-07-30,-16.90%,44
2020-07-31,-16.90%,45
2020-08-01,-16.90%,46
2020-08-02,-16.90%,47
2020-08-03,-16.90%,48
2020-08-04,-0.80%,0
2020-08-05,-0.80%,1
2020-08-06,-0.80%,2
2020-08-07,-20.60%,0
2020-08-08,-20.60%,1
2020-08-09,-20.60%,2
2020-08-10,-9.20%,0
2020-08-11,-9.20%,1
2020-08-12,-9.20%,2
2020-08-13,-9.20%,3
2020-08-14,-9.20%,4
2020-08-15,-9.20%,5
2020-08-16,-9.20%,6
2020-08-17,-9.20%,7
2020-08-18,-9.20%,8
2020-08-19,-9.20%,9
2020-08-20,-9.20%,10
2020-08-21,-9.20%,11
2020-08-22,-9.20%,12
2020-08-23,-9.20%,13
2020-08-24,-9.20%,14
2020-08-25,-9.20%,15
2020-08-26,-9.20%,16
2020-08-27,-9.20%,17
2020-08-28,-9.20%,18
2020-08-29,-9.20%,19
2020-08-30,-9.20%,20
2020-08-31,-9.20%,21
2020-09-01,-9.20%,22
2020-09-02,-9.20%,23
2020-09-03,-9.20%,24
2020-09-04,-9.20%,25
2020-09-05,-9.20%,26
2020-09-06,-9.20%,27
2020-09-07,-9.20%,28
2020-09-08,-9.20%,29
2020-09-09,-12.30%,0
2020-09-10,-12.30%,1
2020-09-11,-12.30%,2
2020-09-12,-12.30%,3
2020-09-13,-12.30%,4
2020-09-14,-12.30%,5
2020-09-15,-12.30%,6
2020-09-16,-12.30%,7
2020-09-17,-12.30%,8
2020-09-18,-12.30%,9
2020-09-19,-12.30%,10
2020-09-20,-12.30%,11
2020-09-21,-12.30%,12
2020-09-22,-12.30%,13
2020-09-23,-12.30%,14
2020-09-24,-12.30%,15
2020-09-25,-12.30%,16
2020-09-26,-12.30%,17
2020-09-27,-12.30%,18
2020-09-28,-12.30%,19
2020-09-29,-12.30%,20
2020-09-30,-12.30%,21
2020-10-01,1.30%,0
2020-10-02,1.30%,1
2020-10-03,-0.30%,0
2020-10-04,-0.30%,1
2020-10-05,-0.30%,2
2020-10-06,-0.30%,3
2020-10-07,-0.30%,4
2020-10-08,-0.30%,5
2020-10-09,-0.30%,6
2020-10-10,-0.30%,7
2020-10-11,-0.30%,8
2020-10-12,-14.90%,0
2020-10-13,-14.90%,1
2020-10-14,-14.90%,2
2020-10-15,-14.90%,3
2020-10-16,-14.90%,4
2020-10-17,-14.90%,5
2020-10-18,-14.90%,6
2020-10-19,-14.90%,7
2020-10-20,-14.90%,8
2020-10-21,-14.90%,9
2020-10-22,-14.90%,10
2020-10-23,-14.90%,11
2020-10-24,-14.90%,12
2020-10-25,-14.90%,13
2020-10-26,-14.90%,14
2020-10-27,-14.90%,15
2020-10-28,-14.90%,16
2020-10-29,-14.90%,17
2020-10-30,-14.90%,18
2020-10-31,-14.90%,19
2020-11-01,-14.90%,20
2020-11-02,-0.50%,0
2020-11-03,-0.50%,1
2020-11-04,-0.50%,2
2020-11-05,-0.50%,3
2020-11-06,-0.50%,4
2020-11-07,-0.50%,5
2020-11-08,-17.10%,0
2020-11-09,-17.10%,1
2020-11-10,-17.10%,2
2020-11-11,-8.70%,0
2020-11-12,-8.70%,1
2020-11-13,-8.70%,2
2020-11-14,-8.70%,3
2020-11-15,-8.70%,4
2020-11-16,-8.70%,5
2020-11-17,-8.70%,6
2020-11-18,-8.70%,7
2020-11-19,-8.70%,8
2020-11-20,-8.70%,9
2020-11-21,-8.70%,10
2020-11-22,-8.70%,11
2020-11-23,-8.70%,12
2020-11-24,-8.70%,13
2020-11-25,-8.70%,14
2020-11-26,-8.70%,15
2020-11-27,-8.70%,16
2020-11-28,-8.70%,17
2020-11-29,-8.70%,18
2020-11-30,-8.70%,19
2020-12-01,-8.70%,20
2020-12-02,-8.70%,21
2020-12-03,-8.70%,22
2020-12-04,-8.70%,23
2020-12-05,-4.50%,0
2020-12-06,-4.50%,1
2020-12-07,-4.50%,2
2020-12-08,-4.50%,3
2020-12-09,-4.50%,4
2020-12-10,-4.50%,5
2020-12-11,-4.50%,6
2020-12-12,-4.50%,7
2020-12-13,-4.50%,8
2020-12-14,-4.50%,9
2020-12-15,-4.50%,10
2020-12-16,-4.50%,11
2020-12-17,-4.50%,12
2020-12-18,-4.50%,13
2020-12-19,-4.50%,14
2020-12-20,-4.50%,15
2020-12-21,-4.50%,16
2020-12-22,-4.50%,17
2020-12-23,-4.50%,18
2020-12-24,-4.50%,19
2020-12-25,-4.50%,20
2020-12-26,-4.50%,21
2020-12-27,-4.50%,22
2020-12-28,-4.50%,23
2020-12-29,-4.50%,24
2020-12-30,-4.50%,25
2020-12-31,-4.50%,26
2021-01-01,-4.50%,27
2021-01-02,-4.50%,28
2021-01-03,-4.50%,29
2021-01-04,-4.50%,30
2021-01-05,-4.50%,31
2021-01-06,-4.50%,32
2021-01-07,-4.50%,33
2021-01-08,-4.50%,34
2021-01-09,-4.50%,35
2021-01-10,-4.50%,36
2021-01-11,-4.50%,37
2021-01-12,-4.50%,38
2021-01-13,-4.50%,39
2021-01-14,-4.50%,40
2021-01-15,-4.50%,41
2021-01-16,-4.50%,42
2021-01-17,-4.50%,43
2021-01-18,-4.50%,44
2021-01-19,-4.50%,45
2021-01-20,-4.50%,46
2021-01-21,-4.50%,47
2021-01-22,-4.50%,48
2021-01-23,-4.50%,49
2021-01-24,-4.50%,50
2021-01-25,-4.50%,51
2021-01-26,-4.50%,52
2021-01-27,-4.50%,53
2021-01-28,-4.50%,54
2021-01-29,-4.50%,55
2021-01-30,-4.50%,56
2021-01-31,-4.50%,57
2021-02-01,-4.50%,58
2021-02-02,-4.50%,59
2021-02-03,-4.50%,60
2021-02-04,-4.50%,61
2021-02-05,-4.50%,62
2021-02-06,-4.50%,63
2021-02-07,-4.50%,64
2021-02-08,-4.50%,65
2021-02-09,-4.50%,66
2021-02-10,-4.50%,67
2021-02-11,-4.50%,68
2021-02-12,-4.50%,69
2021-02-13,-4.50%,70
2021-02-14,-4.50%,71
2021-02-15,-4.50%,72
2021-02-16,-4.50%,73
2021-02-17,-4.50%,74
2021-02-18,-4.50%,75
2021-02-19,-4.50%,76
2021-02-20,-4.50%,77
2021-02-21,-4.50%,78
2021-02-22,-4.50%,79
2021-02-23,-4.50%,80
2021-02-24,-4.50%,81
2021-02-25,-4.50%,82
2021-02-26,-4.50%,83
2021-02-27,-4.50%,84
2021-02-28,-4.50%,85
2021-03-01,-4.50%,86
2021-03-02,-4.50%,87
2021-03-03,-4.50%,88
2021-03-04,-4.50%,89
2021-03-05,-4.50%,90
2021-03-06,-4.50%,91
2021-03-07,-4.50%,92
2021-03-08,-4.50%,93
2021-03-09,-4.50%,94
2021-03-10,-4.50%,95
2021-03-11,-4.50%,96
2021-03-12,-4.50%,97
2021-03-13,-4.50%,98
2021-03-14,-4.50%,99
2021-03-15,-4.50%,100
2021-03-16,-4.50%,101
2021-03-17,-4.50%,102
2021-03-18,-4.50%,103
2021-03-19,-4.50%,104
2021-03-20,-4.50%,105
2021-03-21,-4.50%,106
2021-03-22,-4.50%,107
2021-03-23,-4.50%,108
2021-03-24,-4.50%,109
2021-03-25,-4.50%,110
2021-03-26,-4.50%,111
2021-03-27,-4.50%,112
2021-03-28,-4.50%,113
2021-03-29,-4.50%,114
2021-03-30,-4.50%,115
2021-03-31,-4.50%,116
2021-04-01,-4.50%,117
2021-04-02,-4.50%,118
2021-04-03,-4.50%,119
2021-04-04,-4.50%,120
2021-04-05,-4.50%,121
2021-04-06,-4.50%,122
2021-04-07,-4.50%,123
2021-04-08,-4.50%,124
2021-04-09,-4.50%,125
2021-04-10,-4.50%,126
2021-04-11,-4.50%,127
2021-04-12,-4.50%,128
2021-04-13,-4.50%,129
2021-04-14,-4.50%,130
2021-04-15,-4.50%,131
2021-04-16,-4.50%,132
2021-04-17,-4.50%,133
2021-04-18,-4.50%,134
2021-04-19,-4.50%,135
2021-04-20,-4.50%,136
2021-04-21,-4.50%,137
2021-04-22,-4.50%,138
2021-04-23,-4.50%,139
2021-04-24,-4.50%,140
2021-04-25,-4.50%,141
2021-04-26,-4.50%,142
2021-04-27,-4.50%,143
2021-04-28,-4.50%,144
2021-04-29,-4.50%,145
2021-04-30,-4.50%,146
2021-05-01,-4.50%,147
2021-05-02,-4.50%,148
2021-05-03,-4.50%,149
2021-05-04,-4.50%,150
2021-05-05,-4.50%,151
2021-05-06,-4.50%,152
2021-05-07,-4.50%,153
2021-05-08,-4.50%,154
2021-05-09,-4.50%,155
2021-05-10,-4.50%,156
2021-05-11,-4.50%,157
2021-05-12,-4.50%,158
2021-05-13,-4.50%,159
2021-05-14,-4.50%,160
2021-05-15,-4.50%,161
2021-05-16,-4.50%,162
2021-05-17,-4.50%,163
2021-05-18,-4.50%,164
2021-05-19,-4.50%,165
2021-05-20,-4.50%,166
2021-05-21,-4.50%,167
2021-05-22,-4.50%,168
2021-05-23,-4.50%,169
2021-05-24,-4.50%,170
2021-05-25,-4.50%,171
2021-05-26,-4.50%,172
2021-05-27,-4.50%,173
2021-05-28,-4.50%,174
2021-05-29,-4.50%,175
2021-05-30,-4.50%,176
2021-05-31,-4.50%,177
2021-06-01,-4.50%,178
2021-06-02,-4.50%,179
2021-06-03,-4.50%,180
2021-06-04,-4.50%,181
2021-06-05,-4.50%,182
2021-06-06,-4.50%,183
2021-06-07,-4.50%,184
2021-06-08,-4.50%,185
2021-06-09,-4.50%,186
2021-06-10,-4.50%,187
2021-06-11,-4.50%,188
2021-06-12,-4.50%,189
2021-06-13,-4.50%,190
2021-06-14,-4.50%,191
2021-06-15,-4.50%,192
2021-06-16,-4.50%,193
2021-06-17,-4.50%,194
2021-06-18,-4.50%,195
2021-06-19,-4.50%,196
2021-06-20,-4.50%,197
2021-06-21,-4.50%,198
2021-06-22,-4.50%,199
2021-06-23,-4.50%,200
2021-06-24,-4.50%,201
2021-06-25,-4.50%,202
2021-06-26,-4.50%,203
2021-06-27,-4.50%,204
2021-06-28,-4.50%,205
2021-06-29,-4.50%,206
2021-06-30,-4.50%,207
2021-07-01,-4.50%,208
2021-07-02,-4.50%,209
2021-07-03,-4.50%,210
2021-07-04,-4.50%,211
2021-07-05,-4.50%,212
2021-07-06,-4.50%,213
2021-07-07,-4.50%,214
2021-07-08,-4.50%,215
2021-07-09,-4.50%,216
2021-07-10,-4.50%,217
2021-07-11,-4.50%,218
2021-07-12,-4.50%,219
2021-07-13,-4.50%,220
2021-07-14,-4.50%,221
2021-07-15,-4.50%,222
2021-07-16,-4.50%,223
2021-07-17,-4.50%,224
2021-07-18,-4.50%,225
2021-07-19,-4.50%,226
2021-07-20,-4.50%,227
2021-07-21,-4.50%,228
2021-07-22,-4.50%,229
2021-07-23,-4.50%,230
2021-07-24,-4.50%,231
2021-07-25,-4.50%,232
2021-07-26,-4.50%,233
2021-07-27,-4.50%,234
2021-07-28,-4.50%,235
2021-07-29,-4.50%,236
2021-07-30,-4.50%,237
2021-07-31,-4.50%,238
2021-08-01,-4.50%,239
2021-08-02,-4.50%,240
2021-08-03,-4.50%,241
2021-08-04,-4.50%,242
2021-08-05,-4.50%,243
2021-08-06,-4.50%,244
2021-08-07,-4.50%,245
2021-08-08,-4.50%,246
2021-08-09,-4.50%,247
2021-08-10,-4.50%,248
2021-08-11,-4.50%,249
2021-08-12,-4.50%,250
2021-08-13,-4.50%,251
2021-08-14,-4.50%,252
2021-08-15,-4.50%,253
2021-08-16,-4.50%,254
2021-08-17,-4.50%,255
2021-08-18,-4.50%,256
2021-08-19,-4.50%,257
2021-08-20,-4.50%,258
2021-08-21,-4.50%,259
2021-08-22,-4.50%,260
2021-08-23,-4.50%,261
2021-08-24,-4.50%,262
2021-08-25,-4.50%,263
2021-08-26,-4.50%,264
2021-08-27,-4.50%,265
2021-08-28,-4.50%,266
2021-08-29,-4.50%,267
2021-08-30,-4.50%,268
2021-08-31,-4.50%,269
2021-09-01,-4.50%,270
2021-09-02,-19.20%,0
2021-09-03,-16.40%,0
2021-09-04,-16.40%,1
2021-09-05,-16.40%,2
2021-09-06,-16.40%,3
2021-09-07,14.70%,0
2021-09-08,14.70%,1
2021-09-09,-2.90%,0
2021-09-10,-2.90%,1
2021-09-11,-2.20%,0
2021-09-12,-2.20%,1
2021-09-13,-2.20%,2
2021-09-14,-2.20%,3
2021-09-15,-2.20%,4
2021-09-16,-2.20%,5
2021-09-17,-2.20%,6
2021-09-18,-2.20%,7
2021-09-19,-2.20%,8
2021-09-20,-2.20%,9
2021-09-21,-2.20%,10
2021-09-22,-2.20%,11
2021-09-23,-2.20%,12
2021-09-24,-2.20%,13
2021-09-25,-2.20%,14
2021-09-26,-2.20%,15
2021-09-27,-2.20%,16
2021-09-28,-2.20%,17
2021-09-29,-2.20%,18
2021-09-30,-2.20%,19
2021-10-01,-2.20%,20
2021-10-02,-2.20%,21
2021-10-03,-2.20%,22
2021-10-04,-2.20%,23
2021-10-05,-2.20%,24
2021-10-06,15.60%,0
2021-10-07,15.60%,1
2021-10-08,2.50%,0
2021-10-09,2.50%,1
2021-10-10,2.50%,2
2021-10-11,2.50%,3
2021-10-12,6.50%,0
2021-10-13,6.50%,1
2021-10-14,6.50%,2
2021-10-15,6.50%,3
2021-10-16,6.50%,4
2021-10-17,6.50%,5
2021-10-18,6.50%,6
2021-10-19,6.50%,7
2021-10-20,6.50%,8
2021-10-21,6.50%,9
2021-10-22,6.50%,10
2021-10-23,6.50%,11
2021-10-24,6.50%,12
2021-10-25,6.50%,13
2021-10-26,6.50%,14
2021-10-27,6.50%,15
2021-10-28,6.50%,16
2021-10-29,6.50%,17
2021-10-30,6.50%,18
2021-10-31,6.50%,19
2021-11-01,6.50%,20
2021-11-02,6.50%,21
2021-11-03,6.50%,22
2021-11-04,6.50%,23
2021-11-05,-14.60%,0
2021-11-06,-14.60%,1
2021-11-07,-14.60%,2
2021-11-08,-14.60%,3
2021-11-09,-14.60%,4
2021-11-10,-2.10%,0
2021-11-11,-2.10%,1
2021-11-12,-2.10%,2
2021-11-13,-2.10%,3
2021-11-14,-2.10%,4
2021-11-15,-2.10%,5
2021-11-16,-2.10%,6
2021-11-17,-2.10%,7
2021-11-18,-2.10%,8
2021-11-19,-2.10%,9
2021-11-20,-2.10%,10
2021-11-21,-2.10%,11
2021-11-22,-2.10%,12
2021-11-23,-2.10%,13
2021-11-24,-2.10%,14
2021-11-25,-2.10%,15
2021-11-26,-2.10%,16
2021-11-27,-2.10%,17
2021-11-28,-2.10%,18
2021-11-29,-2.10%,19
2021-11-30,-2.10%,20
2021-12-01,-16.30%,0
2021-12-02,-16.30%,1
2021-12-03,-16.30%,2
2021-12-04,-18.10%,0
2021-12-05,-18.10%,1
2021-12-06,-18.10%,2
2021-12-07,-18.10%,3
2021-12-08,-18.10%,4
2021-12-09,-18.10%,5
2021-12-10,-18.10%,6
2021-12-11,-18.10%,7
2021-12-12,-18.10%,8
2021-12-13,-18.10%,9
2021-12-14,-18.10%,10
2021-12-15,-18.10%,11
2021-12-16,-18.10%,12
2021-12-17,-18.10%,13
2021-12-18,-18.10%,14
2021-12-19,-18.10%,15
2021-12-20,-18.10%,16
2021-12-21,-18.10%,17
2021-12-22,-18.10%,18
2021-12-23,-18.10%,19
2021-12-24,-18.10%,20
2021-12-25,-18.10%,21
2021-12-26,-18.10%,22
2021-12-27,-18.10%,23
2021-12-28,-18.10%,24
2021-12-29,-18.10%,25
2021-12-30,-18.10%,26
2021-12-31,-18.10%,27
2022-01-01,-18.10%,28
2022-01-02,-18.10%,29
2022-01-03,-18.10%,30
2022-01-04,-18.10%,31
2022-01-05,-18.10%,32
2022-01-06,-18.10%,33
2022-01-07,-18.10%,34
2022-01-08,-18.10%,35
2022-01-09,-18.10%,36
2022-01-10,-18.10%,37
2022-01-11,-18.10%,38
2022-01-12,-18.10%,39
2022-01-13,-18.10%,40
2022-01-14,-18.10%,41
2022-01-15,-18.10%,42
2022-01-16,-18.10%,43
2022-01-17,-18.10%,44
2022-01-18,-18.10%,45
2022-01-19,-18.10%,46
2022-01-20,-18.10%,47
2022-01-21,-18.10%,48
2022-01-22,-18.10%,49
2022-01-23,-18.10%,50
2022-01-24,-18.10%,51
2022-01-25,-18.10%,52
2022-01-26,-18.10%,53
2022-01-27,-18.10%,54
2022-01-28,-18.10%,55
2022-01-29,-18.10%,56
2022-01-30,-18.10%,57
2022-01-31,-18.10%,58
2022-02-01,-18.10%,59
2022-02-02,-18.10%,60
2022-02-03,-18.10%,61
2022-02-04,-18.10%,62
2022-02-05,-18.10%,63
2022-02-06,-18.10%,64
2022-02-07,-18.10%,65
2022-02-08,-18.10%,66
2022-02-09,-18.10%,67
2022-02-10,-18.10%,68
2022-02-11,-18.10%,69
2022-02-12,-18.10%,70
2022-02-13,-18.10%,71
2022-02-14,13.80%,0
2022-02-15,13.80%,1
2022-02-16,13.80%,2
2022-02-17,13.80%,3
2022-02-18,13.80%,4
2022-02-19,13.80%,5
2022-02-20,13.80%,6
2022-02-21,13.80%,7
2022-02-22,13.80%,8
2022-02-23,13.80%,9
2022-02-24,13.80%,10
2022-02-25,13.80%,11
2022-02-26,13.80%,12
2022-02-27,13.80%,13
2022-02-28,13.80%,14
2022-03-01,13.80%,15
2022-03-02,13.80%,16
2022-03-03,13.80%,17
2022-03-04,13.80%,18
2022-03-05,13.80%,19
2022-03-06,13.80%,20
2022-03-07,13.80%,21
2022-03-08,13.80%,22
2022-03-09,13.80%,23
2022-03-10,13.80%,24
2022-03-11,13.80%,25
2022-03-12,13.80%,26
2022-03-13,13.80%,27
2022-03-14,13.80%,28
2022-03-15,13.80%,29
2022-03-16,13.80%,30
2022-03-17,13.80%,31
2022-03-18,13.80%,32
2022-03-19,13.80%,33
2022-03-20,13.80%,34
2022-03-21,13.80%,35
2022-03-22,13.80%,36
2022-03-23,13.80%,37
2022-03-24,13.80%,38
2022-03-25,13.80%,39
2022-03-26,13.80%,40
2022-03-27,13.80%,41
2022-03-28,13.80%,42
2022-03-29,13.80%,43
2022-03-30,13.80%,44
2022-03-31,13.80%,45
2022-04-01,13.80%,46
2022-04-02,13.80%,47
2022-04-03,13.80%,48
2022-04-04,13.80%,49
2022-04-05,13.80%,50
2022-04-06,13.80%,51
2022-04-07,13.80%,52
2022-04-08,13.80%,53
2022-04-09,13.80%,54
2022-04-10,13.80%,55
2022-04-11,13.80%,56
2022-04-12,13.80%,57
2022-04-13,13.80%,58
2022-04-14,13.80%,59
2022-04-15,13.80%,60
2022-04-16,13.80%,61
2022-04-17,13.80%,62
2022-04-18,13.80%,63
2022-04-19,13.80%,64
2022-04-20,13.80%,65
2022-04-21,13.80%,66
2022-04-22,13.80%,67
2022-04-23,13.80%,68
2022-04-24,13.80%,69
2022-04-25,13.80%,70
2022-04-26,13.80%,71
2022-04-27,13.80%,72
2022-04-28,13.80%,73
2022-04-29,13.80%,74
2022-04-30,13.80%,75
2022-05-01,13.80%,76
2022-05-02,13.80%,77
2022-05-03,13.80%,78
2022-05-04,13.80%,79
2022-05-05,13.80%,80
2022-05-06,13.80%,81
2022-05-07,13.80%,82
2022-05-08,13.80%,83
2022-05-09,13.80%,84
2022-05-10,13.80%,85
2022-05-11,13.80%,86
2022-05-12,13.80%,87
2022-05-13,13.80%,88
2022-05-14,13.80%,89
2022-05-15,13.80%,90
2022-05-16,13.80%,91
2022-05-17,13.80%,92
2022-05-18,13.80%,93
2022-05-19,13.80%,94
2022-05-20,13.80%,95
2022-05-21,13.80%,96
2022-05-22,13.80%,97
2022-05-23,13.80%,98
2022-05-24,13.80%,99
2022-05-25,13.80%,100
2022-05-26,13.80%,101
2022-05-27,13.80%,102
2022-05-28,13.80%,103
2022-05-29,13.80%,104
2022-05-30,13.80%,105
2022-05-31,13.80%,106
2022-06-01,13.80%,107
2022-06-02,13.80%,108
2022-06-03,13.80%,109
2022-06-04,13.80%,110
2022-06-05,13.80%,111
2022-06-06,13.80%,112
2022-06-07,13.80%,113
2022-06-08,13.80%,114
2022-06-09,13.80%,115
2022-06-10,13.80%,116
2022-06-11,13.80%,117
2022-06-12,13.80%,118
2022-06-13,13.80%,119
2022-06-14,13.80%,120
2022-06-15,13.80%,121
2022-06-16,13.80%,122
2022-06-17,13.80%,123
2022-06-18,13.80%,124
2022-06-19,13.80%,125
2022-06-20,13.80%,126
2022-06-21,13.80%,127
2022-06-22,13.80%,128
2022-06-23,13.80%,129
2022-06-24,13.80%,130
2022-06-25,13.80%,131
2022-06-26,13.80%,132
2022-06-27,13.80%,133
2022-06-28,13.80%,134
2022-06-29,13.80%,135
2022-06-30,13.80%,136
2022-07-01,13.80%,137
2022-07-02,13.80%,138
2022-07-03,13.80%,139
2022-07-04,13.80%,140
2022-07-05,13.80%,141
2022-07-06,13.80%,142
2022-07-07,13.80%,143
2022-07-08,13.80%,144
2022-07-09,13.80%,145
2022-07-10,13.80%,146
2022-07-11,13.80%,147
2022-07-12,13.80%,148
2022-07-13,13.80%,149
2022-07-14,13.80%,150
2022-07-15,13.80%,151
2022-07-16,13.80%,152
2022-07-17,13.80%,153
2022-07-18,13.80%,154
2022-07-19,13.80%,155
2022-07-20,13.80%,156
2022-07-21,13.80%,157
2022-07-22,13.80%,158
2022-07-23,13.80%,159
2022-07-24,13.80%,160
2022-07-25,13.80%,161
2022-07-26,13.80%,162
2022-07-27,13.80%,163
2022-07-28,13.80%,164
2022-07-29,13.80%,165
2022-07-30,13.80%,166
2022-07-31,13.80%,167
2022-08-01,13.80%,168
2022-08-02,13.80%,169
2022-08-03,13.80%,170
2022-08-04,13.80%,171
2022-08-05,13.80%,172
2022-08-06,13.80%,173
2022-08-07,13.80%,174
2022-08-08,13.80%,175
2022-08-09,13.80%,176
2022-08-10,13.80%,177
2022-08-11,13.80%,178
2022-08-12,13.80%,179
2022-08-13,13.80%,180
2022-08-14,13.80%,181
2022-08-15,13.80%,182
2022-08-16,13.80%,183
2022-08-17,13.80%,184
2022-08-18,13.80%,185
2022-08-19,13.80%,186
2022-08-20,13.80%,187
2022-08-21,13.80%,188
2022-08-22,13.80%,189
2022-08-23,13.80%,190
2022-08-24,13.80%,191
2022-08-25,13.80%,192
2022-08-26,13.80%,193
2022-08-27,13.80%,194
2022-08-28,13.80%,195
2022-08-29,13.80%,196
2022-08-30,13.80%,197
2022-08-31,13.80%,198
2022-09-01,13.80%,199
2022-09-02,13.80%,200
2022-09-03,13.80%,201
2022-09-04,13.80%,202
2022-09-05,13.80%,203
2022-09-06,13.80%,204
2022-09-07,13.80%,205
2022-09-08,4.10%,0
2022-09-09,6.20%,0
2022-09-10,6.20%,1
2022-09-11,4.60%,0
2022-09-12,3.70%,0
2022-09-13,3.70%,1
2022-09-14,3.70%,2
2022-09-15,3.70%,3
2022-09-16,3.70%,4
2022-09-17,3.70%,5
2022-09-18,3.70%,6
2022-09-19,3.70%,7
2022-09-20,3.70%,8
2022-09-21,3.70%,9
2022-09-22,3.70%,10
2022-09-23,3.70%,11
2022-09-24,3.70%,12
2022-09-25,3.70%,13
2022-09-26,3.70%,14
2022-09-27,3.70%,15
2022-09-28,3.70%,16
2022-09-29,3.70%,17
2022-09-30,3.70%,18
2022-10-01,3.70%,19
2022-10-02,3.70%,20
2022-10-03,15.20%,0
2022-10-04,15.20%,1
2022-10-05,15.20%,2
2022-10-06,8.50%,0
2022-10-07,8.50%,1
2022-10-08,8.50%,2
2022-10-09,8.50%,3
2022-10-10,8.50%,4
2022-10-11,8.50%,5
2022-10-12,8.50%,6
2022-10-13,8.50%,7
2022-10-14,8.50%,8
2022-10-15,8.50%,9
2022-10-16,8.50%,10
2022-10-17,8.50%,11
2022-10-18,8.50%,12
2022-10-19,8.50%,13
2022-10-20,8.50%,14
2022-10-21,8.50%,15
2022-10-22,8.50%,16
2022-10-23,8.50%,17
2022-10-24,8.50%,18
2022-10-25,8.50%,19
2022-10-26,8.50%,20
2022-10-27,8.50%,21
2022-10-28,8.50%,22
2022-10-29,8.50%,23
2022-10-30,8.50%,24
2022-10-31,8.50%,25
2022-11-01,10.80%,0
2022-11-02,10.80%,1
2022-11-03,10.80%,2
2022-11-04,12.90%,0
2022-11-05,12.90%,1
2022-11-06,12.90%,2
2022-11-07,2.90%,0
2022-11-08,2.90%,1
2022-11-09,2.90%,2
2022-11-10,4.90%,0
2022-11-11,4.90%,1
2022-11-12,4.90%,2
2022-11-13,4.90%,3
2022-11-14,4.90%,4
2022-11-15,4.90%,5
2022-11-16,4.90%,6
2022-11-17,4.90%,7
2022-11-18,4.90%,8
2022-11-19,4.90%,9
2022-11-20,4.90%,10
2022-11-21,4.90%,11
2022-11-22,4.90%,12
2022-11-23,4.90%,13
2022-11-24,4.90%,14
2022-11-25,4.90%,15
2022-11-26,4.90%,16
2022-11-27,4.90%,17
2022-11-28,4.90%,18
2022-11-29,4.90%,19
2022-11-30,4.90%,20
2022-12-01,4.90%,21
2022-12-02,4.90%,22
2022-12-03,4.90%,23
2022-12-04,4.90%,24
2022-12-05,9.30%,0
2022-12-06,9.30%,1
2022-12-07,9.30%,2
2022-12-08,9.30%,3
2022-12-09,9.30%,4
2022-12-10,9.30%,5
2022-12-11,9.30%,6
2022-12-12,9.30%,7
2022-12-13,9.30%,8
2022-12-14,9.30%,9
2022-12-15,9.30%,10
2022-12-16,9.30%,11
2022-12-17,9.30%,12
2022-12-18,9.30%,13
2022-12-19,9.30%,14
2022-12-20,9.30%,15
2022-12-21,9.30%,16
2022-12-22,9.30%,17
2022-12-23,9.30%,18
2022-12-24,9.30%,19
2022-12-25,9.30%,20
2022-12-26,9.30%,21
2022-12-27,9.30%,22
2022-12-28,9.30%,23
2022-12-29,9.30%,24
2022-12-30,9.30%,25
2022-12-31,9.30%,26
2023-01-01,9.30%,27
2023-01-02,9.30%,28
2023-01-03,9.30%,29
2023-01-04,9.30%,30
2023-01-05,9.30%,31
2023-01-06,9.30%,32
2023-01-07,9.30%,33
2023-01-08,9.30%,34
2023-01-09,9.30%,35
2023-01-10,9.30%,36
2023-01-11,9.30%,37
2023-01-12,9.30%,38
2023-01-13,9.30%,39
2023-01-14,9.30%,40
2023-01-15,9.30%,41
2023-01-16,9.30%,42
2023-01-17,9.30%,43
2023-01-18,9.30%,44
2023-01-19,9.30%,45
2023-01-20,9.30%,46
2023-01-21,9.30%,47
2023-01-22,9.30%,48
2023-01-23,9.30%,49
2023-01-24,9.30%,50
2023-01-25,9.30%,51
2023-01-26,9.30%,52
2023-01-27,9.30%,53
2023-01-28,9.30%,54
2023-01-29,9.30%,55
2023-01-30,9.30%,56
2023-01-31,9.30%,57
2023-02-01,9.30%,58
2023-02-02,9.30%,59
2023-02-03,9.30%,60
2023-02-04,9.30%,61
2023-02-05,9.30%,62
2023-02-06,9.30%,63
2023-02-07,9.30%,64
2023-02-08,9.30%,65
2023-02-09,9.30%,66
2023-02-10,9.30%,67
2023-02-11,9.30%,68
2023-02-12,9.30%,69
2023-02-13,9.30%,70
2023-02-14,9.30%,71
2023-02-15,9.30%,72
2023-02-16,9.30%,73
2023-02-17,9.30%,74
2023-02-18,9.30%,75
2023-02-19,9.30%,76
2023-02-20,9.30%,77
2023-02-21,9.30%,78
2023-02-22,9.30%,79
2023-02-23,9.30%,80
2023-02-24,9.30%,81
2023-02-25,9.30%,82
2023-02-26,9.30%,83
2023-02-27,9.30%,84
2023-02-28,9.30%,85
2023-03-01,9.30%,86
2023-03-02,9.30%,87
2023-03-03,9.30%,88
2023-03-04,9.30%,89
2023-03-05,9.30%,90
2023-03-06,9.30%,91
2023-03-07,9.30%,92
2023-03-08,9.30%,93
2023-03-09,9.30%,94
2023-03-10,9.30%,95
2023-03-11,9.30%,96
2023-03-12,9.30%,97
2023-03-13,9.30%,98
2023-03-14,9.30%,99
2023-03-15,9.30%,100
2023-03-16,9.30%,101
2023-03-17,9.30%,102
2023-03-18,9.30%,103
2023-03-19,9.30%,104
2023-03-20,9.30%,105
2023-03-21,9.30%,106
2023-03-22,9.30%,107
2023-03-23,9.30%,108
2023-03-24,9.30%,109
2023-03-25,9.30%,110
2023-03-26,9.30%,111
2023-03-27,9.30%,112
2023-03-28,9.30%,113
2023-03-29,9.30%,114
2023-03-30,9.30%,115
2023-03-31,9.30%,116
2023-04-01,9.30%,117
2023-04-02,9.30%,118
2023-04-03,9.30%,119
2023-04-04,9.30%,120
2023-04-05,9.30%,121
2023-04-06,9.30%,122
2023-04-07,9.30%,123
2023-04-08,9.30%,124
2023-04-09,9.30%,125
2023-04-10,9.30%,126
2023-04-11,9.30%,127
2023-04-12,9.30%,128
2023-04-13,9.30%,129
2023-04-14,9.30%,130
2023-04-15,9.30%,131
2023-04-16,9.30%,132
2023-04-17,9.30%,133
2023-04-18,9.30%,134
2023-04-19,9.30%,135
2023-04-20,9.30%,136
2023-04-21,9.30%,137
2023-04-22,9.30%,138
2023-04-23,9.30%,139
2023-04-24,9.30%,140
2023-04-25,9.30%,141
2023-04-26,9.30%,142
2023-04-27,9.30%,143
2023-04-28,9.30%,144
2023-04-29,9.30%,145
2023-04-30,9.30%,146
2023-05-01,9.30%,147
2023-05-02,9.30%,148
2023-05-03,9.30%,149
2023-05-04,9.30%,150
2023-05-05,9.30%,151
2023-05-06,9.30%,152
2023-05-07,9.30%,153
2023-05-08,9.30%,154
2023-05-09,9.30%,155
2023-05-10,9.30%,156
2023-05-11,9.30%,157
2023-05-12,9.30%,158
2023-05-13,9.30%,159
2023-05-14,9.30%,160
2023-05-15,9.30%,161
2023-05-16,9.30%,162
2023-05-17,9.30%,163
2023-05-18,9.30%,164
2023-05-19,9.30%,165
2023-05-20,9.30%,166
2023-05-21,9.30%,167
2023-05-22,9.30%,168
2023-05-23,9.30%,169
2023-05-24,9.30%,170
2023-05-25,9.30%,171
2023-05-26,9.30%,172
2023-05-27,9.30%,173
2023-05-28,9.30%,174
2023-05-29,9.30%,175
2023-05-30,9.30%,176
2023-05-31,9.30%,177
2023-06-01,9.30%,178
2023-06-02,9.30%,179
2023-06-03,9.30%,180
2023-06-04,9.30%,181
2023-06-05,9.30%,182
2023-06-06,9.30%,183
2023-06-07,9.30%,184
2023-06-08,9.30%,185
2023-06-09,9.30%,186
2023-06-10,9.30%,187
2023-06-11,9.30%,188
2023-06-12,9.30%,189
2023-06-13,1.50%,0
2023-06-14,1.50%,1
2023-06-15,1.50%,2
2023-06-16,1.50%,3
2023-06-17,1.50%,4
2023-06-18,1.50%,5
2023-06-19,1.50%,6
2023-06-20,1.50%,7
2023-06-21,1.50%,8
2023-06-22,1.50%,9
2023-06-23,1.50%,10
2023-06-24,1.50%,11
2023-06-25,1.50%,12
2023-06-26,1.50%,13
2023-06-27,1.50%,14
2023-06-28,1.50%,15
2023-06-29,1.50%,16
2023-06-30,1.50%,17
2023-07-01,1.50%,18
2023-07-02,1.50%,19
2023-07-03,1.50%,20
2023-07-04,1.50%,21
2023-07-05,1.50%,22
2023-07-06,1.50%,23
2023-07-07,1.50%,24
2023-07-08,1.50%,25
2023-07-09,1.50%,26
2023-07-10,1.50%,27
2023-07-11,1.50%,28
2023-07-12,1.50%,29
2023-07-13,1.50%,30
2023-07-14,1.50%,31
2023-07-15,1.50%,32
2023-07-16,1.50%,33
2023-07-17,1.50%,34
2023-07-18,1.50%,35
2023-07-19,1.50%,36
2023-07-20,1.50%,37
2023-07-21,1.50%,38
2023-07-22,1.50%,39
2023-07-23,1.50%,40
2023-07-24,1.50%,41
2023-07-25,1.50%,42
2023-07-26,1.50%,43
2023-07-27,1.50%,44
2023-07-28,1.50%,45
2023-07-29,1.50%,46
2023-07-30,1.50%,47
2023-07-31,1.50%,48
2023-08-01,1.50%,49
2023-08-02,1.50%,50
2023-08-03,1.50%,51
2023-08-04,1.50%,52
2023-08-05,1.50%,53
2023-08-06,1.50%,54
2023-08-07,1.50%,55
2023-08-08,1.50%,56
2023-08-09,1.50%,57
2023-08-10,1.50%,58
2023-08-11,1.50%,59
2023-08-12,1.50%,60
2023-08-13,1.50%,61
2023-08-14,1.50%,62
2023-08-15,1.50%,63
2023-08-16,1.50%,64
2023-08-17,1.50%,65
2023-08-18,1.50%,66
2023-08-19,1.50%,67
2023-08-20,1.50%,68
2023-08-21,1.50%,69
2023-08-22,1.50%,70
2023-08-23,1.50%,71
2023-08-24,1.50%,72
2023-08-25,1.50%,73
2023-08-26,1.50%,74
2023-08-27,1.50%,75
2023-08-28,1.50%,76
2023-08-29,1.50%,77
2023-08-30,1.50%,78
2023-08-31,1.50%,79
2023-09-01,1.50%,80
2023-09-02,0.70%,0
2023-09-03,-0.60%,0
2023-09-04,-0.60%,1
2023-09-05,-0.60%,2
2023-09-06,-0.60%,3
2023-09-07,-0.60%,4
2023-09-08,7.90%,0
2023-09-09,7.90%,1
2023-09-10,7.90%,2
2023-09-11,1.50%,0
2023-09-12,1.50%,1
2023-09-13,1.50%,2
2023-09-14,1.50%,3
2023-09-15,1.50%,4
2023-09-16,1.50%,5
2023-09-17,1.50%,6
2023-09-18,1.50%,7
2023-09-19,1.50%,8
2023-09-20,1.50%,9
2023-09-21,1.50%,10
2023-09-22,1.50%,11
2023-09-23,1.50%,12
2023-09-24,1.50%,13
2023-09-25,1.50%,14
2023-09-26,1.50%,15
2023-09-27,1.50%,16
2023-09-28,1.50%,17
2023-09-29,1.50%,18
2023-09-30,1.50%,19
2023-10-01,1.30%,0
2023-10-02,1.30%,1
2023-10-03,1.30%,2
2023-10-04,1.30%,3
2023-10-05,4.90%,0
2023-10-06,4.90%,1
2023-10-07,4.90%,2
2023-10-08,4.90%,3
2023-10-09,4.90%,4
2023-10-10,1.10%,0
2023-10-11,1.10%,1
2023-10-12,1.10%,2
2023-10-13,1.10%,3
2023-10-14,1.10%,4
2023-10-15,1.10%,5
2023-10-16,1.10%,6
2023-10-17,1.10%,7
2023-10-18,1.10%,8
2023-10-19,1.10%,9
2023-10-20,1.10%,10
2023-10-21,1.10%,11
2023-10-22,1.10%,12
2023-10-23,1.10%,13
2023-10-24,1.10%,14
2023-10-25,1.10%,15
2023-10-26,1.10%,16
2023-10-27,1.10%,17
2023-10-28,1.10%,18
2023-10-29,1.10%,19
2023-10-30,1.10%,20
2023-10-31,1.10%,21
2023-11-01,1.10%,22
2023-11-02,1.10%,23
2023-11-03,1.10%,24
2023-11-04,1.10%,25
2023-11-05,1.10%,26
2023-11-06,1.10%,27
2023-11-07,1.10%,28
2023-11-08,1.10%,29
2023-11-09,1.60%,0
2023-11-10,1.60%,1
2023-11-11,1.60%,2
2023-11-12,2.40%,0
2023-11-13,2.40%,1
2023-11-14,2.40%,2
2023-11-15,2.40%,3
2023-11-16,2.40%,4
2023-11-17,2.40%,5
2023-11-18,2.40%,6
2023-11-19,2.40%,7
2023-11-20,2.40%,8
2023-11-21,2.40%,9
2023-11-22,2.40%,10
2023-11-23,2.40%,11
2023-11-24,2.40%,12
2023-11-25,2.40%,13
2023-11-26,2.40%,14
2023-11-27,2.40%,15
2023-11-28,2.40%,16
2023-11-29,2.40%,17
2023-11-30,2.40%,18
2023-12-01,2.40%,19
2023-12-02,2.40%,20
2023-12-03,2.40%,21
2023-12-04,0.60%,0
2023-12-05,0.60%,1
2023-12-06,0.60%,2
2023-12-07,-4.50%,0
2023-12-08,-4.50%,1
2023-12-09,-4.50%,2
2023-12-10,-4.50%,3
2023-12-11,-4.50%,4
2023-12-12,-4.50%,5
2023-12-13,-4.50%,6
2023-12-14,-4.50%,7
2023-12-15,-4.50%,8
2023-12-16,-4.50%,9
2023-12-17,-4.50%,10
2023-12-18,-4.50%,11
2023-12-19,-4.50%,12
2023-12-20,-4.50%,13
2023-12-21,-4.50%,14
2023-12-22,-4.50%,15
2023-12-23,-4.50%,16
2023-12-24,-4.50%,17
2023-12-25,-4.50%,18
2023-12-26,-4.50%,19
2023-12-27,-4.50%,20
2023-12-28,-4.50%,21
2023-12-29,-4.50%,22
2023-12-30,-4.50%,23
2023-12-31,-4.50%,24
2024-01-01,-4.50%,25
2024-01-02,-4.50%,26
2024-01-03,-4.50%,27
2024-01-04,-4.50%,28
2024-01-05,-4.50%,29
2024-01-06,-4.50%,30
2024-01-07,-4.50%,31
2024-01-08,-4.50%,32
2024-01-09,-4.50%,33
2024-01-10,-4.50%,34
2024-01-11,-4.50%,35
2024-01-12,-4.50%,36
2024-01-13,-4.50%,37
2024-01-14,-4.50%,38
2024-01-15,-4.50%,39
2024-01-16,-4.50%,40
2024-01-17,-4.50%,41
2024-01-18,-4.50%,42
2024-01-19,-4.50%,43
2024-01-20,-4.50%,44
2024-01-21,-4.50%,45
2024-01-22,-4.50%,46
2024-01-23,-4.50%,47
2024-01-24,-4.50%,48
2024-01-25,-4.50%,49
2024-01-26,-4.50%,50
2024-01-27,-4.50%,51
2024-01-28,-4.50%,52
2024-01-29,-4.50%,53
2024-01-30,-4.50%,54
2024-01-31,-4.50%,55
2024-02-01,-4.50%,56
2024-02-02,-4.50%,57
2024-02-03,-4.50%,58
2024-02-04,-4.50%,59
2024-02-05,-4.50%,60
2024-02-06,-4.50%,61
2024-02-07,-4.50%,62
2024-02-08,-4.50%,63
2024-02-09,-4.50%,64
2024-02-10,-4.50%,65
2024-02-11,-4.50%,66
2024-02-12,-4.50%,67
2024-02-13,-4.50%,68
2024-02-14,-4.50%,69
2024-02-15,-4.50%,70
2024-02-16,0.20%,0
2024-02-17,0.20%,1
2024-02-18,0.20%,2
2024-02-19,0.20%,3
2024-02-20,0.20%,4
2024-02-21,0.20%,5
2024-02-22,0.20%,6
2024-02-23,0.20%,7
2024-02-24,0.20%,8
2024-02-25,0.20%,9
2024-02-26,0.20%,10
2024-02-27,0.20%,11
2024-02-28,0.20%,12
2024-02-29,0.20%,13
2024-03-01,0.20%,14
2024-03-02,0.20%,15
2024-03-03,0.20%,16
2024-03-04,0.20%,17
2024-03-05,0.20%,18
2024-03-06,0.20%,19
2024-03-07,0.20%,20
2024-03-08,0.20%,21
2024-03-09,0.20%,22
2024-03-10,0.20%,23
2024-03-11,0.20%,24
2024-03-12,0.20%,25
2024-03-13,0.20%,26
2024-03-14,1.10%,0
2024-03-15,1.10%,1
2024-03-16,1.10%,2
2024-03-17,1.10%,3
2024-03-18,1.10%,4
2024-03-19,1.10%,5
2024-03-20,1.10%,6
2024-03-21,1.10%,7
2024-03-22,1.10%,8
2024-03-23,1.10%,9
2024-03-24,1.10%,10
2024-03-25,1.10%,11
2024-03-26,1.10%,12
2024-03-27,1.10%,13
2024-03-28,1.10%,14
2024-03-29,1.10%,15
2024-03-30,1.10%,16
2024-03-31,1.10%,17
2024-04-01,1.10%,18
2024-04-02,1.10%,19
2024-04-03,1.10%,20
2024-04-04,1.10%,21
2024-04-05,1.10%,22
2024-04-06,1.10%,23
2024-04-07,1.10%,24
2024-04-08,1.10%,25
2024-04-09,1.10%,26
2024-04-10,1.10%,27
2024-04-11,1.10%,28
2024-04-12,1.10%,29
2024-04-13,1.10%,30
2024-04-14,1.10%,31
2024-04-15,1.10%,32
2024-04-16,1.10%,33
2024-04-17,6.40%,0
2024-04-18,6.40%,1
2024-04-19,6.40%,2
2024-04-20,6.40%,3
2024-04-21,6.40%,4
2024-04-22,6.40%,5
2024-04-23,6.40%,6
2024-04-24,6.40%,7
2024-04-25,6.40%,8
2024-04-26,6.40%,9
2024-04-27,6.40%,10
2024-04-28,6.40%,11
2024-04-29,6.40%,12
2024-04-30,6.40%,13
2024-05-01,6.40%,14
2024-05-02,6.40%,15
2024-05-03,6.40%,16
2024-05-04,6.40%,17
2024-05-05,6.40%,18
2024-05-06,6.40%,19
2024-05-07,6.40%,20
2024-05-08,6.40%,21
2024-05-09,6.40%,22
2024-05-10,6.40%,23
2024-05-11,6.40%,24
2024-05-12,6.40%,25
2024-05-13,6.40%,26
2024-05-14,9.30%,0
2024-05-15,9.30%,1
2024-05-16,9.30%,2
2024-05-17,9.30%,3
2024-05-18,9.30%,4
2024-05-19,9.30%,5
2024-05-20,9.30%,6
2024-05-21,9.30%,7
2024-05-22,9.30%,8
2024-05-23,9.30%,9
2024-05-24,9.30%,10
2024-05-25,9.30%,11
2024-05-26,9.30%,12
2024-05-27,9.30%,13
2024-05-28,9.30%,14
2024-05-29,9.30%,15
2024-05-30,9.30%,16
2024-05-31,9.30%,17
2024-06-01,9.30%,18
2024-06-02,9.30%,19
2024-06-03,9.30%,20
2024-06-04,9.30%,21
2024-06-05,9.30%,22
2024-06-06,9.30%,23
2024-06-07,9.30%,24
2024-06-08,9.30%,25
2024-06-09,9.30%,26
2024-06-10,9.30%,27
2024-06-11,9.30%,28
2024-06-12,9.30%,29
2024-06-13,9.30%,30
2024-06-14,9.30%,31
2024-06-15,9.30%,32
2024-06-16,9.30%,33
2024-06-17,9.30%,34
2024-06-18,9.30%,35
2024-06-19,9.30%,36
2024-06-20,9.30%,37
2024-06-21,9.30%,38
2024-06-22,9.30%,39
2024-06-23,9.30%,40
2024-06-24,9.30%,41
2024-06-25,9.30%,42
2024-06-26,9.30%,43
2024-06-27,9.30%,44
2024-06-28,9.30%,45
2024-06-29,9.30%,46
2024-06-30,9.30%,47
2024-07-01,9.30%,48
2024-07-02,9.30%,49
2024-07-03,9.30%,50
2024-07-04,9.30%,51
2024-07-05,9.30%,52
2024-07-06,9.30%,53
2024-07-07,9.30%,54
2024-07-08,9.30%,55
2024-07-09,9.30%,56
2024-07-10,9.30%,57
2024-07-11,9.30%,58
2024-07-12,9.30%,59
2024-07-13,9.30%,60
2024-07-14,9.30%,61
2024-07-15,9.30%,62
2024-07-16,9.30%,63
2024-07-17,9.30%,64
2024-07-18,9.30%,65
2024-07-19,9.30%,66
2024-07-20,9.30%,67
2024-07-21,9.30%,68
2024-07-22,9.30%,69
2024-07-23,9.30%,70
2024-07-24,9.30%,71
2024-07-25,9.30%,72
2024-07-26,9.30%,73
2024-07-27,9.30%,74
2024-07-28,9.30%,75
2024-07-29,9.30%,76
2024-07-30,9.30%,77
2024-07-31,9.30%,78
2024-08-01,9.30%,79
2024-08-02,9.30%,80
2024-08-03,9.30%,81
2024-08-04,9.30%,82
2024-08-05,9.30%,83
2024-08-06,9.30%,84
2024-08-07,9.30%,85
2024-08-08,9.30%,86
2024-08-09,9.30%,87
2024-08-10,9.30%,88
2024-08-11,9.30%,89
2024-08-12,9.30%,90
2024-08-13,9.30%,91
2024-08-14,9.30%,92
2024-08-15,9.30%,93
2024-08-16,9.30%,94
2024-08-17,9.30%,95
2024-08-18,9.30%,96
2024-08-19,9.30%,97
2024-08-20,9.30%,98
2024-08-21,9.30%,99
2024-08-22,9.30%,100
2024-08-23,9.30%,101
2024-08-24,9.30%,102
2024-08-25,9.30%,103
2024-08-26,9.30%,104
2024-08-27,9.30%,105
2024-08-28,9.30%,106
2024-08-29,9.30%,107
2024-08-30,9.30%,108
2024-08-31,9.30%,109
2024-09-01,9.30%,110
2024-09-02,9.30%,111
2024-09-03,9.30%,112
2024-09-04,9.30%,113
2024-09-05,9.30%,114
2024-09-06,9.30%,115
2024-09-07,2.10%,0
2024-09-08,2.70%,0
2024-09-09,2.70%,1
2024-09-10,5.80%,0
2024-09-11,5.80%,1
2024-09-12,5.80%,2
2024-09-13,5.80%,3
2024-09-14,5.80%,4
2024-09-15,5.80%,5
2024-09-16,5.80%,6
2024-09-17,5.80%,7
2024-09-18,5.80%,8
2024-09-19,5.80%,9
2024-09-20,5.80%,10
2024-09-21,5.80%,11
2024-09-22,5.80%,12
2024-09-23,5.80%,13
2024-09-24,5.80%,14
2024-09-25,5.80%,15
2024-09-26,5.80%,16
2024-09-27,5.80%,17
2024-09-28,5.80%,18
2024-09-29,5.80%,19
2024-09-30,5.80%,20
2024-10-01,2.10%,0
2024-10-02,2.10%,1
2024-10-03,2.10%,2
2024-10-04,2.10%,3
2024-10-05,2.10%,4
2024-10-06,2.10%,5
2024-10-07,2.10%,6
2024-10-08,2.10%,7
2024-10-09,4.50%,0
2024-10-10,4.50%,1
2024-10-11,4.50%,2
2024-10-12,1.50%,0
2024-10-13,1.50%,1
2024-10-14,1.50%,2
2024-10-15,1.50%,3
2024-10-16,1.50%,4
2024-10-17,1.50%,5
2024-10-18,1.50%,6
2024-10-19,1.50%,7
2024-10-20,1.50%,8
2024-10-21,1.50%,9
2024-10-22,1.50%,10
2024-10-23,1.50%,11
2024-10-24,1.50%,12
2024-10-25,1.50%,13
2024-10-26,1.50%,14
2024-10-27,1.50%,15
2024-10-28,1.50%,16
2024-10-29,1.50%,17
2024-10-30,1.50%,18
2024-10-31,1.50%,19
2024-11-01,1.50%,20
2024-11-02,1.50%,21
2024-11-03,1.50%,22
2024-11-04,1.50%,23
2024-11-05,1.50%,24
2024-11-06,-2.70%,0
2024-11-07,-2.70%,1
2024-11-08,-2.70%,2
2024-11-09,-2.70%,3
2024-11-10,-2.70%,4
2024-11-11,-2.70%,5
2024-11-12,-2.70%,6
2024-11-13,-2.70%,7
2024-11-14,-2.70%,8
2024-11-15,-2.70%,9
2024-11-16,-2.70%,10
2024-11-17,-2.70%,11
2024-11-18,-2.70%,12
2024-11-19,-2.70%,13
2024-11-20,-2.70%,14
2024-11-21,-2.70%,15
2024-11-22,-2.70%,16
2024-11-23,-2.70%,17
2024-11-24,-2.70%,18
2024-11-25,-2.70%,19
2024-11-26,-2.70%,20
2024-11-27,-2.70%,21
2024-11-28,-2.70%,22
2024-11-29,-2.70%,23
2024-11-30,-2.70%,24
2024-12-01,-2.70%,25
2024-12-02,-2.70%,26
2024-12-03,-2.70%,27
2024-12-04,-2.70%,28
2024-12-05,-2.70%,29
2024-12-06,-2.70%,30
2024-12-07,-2.70%,31
2024-12-08,-2.70%,32
2024-12-09,-2.70%,33
2024-12-10,-2.70%,34
2024-12-11,4.80%,0
2024-12-12,4.80%,1
2024-12-13,4.80%,2
2024-12-14,4.80%,3
2024-12-15,4.80%,4
2024-12-16,4.80%,5
2024-12-17,4.80%,6
2024-12-18,4.80%,7
2024-12-19,4.80%,8
2024-12-20,4.80%,9
2024-12-21,4.80%,10
2024-12-22,4.80%,11
2024-12-23,4.80%,12
2024-12-24,4.80%,13
2024-12-25,4.80%,14
2024-12-26,4.80%,15
2024-12-27,4.80%,16
2024-12-28,4.80%,17
2024-12-29,4.80%,18
2024-12-30,4.80%,19
2024-12-31,4.80%,20
2025-01-01,4.80%,21
2025-01-02,4.80%,22
2025-01-03,4.80%,23
2025-01-04,4.80%,24
2025-01-05,4.80%,25
2025-01-06,4.80%,26
2025-01-07,4.80%,27
2025-01-08,4.80%,28
2025-01-09,4.80%,29
2025-01-10,4.80%,30
2025-01-11,4.80%,31
2025-01-12,4.80%,32
2025-01-13,4.80%,33
2025-01-14,4.80%,34
2025-01-15,4.80%,35
2025-01-16,4.80%,36
2025-01-17,4.80%,37
2025-01-18,4.80%,38
2025-01-19,4.80%,39
2025-01-20,4.80%,40
2025-01-21,4.80%,41
2025-01-22,4.80%,42
2025-01-23,4.80%,43
2025-01-24,4.80%,44
2025-01-25,4.80%,45
2025-01-26,4.80%,46
2025-01-27,4.80%,47
2025-01-28,4.80%,48
2025-01-29,4.80%,49
2025-01-30,4.80%,50
2025-01-31,4.80%,51
2025-02-01,4.80%,52
2025-02-02,4.80%,53
2025-02-03,4.80%,54
2025-02-04,4.80%,55
2025-02-05,4.80%,56
2025-02-06,4.80%,57
2025-02-07,4.80%,58
2025-02-08,4.80%,59
2025-02-09,4.80%,60
2025-02-10,4.80%,61
2025-02-11,4.80%,62
2025-02-12,4.80%,63
2025-02-13,4.80%,64
2025-02-14,4.80%,65
2025-02-15,4.80%,66
2025-02-16,4.80%,67
2025-02-17,4.80%,68
2025-02-18,4.80%,69
2025-02-19,4.80%,70
2025-02-20,4.80%,71
2025-02-21,4.80%,72
2025-02-22,4.80%,73
2025-02-23,4.80%,74
2025-02-24,4.80%,75
2025-02-25,4.80%,76
2025-02-26,4.80%,77
2025-02-27,4.80%,78
2025-02-28,4.80%,79
2025-03-01,4.80%,80
2025-03-02,4.80%,81
2025-03-03,4.80%,82
2025-03-04,4.80%,83
2025-03-05,4.80%,84
2025-03-06,4.80%,85
2025-03-07,4.80%,86
2025-03-08,4.80%,87
2025-03-09,4.80%,88
2025-03-10,4.80%,89
2025-03-11,4.80%,90
2025-03-12,4.80%,91
2025-03-13,4.80%,92
2025-03-14,4.80%,93
2025-03-15,4.80%,94
2025-03-16,4.80%,95
2025-03-17,4.80%,96
2025-03-18,4.80%,97
2025-03-19,4.80%,98
2025-03-20,4.80%,99
2025-03-21,4.80%,100
2025-03-22,4.80%,101
2025-03-23,4.80%,102
2025-03-24,4.80%,103
2025-03-25,4.80%,104
2025-03-26,4.80%,105
2025-03-27,4.80%,106
2025-03-28,4.80%,107
2025-03-29,4.80%,108
2025-03-30,4.80%,109
2025-03-31,4.80%,110
2025-04-01,4.80%,111
2025-04-02,4.80%,112
2025-04-03,4.80%,113
2025-04-04,4.80%,114
2025-04-05,4.80%,115
2025-04-06,4.80%,116
2025-04-07,4.80%,117
2025-04-08,4.80%,118
2025-04-09,4.80%,119
2025-04-10,4.80%,120
2025-04-11,4.80%,121
2025-04-12,4.80%,122
2025-04-13,4.80%,123
2025-04-14,4.80%,124
2025-04-15,4.80%,125
2025-04-16,2.00%,0
2025-04-17,2.00%,1
2025-04-18,2.00%,2
2025-04-19,2.00%,3
2025-04-20,2.00%,4
2025-04-21,2.00%,5
2025-04-22,2.00%,6
2025-04-23,2.00%,7
2025-04-24,2.00%,8
2025-04-25,2.00%,9
2025-04-26,2.00%,10
2025-04-27,2.00%,11
2025-04-28,2.00%,12
2025-04-29,2.00%,13
2025-04-30,2.00%,14
2025-05-01,2.00%,15
2025-05-02,2.00%,16
2025-05-03,2.00%,17
2025-05-04,2.00%,18
2025-05-05,2.00%,19
2025-05-06,2.00%,20
2025-05-07,2.00%,21
2025-05-08,2.00%,22
2025-05-09,2.00%,23
2025-05-10,2.00%,24
2025-05-11,2.00%,25
2025-05-12,2.00%,26
2025-05-13,2.00%,27
2025-05-14,5.50%,0
2025-05-15,5.50%,1
2025-05-16,5.50%,2
2025-05-17,5.50%,3
2025-05-18,5.50%,4
2025-05-19,5.50%,5
2025-05-20,5.50%,6
2025-05-21,5.50%,7
2025-05-22,5.50%,8
2025-05-23,5.50%,9
2025-05-24,5.50%,10
2025-05-25,5.50%,11
2025-05-26,5.50%,12
2025-05-27,5.50%,13
2025-05-28,5.50%,14
2025-05-29,5.50%,15
2025-05-30,5.50%,16
2025-05-31,5.50%,17
2025-06-01,5.50%,18
2025-06-02,5.50%,19
2025-06-03,5.50%,20
2025-06-04,5.50%,21
2025-06-05,5.50%,22
2025-06-06,5.50%,23
2025-06-07,5.50%,24
2025-06-08,5.50%,25
2025-06-09,5.50%,26
2025-06-10,5.50%,27
2025-06-11,5.50%,28
2025-06-12,5.50%,29
2025-06-13,-0.30%,0
2025-06-14,-0.30%,1
2025-06-15,-0.30%,2
2025-06-16,-0.30%,3
2025-06-17,-0.30%,4
2025-06-18,-0.30%,5
2025-06-19,-0.30%,6
2025-06-20,-0.30%,7
2025-06-21,-0.30%,8
2025-06-22,-0.30%,9
2025-06-23,-0.30%,10
2025-06-24,-0.30%,11
2025-06-25,-0.30%,12
2025-06-26,-0.30%,13
2025-06-27,-0.30%,14
2025-06-28,-0.30%,15
2025-06-29,-0.30%,16
2025-06-30,-0.30%,17
2025-07-01,-0.30%,18
2025-07-02,-0.30%,19
2025-07-03,-0.30%,20
2025-07-04,-0.30%,21
2025-07-05,-0.30%,22
2025-07-06,-0.30%,23
2025-07-07,-0.30%,24
2025-07-08,-0.30%,25
2025-07-09,-0.30%,26
2025-07-10,-0.30%,27
2025-07-11,-0.30%,28
2025-07-12,-0.30%,29
2025-07-13,-0.30%,30
2025-07-14,-0.30%,31
2025-07-15,-0.30%,32
2025-07-16,-0.30%,33
2025-07-17,-0.30%,34
2025-07-18,-0.30%,35
2025-07-19,-0.30%,36
2025-07-20,-0.30%,37
2025-07-21,-0.30%,38
2025-07-22,-0.30%,39
2025-07-23,-0.30%,40
2025-07-24,-0.30%,41
2025-07-25,-0.30%,42
2025-07-26,-0.30%,43
2025-07-27,-0.30%,44
2025-07-28,-0.30%,45
2025-07-29,-0.30%,46
2025-07-30,-0.30%,47
2025-07-31,-0.30%,48
2025-08-01,-0.30%,49
2025-08-02,-0.30%,50
2025-08-03,-0.30%,51
2025-08-04,-0.30%,52
2025-08-05,-0.30%,53
2025-08-06,-0.30%,54
2025-08-07,-0.30%,55
2025-08-08,-0.30%,56
2025-08-09,-0.30%,57
2025-08-10,-0.30%,58
2025-08-11,-0.30%,59
2025-08-12,-0.30%,60
2025-08-13,-0.30%,61
2025-08-14,-0.30%,62
2025-08-15,-0.30%,63
2025-08-16,-0.30%,64
2025-08-17,-0.30%,65
2025-08-18,-0.30%,66
2025-08-19,-0.30%,67
2025-08-20,-0.30%,68
2025-08-21,-0.30%,69
2025-08-22,-0.30%,70
2025-08-23,-0.30%,71
2025-08-24,-0.30%,72
2025-08-25,-0.30%,73
2025-08-26,-0.30%,74
2025-08-27,-0.30%,75
2025-08-28,-0.30%,76
2025-08-29,-0.30%,77
2025-08-30,-0.30%,78
2025-08-31,-0.30%,79
