calendar_date,us_gdp_qoq,days_since_us_gdp_qoq
2020-01-02,2.10%,28
2020-01-03,2.10%,27
2020-01-04,2.10%,26
2020-01-05,2.10%,25
2020-01-06,2.10%,24
2020-01-07,2.10%,23
2020-01-08,2.10%,22
2020-01-09,2.10%,21
2020-01-10,2.10%,20
2020-01-11,2.10%,19
2020-01-12,2.10%,18
2020-01-13,2.10%,17
2020-01-14,2.10%,16
2020-01-15,2.10%,15
2020-01-16,2.10%,14
2020-01-17,2.10%,13
2020-01-18,2.10%,12
2020-01-19,2.10%,11
2020-01-20,2.10%,10
2020-01-21,2.10%,9
2020-01-22,2.10%,8
2020-01-23,2.10%,7
2020-01-24,2.10%,6
2020-01-25,2.10%,5
2020-01-26,2.10%,4
2020-01-27,2.10%,3
2020-01-28,2.10%,2
2020-01-29,2.10%,1
2020-01-30,2.10%,0
2020-01-31,2.10%,1
2020-02-01,2.10%,2
2020-02-02,2.10%,3
2020-02-03,2.10%,4
2020-02-04,2.10%,5
2020-02-05,2.10%,6
2020-02-06,2.10%,7
2020-02-07,2.10%,8
2020-02-08,2.10%,9
2020-02-09,2.10%,10
2020-02-10,2.10%,11
2020-02-11,2.10%,12
2020-02-12,2.10%,13
2020-02-13,2.10%,14
2020-02-14,2.10%,15
2020-02-15,2.10%,16
2020-02-16,2.10%,17
2020-02-17,2.10%,18
2020-02-18,2.10%,19
2020-02-19,2.10%,20
2020-02-20,2.10%,21
2020-02-21,2.10%,22
2020-02-22,2.10%,23
2020-02-23,2.10%,24
2020-02-24,2.10%,25
2020-02-25,2.10%,26
2020-02-26,2.10%,27
2020-02-27,2.10%,0
2020-02-28,2.10%,1
2020-02-29,2.10%,2
2020-03-01,2.10%,3
2020-03-02,2.10%,4
2020-03-03,2.10%,5
2020-03-04,2.10%,6
2020-03-05,2.10%,7
2020-03-06,2.10%,8
2020-03-07,2.10%,9
2020-03-08,2.10%,10
2020-03-09,2.10%,11
2020-03-10,2.10%,12
2020-03-11,2.10%,13
2020-03-12,2.10%,14
2020-03-13,2.10%,15
2020-03-14,2.10%,16
2020-03-15,2.10%,17
2020-03-16,2.10%,18
2020-03-17,2.10%,19
2020-03-18,2.10%,20
2020-03-19,2.10%,21
2020-03-20,2.10%,22
2020-03-21,2.10%,23
2020-03-22,2.10%,24
2020-03-23,2.10%,25
2020-03-24,2.10%,26
2020-03-25,2.10%,27
2020-03-26,2.10%,0
2020-03-27,2.10%,1
2020-03-28,2.10%,2
2020-03-29,2.10%,3
2020-03-30,2.10%,4
2020-03-31,2.10%,5
2020-04-01,2.10%,6
2020-04-02,2.10%,7
2020-04-03,2.10%,8
2020-04-04,2.10%,9
2020-04-05,2.10%,10
2020-04-06,2.10%,11
2020-04-07,2.10%,12
2020-04-08,2.10%,13
2020-04-09,2.10%,14
2020-04-10,2.10%,15
2020-04-11,2.10%,16
2020-04-12,2.10%,17
2020-04-13,2.10%,18
2020-04-14,2.10%,19
2020-04-15,2.10%,20
2020-04-16,2.10%,21
2020-04-17,2.10%,22
2020-04-18,2.10%,23
2020-04-19,2.10%,24
2020-04-20,2.10%,25
2020-04-21,2.10%,26
2020-04-22,2.10%,27
2020-04-23,2.10%,28
2020-04-24,2.10%,29
2020-04-25,2.10%,30
2020-04-26,2.10%,31
2020-04-27,2.10%,32
2020-04-28,2.10%,33
2020-04-29,-4.80%,0
2020-04-30,-4.80%,1
2020-05-01,-4.80%,2
2020-05-02,-4.80%,3
2020-05-03,-4.80%,4
2020-05-04,-4.80%,5
2020-05-05,-4.80%,6
2020-05-06,-4.80%,7
2020-05-07,-4.80%,8
2020-05-08,-4.80%,9
2020-05-09,-4.80%,10
2020-05-10,-4.80%,11
2020-05-11,-4.80%,12
2020-05-12,-4.80%,13
2020-05-13,-4.80%,14
2020-05-14,-4.80%,15
2020-05-15,-4.80%,16
2020-05-16,-4.80%,17
2020-05-17,-4.80%,18
2020-05-18,-4.80%,19
2020-05-19,-4.80%,20
2020-05-20,-4.80%,21
2020-05-21,-4.80%,22
2020-05-22,-4.80%,23
2020-05-23,-4.80%,24
2020-05-24,-4.80%,25
2020-05-25,-4.80%,26
2020-05-26,-4.80%,27
2020-05-27,-4.80%,28
2020-05-28,-5.00%,0
2020-05-29,-5.00%,1
2020-05-30,-5.00%,2
2020-05-31,-5.00%,3
2020-06-01,-5.00%,4
2020-06-02,-5.00%,5
2020-06-03,-5.00%,6
2020-06-04,-5.00%,7
2020-06-05,-5.00%,8
2020-06-06,-5.00%,9
2020-06-07,-5.00%,10
2020-06-08,-5.00%,11
2020-06-09,-5.00%,12
2020-06-10,-5.00%,13
2020-06-11,-5.00%,14
2020-06-12,-5.00%,15
2020-06-13,-5.00%,16
2020-06-14,-5.00%,17
2020-06-15,-5.00%,18
2020-06-16,-5.00%,19
2020-06-17,-5.00%,20
2020-06-18,-5.00%,21
2020-06-19,-5.00%,22
2020-06-20,-5.00%,23
2020-06-21,-5.00%,24
2020-06-22,-5.00%,25
2020-06-23,-5.00%,26
2020-06-24,-5.00%,27
2020-06-25,-5.00%,0
2020-06-26,-5.00%,1
2020-06-27,-5.00%,2
2020-06-28,-5.00%,3
2020-06-29,-5.00%,4
2020-06-30,-5.00%,5
2020-07-01,-5.00%,6
2020-07-02,-5.00%,7
2020-07-03,-5.00%,8
2020-07-04,-5.00%,9
2020-07-05,-5.00%,10
2020-07-06,-5.00%,11
2020-07-07,-5.00%,12
2020-07-08,-5.00%,13
2020-07-09,-5.00%,14
2020-07-10,-5.00%,15
2020-07-11,-5.00%,16
2020-07-12,-5.00%,17
2020-07-13,-5.00%,18
2020-07-14,-5.00%,19
2020-07-15,-5.00%,20
2020-07-16,-5.00%,21
2020-07-17,-5.00%,22
2020-07-18,-5.00%,23
2020-07-19,-5.00%,24
2020-07-20,-5.00%,25
2020-07-21,-5.00%,26
2020-07-22,-5.00%,27
2020-07-23,-5.00%,28
2020-07-24,-5.00%,29
2020-07-25,-5.00%,30
2020-07-26,-5.00%,31
2020-07-27,-5.00%,32
2020-07-28,-5.00%,33
2020-07-29,-5.00%,34
2020-07-30,-32.90%,0
2020-07-31,-32.90%,1
2020-08-01,-32.90%,2
2020-08-02,-32.90%,3
2020-08-03,-32.90%,4
2020-08-04,-32.90%,5
2020-08-05,-32.90%,6
2020-08-06,-32.90%,7
2020-08-07,-32.90%,8
2020-08-08,-32.90%,9
2020-08-09,-32.90%,10
2020-08-10,-32.90%,11
2020-08-11,-32.90%,12
2020-08-12,-32.90%,13
2020-08-13,-32.90%,14
2020-08-14,-32.90%,15
2020-08-15,-32.90%,16
2020-08-16,-32.90%,17
2020-08-17,-32.90%,18
2020-08-18,-32.90%,19
2020-08-19,-32.90%,20
2020-08-20,-32.90%,21
2020-08-21,-32.90%,22
2020-08-22,-32.90%,23
2020-08-23,-32.90%,24
2020-08-24,-32.90%,25
2020-08-25,-32.90%,26
2020-08-26,-32.90%,27
2020-08-27,-31.70%,0
2020-08-28,-31.70%,1
2020-08-29,-31.70%,2
2020-08-30,-31.70%,3
2020-08-31,-31.70%,4
2020-09-01,-31.70%,5
2020-09-02,-31.70%,6
2020-09-03,-31.70%,7
2020-09-04,-31.70%,8
2020-09-05,-31.70%,9
2020-09-06,-31.70%,10
2020-09-07,-31.70%,11
2020-09-08,-31.70%,12
2020-09-09,-31.70%,13
2020-09-10,-31.70%,14
2020-09-11,-31.70%,15
2020-09-12,-31.70%,16
2020-09-13,-31.70%,17
2020-09-14,-31.70%,18
2020-09-15,-31.70%,19
2020-09-16,-31.70%,20
2020-09-17,-31.70%,21
2020-09-18,-31.70%,22
2020-09-19,-31.70%,23
2020-09-20,-31.70%,24
2020-09-21,-31.70%,25
2020-09-22,-31.70%,26
2020-09-23,-31.70%,27
2020-09-24,-31.70%,28
2020-09-25,-31.70%,29
2020-09-26,-31.70%,30
2020-09-27,-31.70%,31
2020-09-28,-31.70%,32
2020-09-29,-31.70%,33
2020-09-30,-31.40%,0
2020-10-01,-31.40%,1
2020-10-02,-31.40%,2
2020-10-03,-31.40%,3
2020-10-04,-31.40%,4
2020-10-05,-31.40%,5
2020-10-06,-31.40%,6
2020-10-07,-31.40%,7
2020-10-08,-31.40%,8
2020-10-09,-31.40%,9
2020-10-10,-31.40%,10
2020-10-11,-31.40%,11
2020-10-12,-31.40%,12
2020-10-13,-31.40%,13
2020-10-14,-31.40%,14
2020-10-15,-31.40%,15
2020-10-16,-31.40%,16
2020-10-17,-31.40%,17
2020-10-18,-31.40%,18
2020-10-19,-31.40%,19
2020-10-20,-31.40%,20
2020-10-21,-31.40%,21
2020-10-22,-31.40%,22
2020-10-23,-31.40%,23
2020-10-24,-31.40%,24
2020-10-25,-31.40%,25
2020-10-26,-31.40%,26
2020-10-27,-31.40%,27
2020-10-28,-31.40%,28
2020-10-29,33.10%,0
2020-10-30,33.10%,1
2020-10-31,33.10%,2
2020-11-01,33.10%,3
2020-11-02,33.10%,4
2020-11-03,33.10%,5
2020-11-04,33.10%,6
2020-11-05,33.10%,7
2020-11-06,33.10%,8
2020-11-07,33.10%,9
2020-11-08,33.10%,10
2020-11-09,33.10%,11
2020-11-10,33.10%,12
2020-11-11,33.10%,13
2020-11-12,33.10%,14
2020-11-13,33.10%,15
2020-11-14,33.10%,16
2020-11-15,33.10%,17
2020-11-16,33.10%,18
2020-11-17,33.10%,19
2020-11-18,33.10%,20
2020-11-19,33.10%,21
2020-11-20,33.10%,22
2020-11-21,33.10%,23
2020-11-22,33.10%,24
2020-11-23,33.10%,25
2020-11-24,33.10%,26
2020-11-25,33.10%,0
2020-11-26,33.10%,1
2020-11-27,33.10%,2
2020-11-28,33.10%,3
2020-11-29,33.10%,4
2020-11-30,33.10%,5
2020-12-01,33.10%,6
2020-12-02,33.10%,7
2020-12-03,33.10%,8
2020-12-04,33.10%,9
2020-12-05,33.10%,10
2020-12-06,33.10%,11
2020-12-07,33.10%,12
2020-12-08,33.10%,13
2020-12-09,33.10%,14
2020-12-10,33.10%,15
2020-12-11,33.10%,16
2020-12-12,33.10%,17
2020-12-13,33.10%,18
2020-12-14,33.10%,19
2020-12-15,33.10%,20
2020-12-16,33.10%,21
2020-12-17,33.10%,22
2020-12-18,33.10%,23
2020-12-19,33.10%,24
2020-12-20,33.10%,25
2020-12-21,33.10%,26
2020-12-22,33.40%,0
2020-12-23,33.40%,1
2020-12-24,33.40%,2
2020-12-25,33.40%,3
2020-12-26,33.40%,4
2020-12-27,33.40%,5
2020-12-28,33.40%,6
2020-12-29,33.40%,7
2020-12-30,33.40%,8
2020-12-31,33.40%,9
2021-01-01,33.40%,10
2021-01-02,33.40%,11
2021-01-03,33.40%,12
2021-01-04,33.40%,13
2021-01-05,33.40%,14
2021-01-06,33.40%,15
2021-01-07,33.40%,16
2021-01-08,33.40%,17
2021-01-09,33.40%,18
2021-01-10,33.40%,19
2021-01-11,33.40%,20
2021-01-12,33.40%,21
2021-01-13,33.40%,22
2021-01-14,33.40%,23
2021-01-15,33.40%,24
2021-01-16,33.40%,25
2021-01-17,33.40%,26
2021-01-18,33.40%,27
2021-01-19,33.40%,28
2021-01-20,33.40%,29
2021-01-21,33.40%,30
2021-01-22,33.40%,31
2021-01-23,33.40%,32
2021-01-24,33.40%,33
2021-01-25,33.40%,34
2021-01-26,33.40%,35
2021-01-27,33.40%,36
2021-01-28,4.00%,0
2021-01-29,4.00%,1
2021-01-30,4.00%,2
2021-01-31,4.00%,3
2021-02-01,4.00%,4
2021-02-02,4.00%,5
2021-02-03,4.00%,6
2021-02-04,4.00%,7
2021-02-05,4.00%,8
2021-02-06,4.00%,9
2021-02-07,4.00%,10
2021-02-08,4.00%,11
2021-02-09,4.00%,12
2021-02-10,4.00%,13
2021-02-11,4.00%,14
2021-02-12,4.00%,15
2021-02-13,4.00%,16
2021-02-14,4.00%,17
2021-02-15,4.00%,18
2021-02-16,4.00%,19
2021-02-17,4.00%,20
2021-02-18,4.00%,21
2021-02-19,4.00%,22
2021-02-20,4.00%,23
2021-02-21,4.00%,24
2021-02-22,4.00%,25
2021-02-23,4.00%,26
2021-02-24,4.00%,27
2021-02-25,4.10%,0
2021-02-26,4.10%,1
2021-02-27,4.10%,2
2021-02-28,4.10%,3
2021-03-01,4.10%,4
2021-03-02,4.10%,5
2021-03-03,4.10%,6
2021-03-04,4.10%,7
2021-03-05,4.10%,8
2021-03-06,4.10%,9
2021-03-07,4.10%,10
2021-03-08,4.10%,11
2021-03-09,4.10%,12
2021-03-10,4.10%,13
2021-03-11,4.10%,14
2021-03-12,4.10%,15
2021-03-13,4.10%,16
2021-03-14,4.10%,17
2021-03-15,4.10%,18
2021-03-16,4.10%,19
2021-03-17,4.10%,20
2021-03-18,4.10%,21
2021-03-19,4.10%,22
2021-03-20,4.10%,23
2021-03-21,4.10%,24
2021-03-22,4.10%,25
2021-03-23,4.10%,26
2021-03-24,4.10%,27
2021-03-25,4.30%,0
2021-03-26,4.30%,1
2021-03-27,4.30%,2
2021-03-28,4.30%,3
2021-03-29,4.30%,4
2021-03-30,4.30%,5
2021-03-31,4.30%,6
2021-04-01,4.30%,7
2021-04-02,4.30%,8
2021-04-03,4.30%,9
2021-04-04,4.30%,10
2021-04-05,4.30%,11
2021-04-06,4.30%,12
2021-04-07,4.30%,13
2021-04-08,4.30%,14
2021-04-09,4.30%,15
2021-04-10,4.30%,16
2021-04-11,4.30%,17
2021-04-12,4.30%,18
2021-04-13,4.30%,19
2021-04-14,4.30%,20
2021-04-15,4.30%,21
2021-04-16,4.30%,22
2021-04-17,4.30%,23
2021-04-18,4.30%,24
2021-04-19,4.30%,25
2021-04-20,4.30%,26
2021-04-21,4.30%,27
2021-04-22,4.30%,28
2021-04-23,4.30%,29
2021-04-24,4.30%,30
2021-04-25,4.30%,31
2021-04-26,4.30%,32
2021-04-27,4.30%,33
2021-04-28,4.30%,34
2021-04-29,6.40%,0
2021-04-30,6.40%,1
2021-05-01,6.40%,2
2021-05-02,6.40%,3
2021-05-03,6.40%,4
2021-05-04,6.40%,5
2021-05-05,6.40%,6
2021-05-06,6.40%,7
2021-05-07,6.40%,8
2021-05-08,6.40%,9
2021-05-09,6.40%,10
2021-05-10,6.40%,11
2021-05-11,6.40%,12
2021-05-12,6.40%,13
2021-05-13,6.40%,14
2021-05-14,6.40%,15
2021-05-15,6.40%,16
2021-05-16,6.40%,17
2021-05-17,6.40%,18
2021-05-18,6.40%,19
2021-05-19,6.40%,20
2021-05-20,6.40%,21
2021-05-21,6.40%,22
2021-05-22,6.40%,23
2021-05-23,6.40%,24
2021-05-24,6.40%,25
2021-05-25,6.40%,26
2021-05-26,6.40%,27
2021-05-27,6.40%,0
2021-05-28,6.40%,1
2021-05-29,6.40%,2
2021-05-30,6.40%,3
2021-05-31,6.40%,4
2021-06-01,6.40%,5
2021-06-02,6.40%,6
2021-06-03,6.40%,7
2021-06-04,6.40%,8
2021-06-05,6.40%,9
2021-06-06,6.40%,10
2021-06-07,6.40%,11
2021-06-08,6.40%,12
2021-06-09,6.40%,13
2021-06-10,6.40%,14
2021-06-11,6.40%,15
2021-06-12,6.40%,16
2021-06-13,6.40%,17
2021-06-14,6.40%,18
2021-06-15,6.40%,19
2021-06-16,6.40%,20
2021-06-17,6.40%,21
2021-06-18,6.40%,22
2021-06-19,6.40%,23
2021-06-20,6.40%,24
2021-06-21,6.40%,25
2021-06-22,6.40%,26
2021-06-23,6.40%,27
2021-06-24,6.40%,0
2021-06-25,6.40%,1
2021-06-26,6.40%,2
2021-06-27,6.40%,3
2021-06-28,6.40%,4
2021-06-29,6.40%,5
2021-06-30,6.40%,6
2021-07-01,6.40%,7
2021-07-02,6.40%,8
2021-07-03,6.40%,9
2021-07-04,6.40%,10
2021-07-05,6.40%,11
2021-07-06,6.40%,12
2021-07-07,6.40%,13
2021-07-08,6.40%,14
2021-07-09,6.40%,15
2021-07-10,6.40%,16
2021-07-11,6.40%,17
2021-07-12,6.40%,18
2021-07-13,6.40%,19
2021-07-14,6.40%,20
2021-07-15,6.40%,21
2021-07-16,6.40%,22
2021-07-17,6.40%,23
2021-07-18,6.40%,24
2021-07-19,6.40%,25
2021-07-20,6.40%,26
2021-07-21,6.40%,27
2021-07-22,6.40%,28
2021-07-23,6.40%,29
2021-07-24,6.40%,30
2021-07-25,6.40%,31
2021-07-26,6.40%,32
2021-07-27,6.40%,33
2021-07-28,6.40%,34
2021-07-29,6.50%,0
2021-07-30,6.50%,1
2021-07-31,6.50%,2
2021-08-01,6.50%,3
2021-08-02,6.50%,4
2021-08-03,6.50%,5
2021-08-04,6.50%,6
2021-08-05,6.50%,7
2021-08-06,6.50%,8
2021-08-07,6.50%,9
2021-08-08,6.50%,10
2021-08-09,6.50%,11
2021-08-10,6.50%,12
2021-08-11,6.50%,13
2021-08-12,6.50%,14
2021-08-13,6.50%,15
2021-08-14,6.50%,16
2021-08-15,6.50%,17
2021-08-16,6.50%,18
2021-08-17,6.50%,19
2021-08-18,6.50%,20
2021-08-19,6.50%,21
2021-08-20,6.50%,22
2021-08-21,6.50%,23
2021-08-22,6.50%,24
2021-08-23,6.50%,25
2021-08-24,6.50%,26
2021-08-25,6.50%,27
2021-08-26,6.60%,0
2021-08-27,6.60%,1
2021-08-28,6.60%,2
2021-08-29,6.60%,3
2021-08-30,6.60%,4
2021-08-31,6.60%,5
2021-09-01,6.60%,6
2021-09-02,6.60%,7
2021-09-03,6.60%,8
2021-09-04,6.60%,9
2021-09-05,6.60%,10
2021-09-06,6.60%,11
2021-09-07,6.60%,12
2021-09-08,6.60%,13
2021-09-09,6.60%,14
2021-09-10,6.60%,15
2021-09-11,6.60%,16
2021-09-12,6.60%,17
2021-09-13,6.60%,18
2021-09-14,6.60%,19
2021-09-15,6.60%,20
2021-09-16,6.60%,21
2021-09-17,6.60%,22
2021-09-18,6.60%,23
2021-09-19,6.60%,24
2021-09-20,6.60%,25
2021-09-21,6.60%,26
2021-09-22,6.60%,27
2021-09-23,6.60%,28
2021-09-24,6.60%,29
2021-09-25,6.60%,30
2021-09-26,6.60%,31
2021-09-27,6.60%,32
2021-09-28,6.60%,33
2021-09-29,6.60%,34
2021-09-30,6.70%,0
2021-10-01,6.70%,1
2021-10-02,6.70%,2
2021-10-03,6.70%,3
2021-10-04,6.70%,4
2021-10-05,6.70%,5
2021-10-06,6.70%,6
2021-10-07,6.70%,7
2021-10-08,6.70%,8
2021-10-09,6.70%,9
2021-10-10,6.70%,10
2021-10-11,6.70%,11
2021-10-12,6.70%,12
2021-10-13,6.70%,13
2021-10-14,6.70%,14
2021-10-15,6.70%,15
2021-10-16,6.70%,16
2021-10-17,6.70%,17
2021-10-18,6.70%,18
2021-10-19,6.70%,19
2021-10-20,6.70%,20
2021-10-21,6.70%,21
2021-10-22,6.70%,22
2021-10-23,6.70%,23
2021-10-24,6.70%,24
2021-10-25,6.70%,25
2021-10-26,6.70%,26
2021-10-27,6.70%,27
2021-10-28,2.00%,0
2021-10-29,2.00%,1
2021-10-30,2.00%,2
2021-10-31,2.00%,3
2021-11-01,2.00%,4
2021-11-02,2.00%,5
2021-11-03,2.00%,6
2021-11-04,2.00%,7
2021-11-05,2.00%,8
2021-11-06,2.00%,9
2021-11-07,2.00%,10
2021-11-08,2.00%,11
2021-11-09,2.00%,12
2021-11-10,2.00%,13
2021-11-11,2.00%,14
2021-11-12,2.00%,15
2021-11-13,2.00%,16
2021-11-14,2.00%,17
2021-11-15,2.00%,18
2021-11-16,2.00%,19
2021-11-17,2.00%,20
2021-11-18,2.00%,21
2021-11-19,2.00%,22
2021-11-20,2.00%,23
2021-11-21,2.00%,24
2021-11-22,2.00%,25
2021-11-23,2.00%,26
2021-11-24,2.10%,0
2021-11-25,2.10%,1
2021-11-26,2.10%,2
2021-11-27,2.10%,3
2021-11-28,2.10%,4
2021-11-29,2.10%,5
2021-11-30,2.10%,6
2021-12-01,2.10%,7
2021-12-02,2.10%,8
2021-12-03,2.10%,9
2021-12-04,2.10%,10
2021-12-05,2.10%,11
2021-12-06,2.10%,12
2021-12-07,2.10%,13
2021-12-08,2.10%,14
2021-12-09,2.10%,15
2021-12-10,2.10%,16
2021-12-11,2.10%,17
2021-12-12,2.10%,18
2021-12-13,2.10%,19
2021-12-14,2.10%,20
2021-12-15,2.10%,21
2021-12-16,2.10%,22
2021-12-17,2.10%,23
2021-12-18,2.10%,24
2021-12-19,2.10%,25
2021-12-20,2.10%,26
2021-12-21,2.10%,27
2021-12-22,2.30%,0
2021-12-23,2.30%,1
2021-12-24,2.30%,2
2021-12-25,2.30%,3
2021-12-26,2.30%,4
2021-12-27,2.30%,5
2021-12-28,2.30%,6
2021-12-29,2.30%,7
2021-12-30,2.30%,8
2021-12-31,2.30%,9
2022-01-01,2.30%,10
2022-01-02,2.30%,11
2022-01-03,2.30%,12
2022-01-04,2.30%,13
2022-01-05,2.30%,14
2022-01-06,2.30%,15
2022-01-07,2.30%,16
2022-01-08,2.30%,17
2022-01-09,2.30%,18
2022-01-10,2.30%,19
2022-01-11,2.30%,20
2022-01-12,2.30%,21
2022-01-13,2.30%,22
2022-01-14,2.30%,23
2022-01-15,2.30%,24
2022-01-16,2.30%,25
2022-01-17,2.30%,26
2022-01-18,2.30%,27
2022-01-19,2.30%,28
2022-01-20,2.30%,29
2022-01-21,2.30%,30
2022-01-22,2.30%,31
2022-01-23,2.30%,32
2022-01-24,2.30%,33
2022-01-25,2.30%,34
2022-01-26,2.30%,35
2022-01-27,6.90%,0
2022-01-28,6.90%,1
2022-01-29,6.90%,2
2022-01-30,6.90%,3
2022-01-31,6.90%,4
2022-02-01,6.90%,5
2022-02-02,6.90%,6
2022-02-03,6.90%,7
2022-02-04,6.90%,8
2022-02-05,6.90%,9
2022-02-06,6.90%,10
2022-02-07,6.90%,11
2022-02-08,6.90%,12
2022-02-09,6.90%,13
2022-02-10,6.90%,14
2022-02-11,6.90%,15
2022-02-12,6.90%,16
2022-02-13,6.90%,17
2022-02-14,6.90%,18
2022-02-15,6.90%,19
2022-02-16,6.90%,20
2022-02-17,6.90%,21
2022-02-18,6.90%,22
2022-02-19,6.90%,23
2022-02-20,6.90%,24
2022-02-21,6.90%,25
2022-02-22,6.90%,26
2022-02-23,6.90%,27
2022-02-24,7.00%,0
2022-02-25,7.00%,1
2022-02-26,7.00%,2
2022-02-27,7.00%,3
2022-02-28,7.00%,4
2022-03-01,7.00%,5
2022-03-02,7.00%,6
2022-03-03,7.00%,7
2022-03-04,7.00%,8
2022-03-05,7.00%,9
2022-03-06,7.00%,10
2022-03-07,7.00%,11
2022-03-08,7.00%,12
2022-03-09,7.00%,13
2022-03-10,7.00%,14
2022-03-11,7.00%,15
2022-03-12,7.00%,16
2022-03-13,7.00%,17
2022-03-14,7.00%,18
2022-03-15,7.00%,19
2022-03-16,7.00%,20
2022-03-17,7.00%,21
2022-03-18,7.00%,22
2022-03-19,7.00%,23
2022-03-20,7.00%,24
2022-03-21,7.00%,25
2022-03-22,7.00%,26
2022-03-23,7.00%,27
2022-03-24,7.00%,28
2022-03-25,7.00%,29
2022-03-26,7.00%,30
2022-03-27,7.00%,31
2022-03-28,7.00%,32
2022-03-29,7.00%,33
2022-03-30,6.90%,0
2022-03-31,6.90%,1
2022-04-01,6.90%,2
2022-04-02,6.90%,3
2022-04-03,6.90%,4
2022-04-04,6.90%,5
2022-04-05,6.90%,6
2022-04-06,6.90%,7
2022-04-07,6.90%,8
2022-04-08,6.90%,9
2022-04-09,6.90%,10
2022-04-10,6.90%,11
2022-04-11,6.90%,12
2022-04-12,6.90%,13
2022-04-13,6.90%,14
2022-04-14,6.90%,15
2022-04-15,6.90%,16
2022-04-16,6.90%,17
2022-04-17,6.90%,18
2022-04-18,6.90%,19
2022-04-19,6.90%,20
2022-04-20,6.90%,21
2022-04-21,6.90%,22
2022-04-22,6.90%,23
2022-04-23,6.90%,24
2022-04-24,6.90%,25
2022-04-25,6.90%,26
2022-04-26,6.90%,27
2022-04-27,6.90%,28
2022-04-28,-1.40%,0
2022-04-29,-1.40%,1
2022-04-30,-1.40%,2
2022-05-01,-1.40%,3
2022-05-02,-1.40%,4
2022-05-03,-1.40%,5
2022-05-04,-1.40%,6
2022-05-05,-1.40%,7
2022-05-06,-1.40%,8
2022-05-07,-1.40%,9
2022-05-08,-1.40%,10
2022-05-09,-1.40%,11
2022-05-10,-1.40%,12
2022-05-11,-1.40%,13
2022-05-12,-1.40%,14
2022-05-13,-1.40%,15
2022-05-14,-1.40%,16
2022-05-15,-1.40%,17
2022-05-16,-1.40%,18
2022-05-17,-1.40%,19
2022-05-18,-1.40%,20
2022-05-19,-1.40%,21
2022-05-20,-1.40%,22
2022-05-21,-1.40%,23
2022-05-22,-1.40%,24
2022-05-23,-1.40%,25
2022-05-24,-1.40%,26
2022-05-25,-1.40%,27
2022-05-26,-1.50%,0
2022-05-27,-1.50%,1
2022-05-28,-1.50%,2
2022-05-29,-1.50%,3
2022-05-30,-1.50%,4
2022-05-31,-1.50%,5
2022-06-01,-1.50%,6
2022-06-02,-1.50%,7
2022-06-03,-1.50%,8
2022-06-04,-1.50%,9
2022-06-05,-1.50%,10
2022-06-06,-1.50%,11
2022-06-07,-1.50%,12
2022-06-08,-1.50%,13
2022-06-09,-1.50%,14
2022-06-10,-1.50%,15
2022-06-11,-1.50%,16
2022-06-12,-1.50%,17
2022-06-13,-1.50%,18
2022-06-14,-1.50%,19
2022-06-15,-1.50%,20
2022-06-16,-1.50%,21
2022-06-17,-1.50%,22
2022-06-18,-1.50%,23
2022-06-19,-1.50%,24
2022-06-20,-1.50%,25
2022-06-21,-1.50%,26
2022-06-22,-1.50%,27
2022-06-23,-1.50%,28
2022-06-24,-1.50%,29
2022-06-25,-1.50%,30
2022-06-26,-1.50%,31
2022-06-27,-1.50%,32
2022-06-28,-1.50%,33
2022-06-29,-1.60%,0
2022-06-30,-1.60%,1
2022-07-01,-1.60%,2
2022-07-02,-1.60%,3
2022-07-03,-1.60%,4
2022-07-04,-1.60%,5
2022-07-05,-1.60%,6
2022-07-06,-1.60%,7
2022-07-07,-1.60%,8
2022-07-08,-1.60%,9
2022-07-09,-1.60%,10
2022-07-10,-1.60%,11
2022-07-11,-1.60%,12
2022-07-12,-1.60%,13
2022-07-13,-1.60%,14
2022-07-14,-1.60%,15
2022-07-15,-1.60%,16
2022-07-16,-1.60%,17
2022-07-17,-1.60%,18
2022-07-18,-1.60%,19
2022-07-19,-1.60%,20
2022-07-20,-1.60%,21
2022-07-21,-1.60%,22
2022-07-22,-1.60%,23
2022-07-23,-1.60%,24
2022-07-24,-1.60%,25
2022-07-25,-1.60%,26
2022-07-26,-1.60%,27
2022-07-27,-1.60%,28
2022-07-28,-0.90%,0
2022-07-29,-0.90%,1
2022-07-30,-0.90%,2
2022-07-31,-0.90%,3
2022-08-01,-0.90%,4
2022-08-02,-0.90%,5
2022-08-03,-0.90%,6
2022-08-04,-0.90%,7
2022-08-05,-0.90%,8
2022-08-06,-0.90%,9
2022-08-07,-0.90%,10
2022-08-08,-0.90%,11
2022-08-09,-0.90%,12
2022-08-10,-0.90%,13
2022-08-11,-0.90%,14
2022-08-12,-0.90%,15
2022-08-13,-0.90%,16
2022-08-14,-0.90%,17
2022-08-15,-0.90%,18
2022-08-16,-0.90%,19
2022-08-17,-0.90%,20
2022-08-18,-0.90%,21
2022-08-19,-0.90%,22
2022-08-20,-0.90%,23
2022-08-21,-0.90%,24
2022-08-22,-0.90%,25
2022-08-23,-0.90%,26
2022-08-24,-0.90%,27
2022-08-25,-0.60%,0
2022-08-26,-0.60%,1
2022-08-27,-0.60%,2
2022-08-28,-0.60%,3
2022-08-29,-0.60%,4
2022-08-30,-0.60%,5
2022-08-31,-0.60%,6
2022-09-01,-0.60%,7
2022-09-02,-0.60%,8
2022-09-03,-0.60%,9
2022-09-04,-0.60%,10
2022-09-05,-0.60%,11
2022-09-06,-0.60%,12
2022-09-07,-0.60%,13
2022-09-08,-0.60%,14
2022-09-09,-0.60%,15
2022-09-10,-0.60%,16
2022-09-11,-0.60%,17
2022-09-12,-0.60%,18
2022-09-13,-0.60%,19
2022-09-14,-0.60%,20
2022-09-15,-0.60%,21
2022-09-16,-0.60%,22
2022-09-17,-0.60%,23
2022-09-18,-0.60%,24
2022-09-19,-0.60%,25
2022-09-20,-0.60%,26
2022-09-21,-0.60%,27
2022-09-22,-0.60%,28
2022-09-23,-0.60%,29
2022-09-24,-0.60%,30
2022-09-25,-0.60%,31
2022-09-26,-0.60%,32
2022-09-27,-0.60%,33
2022-09-28,-0.60%,34
2022-09-29,-0.60%,0
2022-09-30,-0.60%,1
2022-10-01,-0.60%,2
2022-10-02,-0.60%,3
2022-10-03,-0.60%,4
2022-10-04,-0.60%,5
2022-10-05,-0.60%,6
2022-10-06,-0.60%,7
2022-10-07,-0.60%,8
2022-10-08,-0.60%,9
2022-10-09,-0.60%,10
2022-10-10,-0.60%,11
2022-10-11,-0.60%,12
2022-10-12,-0.60%,13
2022-10-13,-0.60%,14
2022-10-14,-0.60%,15
2022-10-15,-0.60%,16
2022-10-16,-0.60%,17
2022-10-17,-0.60%,18
2022-10-18,-0.60%,19
2022-10-19,-0.60%,20
2022-10-20,-0.60%,21
2022-10-21,-0.60%,22
2022-10-22,-0.60%,23
2022-10-23,-0.60%,24
2022-10-24,-0.60%,25
2022-10-25,-0.60%,26
2022-10-26,-0.60%,27
2022-10-27,2.60%,0
2022-10-28,2.60%,1
2022-10-29,2.60%,2
2022-10-30,2.60%,3
2022-10-31,2.60%,4
2022-11-01,2.60%,5
2022-11-02,2.60%,6
2022-11-03,2.60%,7
2022-11-04,2.60%,8
2022-11-05,2.60%,9
2022-11-06,2.60%,10
2022-11-07,2.60%,11
2022-11-08,2.60%,12
2022-11-09,2.60%,13
2022-11-10,2.60%,14
2022-11-11,2.60%,15
2022-11-12,2.60%,16
2022-11-13,2.60%,17
2022-11-14,2.60%,18
2022-11-15,2.60%,19
2022-11-16,2.60%,20
2022-11-17,2.60%,21
2022-11-18,2.60%,22
2022-11-19,2.60%,23
2022-11-20,2.60%,24
2022-11-21,2.60%,25
2022-11-22,2.60%,26
2022-11-23,2.60%,27
2022-11-24,2.60%,28
2022-11-25,2.60%,29
2022-11-26,2.60%,30
2022-11-27,2.60%,31
2022-11-28,2.60%,32
2022-11-29,2.60%,33
2022-11-30,2.90%,0
2022-12-01,2.90%,1
2022-12-02,2.90%,2
2022-12-03,2.90%,3
2022-12-04,2.90%,4
2022-12-05,2.90%,5
2022-12-06,2.90%,6
2022-12-07,2.90%,7
2022-12-08,2.90%,8
2022-12-09,2.90%,9
2022-12-10,2.90%,10
2022-12-11,2.90%,11
2022-12-12,2.90%,12
2022-12-13,2.90%,13
2022-12-14,2.90%,14
2022-12-15,2.90%,15
2022-12-16,2.90%,16
2022-12-17,2.90%,17
2022-12-18,2.90%,18
2022-12-19,2.90%,19
2022-12-20,2.90%,20
2022-12-21,2.90%,21
2022-12-22,3.20%,0
2022-12-23,3.20%,1
2022-12-24,3.20%,2
2022-12-25,3.20%,3
2022-12-26,3.20%,4
2022-12-27,3.20%,5
2022-12-28,3.20%,6
2022-12-29,3.20%,7
2022-12-30,3.20%,8
2022-12-31,3.20%,9
2023-01-01,3.20%,10
2023-01-02,3.20%,11
2023-01-03,3.20%,12
2023-01-04,3.20%,13
2023-01-05,3.20%,14
2023-01-06,3.20%,15
2023-01-07,3.20%,16
2023-01-08,3.20%,17
2023-01-09,3.20%,18
2023-01-10,3.20%,19
2023-01-11,3.20%,20
2023-01-12,3.20%,21
2023-01-13,3.20%,22
2023-01-14,3.20%,23
2023-01-15,3.20%,24
2023-01-16,3.20%,25
2023-01-17,3.20%,26
2023-01-18,3.20%,27
2023-01-19,3.20%,28
2023-01-20,3.20%,29
2023-01-21,3.20%,30
2023-01-22,3.20%,31
2023-01-23,3.20%,32
2023-01-24,3.20%,33
2023-01-25,3.20%,34
2023-01-26,2.90%,0
2023-01-27,2.90%,1
2023-01-28,2.90%,2
2023-01-29,2.90%,3
2023-01-30,2.90%,4
2023-01-31,2.90%,5
2023-02-01,2.90%,6
2023-02-02,2.90%,7
2023-02-03,2.90%,8
2023-02-04,2.90%,9
2023-02-05,2.90%,10
2023-02-06,2.90%,11
2023-02-07,2.90%,12
2023-02-08,2.90%,13
2023-02-09,2.90%,14
2023-02-10,2.90%,15
2023-02-11,2.90%,16
2023-02-12,2.90%,17
2023-02-13,2.90%,18
2023-02-14,2.90%,19
2023-02-15,2.90%,20
2023-02-16,2.90%,21
2023-02-17,2.90%,22
2023-02-18,2.90%,23
2023-02-19,2.90%,24
2023-02-20,2.90%,25
2023-02-21,2.90%,26
2023-02-22,2.90%,27
2023-02-23,2.70%,0
2023-02-24,2.70%,1
2023-02-25,2.70%,2
2023-02-26,2.70%,3
2023-02-27,2.70%,4
2023-02-28,2.70%,5
2023-03-01,2.70%,6
2023-03-02,2.70%,7
2023-03-03,2.70%,8
2023-03-04,2.70%,9
2023-03-05,2.70%,10
2023-03-06,2.70%,11
2023-03-07,2.70%,12
2023-03-08,2.70%,13
2023-03-09,2.70%,14
2023-03-10,2.70%,15
2023-03-11,2.70%,16
2023-03-12,2.70%,17
2023-03-13,2.70%,18
2023-03-14,2.70%,19
2023-03-15,2.70%,20
2023-03-16,2.70%,21
2023-03-17,2.70%,22
2023-03-18,2.70%,23
2023-03-19,2.70%,24
2023-03-20,2.70%,25
2023-03-21,2.70%,26
2023-03-22,2.70%,27
2023-03-23,2.70%,28
2023-03-24,2.70%,29
2023-03-25,2.70%,30
2023-03-26,2.70%,31
2023-03-27,2.70%,32
2023-03-28,2.70%,33
2023-03-29,2.70%,34
2023-03-30,2.60%,0
2023-03-31,2.60%,1
2023-04-01,2.60%,2
2023-04-02,2.60%,3
2023-04-03,2.60%,4
2023-04-04,2.60%,5
2023-04-05,2.60%,6
2023-04-06,2.60%,7
2023-04-07,2.60%,8
2023-04-08,2.60%,9
2023-04-09,2.60%,10
2023-04-10,2.60%,11
2023-04-11,2.60%,12
2023-04-12,2.60%,13
2023-04-13,2.60%,14
2023-04-14,2.60%,15
2023-04-15,2.60%,16
2023-04-16,2.60%,17
2023-04-17,2.60%,18
2023-04-18,2.60%,19
2023-04-19,2.60%,20
2023-04-20,2.60%,21
2023-04-21,2.60%,22
2023-04-22,2.60%,23
2023-04-23,2.60%,24
2023-04-24,2.60%,25
2023-04-25,2.60%,26
2023-04-26,2.60%,27
2023-04-27,1.10%,0
2023-04-28,1.10%,1
2023-04-29,1.10%,2
2023-04-30,1.10%,3
2023-05-01,1.10%,4
2023-05-02,1.10%,5
2023-05-03,1.10%,6
2023-05-04,1.10%,7
2023-05-05,1.10%,8
2023-05-06,1.10%,9
2023-05-07,1.10%,10
2023-05-08,1.10%,11
2023-05-09,1.10%,12
2023-05-10,1.10%,13
2023-05-11,1.10%,14
2023-05-12,1.10%,15
2023-05-13,1.10%,16
2023-05-14,1.10%,17
2023-05-15,1.10%,18
2023-05-16,1.10%,19
2023-05-17,1.10%,20
2023-05-18,1.10%,21
2023-05-19,1.10%,22
2023-05-20,1.10%,23
2023-05-21,1.10%,24
2023-05-22,1.10%,25
2023-05-23,1.10%,26
2023-05-24,1.10%,27
2023-05-25,1.30%,0
2023-05-26,1.30%,1
2023-05-27,1.30%,2
2023-05-28,1.30%,3
2023-05-29,1.30%,4
2023-05-30,1.30%,5
2023-05-31,1.30%,6
2023-06-01,1.30%,7
2023-06-02,1.30%,8
2023-06-03,1.30%,9
2023-06-04,1.30%,10
2023-06-05,1.30%,11
2023-06-06,1.30%,12
2023-06-07,1.30%,13
2023-06-08,1.30%,14
2023-06-09,1.30%,15
2023-06-10,1.30%,16
2023-06-11,1.30%,17
2023-06-12,1.30%,18
2023-06-13,1.30%,19
2023-06-14,1.30%,20
2023-06-15,1.30%,21
2023-06-16,1.30%,22
2023-06-17,1.30%,23
2023-06-18,1.30%,24
2023-06-19,1.30%,25
2023-06-20,1.30%,26
2023-06-21,1.30%,27
2023-06-22,1.30%,28
2023-06-23,1.30%,29
2023-06-24,1.30%,30
2023-06-25,1.30%,31
2023-06-26,1.30%,32
2023-06-27,1.30%,33
2023-06-28,1.30%,34
2023-06-29,2.00%,0
2023-06-30,2.00%,1
2023-07-01,2.00%,2
2023-07-02,2.00%,3
2023-07-03,2.00%,4
2023-07-04,2.00%,5
2023-07-05,2.00%,6
2023-07-06,2.00%,7
2023-07-07,2.00%,8
2023-07-08,2.00%,9
2023-07-09,2.00%,10
2023-07-10,2.00%,11
2023-07-11,2.00%,12
2023-07-12,2.00%,13
2023-07-13,2.00%,14
2023-07-14,2.00%,15
2023-07-15,2.00%,16
2023-07-16,2.00%,17
2023-07-17,2.00%,18
2023-07-18,2.00%,19
2023-07-19,2.00%,20
2023-07-20,2.00%,21
2023-07-21,2.00%,22
2023-07-22,2.00%,23
2023-07-23,2.00%,24
2023-07-24,2.00%,25
2023-07-25,2.00%,26
2023-07-26,2.00%,27
2023-07-27,2.40%,0
2023-07-28,2.40%,1
2023-07-29,2.40%,2
2023-07-30,2.40%,3
2023-07-31,2.40%,4
2023-08-01,2.40%,5
2023-08-02,2.40%,6
2023-08-03,2.40%,7
2023-08-04,2.40%,8
2023-08-05,2.40%,9
2023-08-06,2.40%,10
2023-08-07,2.40%,11
2023-08-08,2.40%,12
2023-08-09,2.40%,13
2023-08-10,2.40%,14
2023-08-11,2.40%,15
2023-08-12,2.40%,16
2023-08-13,2.40%,17
2023-08-14,2.40%,18
2023-08-15,2.40%,19
2023-08-16,2.40%,20
2023-08-17,2.40%,21
2023-08-18,2.40%,22
2023-08-19,2.40%,23
2023-08-20,2.40%,24
2023-08-21,2.40%,25
2023-08-22,2.40%,26
2023-08-23,2.40%,27
2023-08-24,2.40%,28
2023-08-25,2.40%,29
2023-08-26,2.40%,30
2023-08-27,2.40%,31
2023-08-28,2.40%,32
2023-08-29,2.40%,33
2023-08-30,2.10%,0
2023-08-31,2.10%,1
2023-09-01,2.10%,2
2023-09-02,2.10%,3
2023-09-03,2.10%,4
2023-09-04,2.10%,5
2023-09-05,2.10%,6
2023-09-06,2.10%,7
2023-09-07,2.10%,8
2023-09-08,2.10%,9
2023-09-09,2.10%,10
2023-09-10,2.10%,11
2023-09-11,2.10%,12
2023-09-12,2.10%,13
2023-09-13,2.10%,14
2023-09-14,2.10%,15
2023-09-15,2.10%,16
2023-09-16,2.10%,17
2023-09-17,2.10%,18
2023-09-18,2.10%,19
2023-09-19,2.10%,20
2023-09-20,2.10%,21
2023-09-21,2.10%,22
2023-09-22,2.10%,23
2023-09-23,2.10%,24
2023-09-24,2.10%,25
2023-09-25,2.10%,26
2023-09-26,2.10%,27
2023-09-27,2.10%,28
2023-09-28,2.10%,0
2023-09-29,2.10%,1
2023-09-30,2.10%,2
2023-10-01,2.10%,3
2023-10-02,2.10%,4
2023-10-03,2.10%,5
2023-10-04,2.10%,6
2023-10-05,2.10%,7
2023-10-06,2.10%,8
2023-10-07,2.10%,9
2023-10-08,2.10%,10
2023-10-09,2.10%,11
2023-10-10,2.10%,12
2023-10-11,2.10%,13
2023-10-12,2.10%,14
2023-10-13,2.10%,15
2023-10-14,2.10%,16
2023-10-15,2.10%,17
2023-10-16,2.10%,18
2023-10-17,2.10%,19
2023-10-18,2.10%,20
2023-10-19,2.10%,21
2023-10-20,2.10%,22
2023-10-21,2.10%,23
2023-10-22,2.10%,24
2023-10-23,2.10%,25
2023-10-24,2.10%,26
2023-10-25,2.10%,27
2023-10-26,4.90%,0
2023-10-27,4.90%,1
2023-10-28,4.90%,2
2023-10-29,4.90%,3
2023-10-30,4.90%,4
2023-10-31,4.90%,5
2023-11-01,4.90%,6
2023-11-02,4.90%,7
2023-11-03,4.90%,8
2023-11-04,4.90%,9
2023-11-05,4.90%,10
2023-11-06,4.90%,11
2023-11-07,4.90%,12
2023-11-08,4.90%,13
2023-11-09,4.90%,14
2023-11-10,4.90%,15
2023-11-11,4.90%,16
2023-11-12,4.90%,17
2023-11-13,4.90%,18
2023-11-14,4.90%,19
2023-11-15,4.90%,20
2023-11-16,4.90%,21
2023-11-17,4.90%,22
2023-11-18,4.90%,23
2023-11-19,4.90%,24
2023-11-20,4.90%,25
2023-11-21,4.90%,26
2023-11-22,4.90%,27
2023-11-23,4.90%,28
2023-11-24,4.90%,29
2023-11-25,4.90%,30
2023-11-26,4.90%,31
2023-11-27,4.90%,32
2023-11-28,4.90%,33
2023-11-29,5.20%,0
2023-11-30,5.20%,1
2023-12-01,5.20%,2
2023-12-02,5.20%,3
2023-12-03,5.20%,4
2023-12-04,5.20%,5
2023-12-05,5.20%,6
2023-12-06,5.20%,7
2023-12-07,5.20%,8
2023-12-08,5.20%,9
2023-12-09,5.20%,10
2023-12-10,5.20%,11
2023-12-11,5.20%,12
2023-12-12,5.20%,13
2023-12-13,5.20%,14
2023-12-14,5.20%,15
2023-12-15,5.20%,16
2023-12-16,5.20%,17
2023-12-17,5.20%,18
2023-12-18,5.20%,19
2023-12-19,5.20%,20
2023-12-20,5.20%,21
2023-12-21,4.90%,0
2023-12-22,4.90%,1
2023-12-23,4.90%,2
2023-12-24,4.90%,3
2023-12-25,4.90%,4
2023-12-26,4.90%,5
2023-12-27,4.90%,6
2023-12-28,4.90%,7
2023-12-29,4.90%,8
2023-12-30,4.90%,9
2023-12-31,4.90%,10
2024-01-01,4.90%,11
2024-01-02,4.90%,12
2024-01-03,4.90%,13
2024-01-04,4.90%,14
2024-01-05,4.90%,15
2024-01-06,4.90%,16
2024-01-07,4.90%,17
2024-01-08,4.90%,18
2024-01-09,4.90%,19
2024-01-10,4.90%,20
2024-01-11,4.90%,21
2024-01-12,4.90%,22
2024-01-13,4.90%,23
2024-01-14,4.90%,24
2024-01-15,4.90%,25
2024-01-16,4.90%,26
2024-01-17,4.90%,27
2024-01-18,4.90%,28
2024-01-19,4.90%,29
2024-01-20,4.90%,30
2024-01-21,4.90%,31
2024-01-22,4.90%,32
2024-01-23,4.90%,33
2024-01-24,4.90%,34
2024-01-25,3.30%,0
2024-01-26,3.30%,1
2024-01-27,3.30%,2
2024-01-28,3.30%,3
2024-01-29,3.30%,4
2024-01-30,3.30%,5
2024-01-31,3.30%,6
2024-02-01,3.30%,7
2024-02-02,3.30%,8
2024-02-03,3.30%,9
2024-02-04,3.30%,10
2024-02-05,3.30%,11
2024-02-06,3.30%,12
2024-02-07,3.30%,13
2024-02-08,3.30%,14
2024-02-09,3.30%,15
2024-02-10,3.30%,16
2024-02-11,3.30%,17
2024-02-12,3.30%,18
2024-02-13,3.30%,19
2024-02-14,3.30%,20
2024-02-15,3.30%,21
2024-02-16,3.30%,22
2024-02-17,3.30%,23
2024-02-18,3.30%,24
2024-02-19,3.30%,25
2024-02-20,3.30%,26
2024-02-21,3.30%,27
2024-02-22,3.30%,28
2024-02-23,3.30%,29
2024-02-24,3.30%,30
2024-02-25,3.30%,31
2024-02-26,3.30%,32
2024-02-27,3.30%,33
2024-02-28,3.20%,0
2024-02-29,3.20%,1
2024-03-01,3.20%,2
2024-03-02,3.20%,3
2024-03-03,3.20%,4
2024-03-04,3.20%,5
2024-03-05,3.20%,6
2024-03-06,3.20%,7
2024-03-07,3.20%,8
2024-03-08,3.20%,9
2024-03-09,3.20%,10
2024-03-10,3.20%,11
2024-03-11,3.20%,12
2024-03-12,3.20%,13
2024-03-13,3.20%,14
2024-03-14,3.20%,15
2024-03-15,3.20%,16
2024-03-16,3.20%,17
2024-03-17,3.20%,18
2024-03-18,3.20%,19
2024-03-19,3.20%,20
2024-03-20,3.20%,21
2024-03-21,3.20%,22
2024-03-22,3.20%,23
2024-03-23,3.20%,24
2024-03-24,3.20%,25
2024-03-25,3.20%,26
2024-03-26,3.20%,27
2024-03-27,3.20%,28
2024-03-28,3.40%,0
2024-03-29,3.40%,1
2024-03-30,3.40%,2
2024-03-31,3.40%,3
2024-04-01,3.40%,4
2024-04-02,3.40%,5
2024-04-03,3.40%,6
2024-04-04,3.40%,7
2024-04-05,3.40%,8
2024-04-06,3.40%,9
2024-04-07,3.40%,10
2024-04-08,3.40%,11
2024-04-09,3.40%,12
2024-04-10,3.40%,13
2024-04-11,3.40%,14
2024-04-12,3.40%,15
2024-04-13,3.40%,16
2024-04-14,3.40%,17
2024-04-15,3.40%,18
2024-04-16,3.40%,19
2024-04-17,3.40%,20
2024-04-18,3.40%,21
2024-04-19,3.40%,22
2024-04-20,3.40%,23
2024-04-21,3.40%,24
2024-04-22,3.40%,25
2024-04-23,3.40%,26
2024-04-24,3.40%,27
2024-04-25,1.60%,0
2024-04-26,1.60%,1
2024-04-27,1.60%,2
2024-04-28,1.60%,3
2024-04-29,1.60%,4
2024-04-30,1.60%,5
2024-05-01,1.60%,6
2024-05-02,1.60%,7
2024-05-03,1.60%,8
2024-05-04,1.60%,9
2024-05-05,1.60%,10
2024-05-06,1.60%,11
2024-05-07,1.60%,12
2024-05-08,1.60%,13
2024-05-09,1.60%,14
2024-05-10,1.60%,15
2024-05-11,1.60%,16
2024-05-12,1.60%,17
2024-05-13,1.60%,18
2024-05-14,1.60%,19
2024-05-15,1.60%,20
2024-05-16,1.60%,21
2024-05-17,1.60%,22
2024-05-18,1.60%,23
2024-05-19,1.60%,24
2024-05-20,1.60%,25
2024-05-21,1.60%,26
2024-05-22,1.60%,27
2024-05-23,1.60%,28
2024-05-24,1.60%,29
2024-05-25,1.60%,30
2024-05-26,1.60%,31
2024-05-27,1.60%,32
2024-05-28,1.60%,33
2024-05-29,1.60%,34
2024-05-30,1.30%,0
2024-05-31,1.30%,1
2024-06-01,1.30%,2
2024-06-02,1.30%,3
2024-06-03,1.30%,4
2024-06-04,1.30%,5
2024-06-05,1.30%,6
2024-06-06,1.30%,7
2024-06-07,1.30%,8
2024-06-08,1.30%,9
2024-06-09,1.30%,10
2024-06-10,1.30%,11
2024-06-11,1.30%,12
2024-06-12,1.30%,13
2024-06-13,1.30%,14
2024-06-14,1.30%,15
2024-06-15,1.30%,16
2024-06-16,1.30%,17
2024-06-17,1.30%,18
2024-06-18,1.30%,19
2024-06-19,1.30%,20
2024-06-20,1.30%,21
2024-06-21,1.30%,22
2024-06-22,1.30%,23
2024-06-23,1.30%,24
2024-06-24,1.30%,25
2024-06-25,1.30%,26
2024-06-26,1.30%,27
2024-06-27,1.40%,0
2024-06-28,1.40%,1
2024-06-29,1.40%,2
2024-06-30,1.40%,3
2024-07-01,1.40%,4
2024-07-02,1.40%,5
2024-07-03,1.40%,6
2024-07-04,1.40%,7
2024-07-05,1.40%,8
2024-07-06,1.40%,9
2024-07-07,1.40%,10
2024-07-08,1.40%,11
2024-07-09,1.40%,12
2024-07-10,1.40%,13
2024-07-11,1.40%,14
2024-07-12,1.40%,15
2024-07-13,1.40%,16
2024-07-14,1.40%,17
2024-07-15,1.40%,18
2024-07-16,1.40%,19
2024-07-17,1.40%,20
2024-07-18,1.40%,21
2024-07-19,1.40%,22
2024-07-20,1.40%,23
2024-07-21,1.40%,24
2024-07-22,1.40%,25
2024-07-23,1.40%,26
2024-07-24,1.40%,27
2024-07-25,2.80%,0
2024-07-26,2.80%,1
2024-07-27,2.80%,2
2024-07-28,2.80%,3
2024-07-29,2.80%,4
2024-07-30,2.80%,5
2024-07-31,2.80%,6
2024-08-01,2.80%,7
2024-08-02,2.80%,8
2024-08-03,2.80%,9
2024-08-04,2.80%,10
2024-08-05,2.80%,11
2024-08-06,2.80%,12
2024-08-07,2.80%,13
2024-08-08,2.80%,14
2024-08-09,2.80%,15
2024-08-10,2.80%,16
2024-08-11,2.80%,17
2024-08-12,2.80%,18
2024-08-13,2.80%,19
2024-08-14,2.80%,20
2024-08-15,2.80%,21
2024-08-16,2.80%,22
2024-08-17,2.80%,23
2024-08-18,2.80%,24
2024-08-19,2.80%,25
2024-08-20,2.80%,26
2024-08-21,2.80%,27
2024-08-22,2.80%,28
2024-08-23,2.80%,29
2024-08-24,2.80%,30
2024-08-25,2.80%,31
2024-08-26,2.80%,32
2024-08-27,2.80%,33
2024-08-28,2.80%,34
2024-08-29,3.00%,0
2024-08-30,3.00%,1
2024-08-31,3.00%,2
2024-09-01,3.00%,3
2024-09-02,3.00%,4
2024-09-03,3.00%,5
2024-09-04,3.00%,6
2024-09-05,3.00%,7
2024-09-06,3.00%,8
2024-09-07,3.00%,9
2024-09-08,3.00%,10
2024-09-09,3.00%,11
2024-09-10,3.00%,12
2024-09-11,3.00%,13
2024-09-12,3.00%,14
2024-09-13,3.00%,15
2024-09-14,3.00%,16
2024-09-15,3.00%,17
2024-09-16,3.00%,18
2024-09-17,3.00%,19
2024-09-18,3.00%,20
2024-09-19,3.00%,21
2024-09-20,3.00%,22
2024-09-21,3.00%,23
2024-09-22,3.00%,24
2024-09-23,3.00%,25
2024-09-24,3.00%,26
2024-09-25,3.00%,27
2024-09-26,3.00%,0
2024-09-27,3.00%,1
2024-09-28,3.00%,2
2024-09-29,3.00%,3
2024-09-30,3.00%,4
2024-10-01,3.00%,5
2024-10-02,3.00%,6
2024-10-03,3.00%,7
2024-10-04,3.00%,8
2024-10-05,3.00%,9
2024-10-06,3.00%,10
2024-10-07,3.00%,11
2024-10-08,3.00%,12
2024-10-09,3.00%,13
2024-10-10,3.00%,14
2024-10-11,3.00%,15
2024-10-12,3.00%,16
2024-10-13,3.00%,17
2024-10-14,3.00%,18
2024-10-15,3.00%,19
2024-10-16,3.00%,20
2024-10-17,3.00%,21
2024-10-18,3.00%,22
2024-10-19,3.00%,23
2024-10-20,3.00%,24
2024-10-21,3.00%,25
2024-10-22,3.00%,26
2024-10-23,3.00%,27
2024-10-24,3.00%,28
2024-10-25,3.00%,29
2024-10-26,3.00%,30
2024-10-27,3.00%,31
2024-10-28,3.00%,32
2024-10-29,3.00%,33
2024-10-30,2.80%,0
2024-10-31,2.80%,1
2024-11-01,2.80%,2
2024-11-02,2.80%,3
2024-11-03,2.80%,4
2024-11-04,2.80%,5
2024-11-05,2.80%,6
2024-11-06,2.80%,7
2024-11-07,2.80%,8
2024-11-08,2.80%,9
2024-11-09,2.80%,10
2024-11-10,2.80%,11
2024-11-11,2.80%,12
2024-11-12,2.80%,13
2024-11-13,2.80%,14
2024-11-14,2.80%,15
2024-11-15,2.80%,16
2024-11-16,2.80%,17
2024-11-17,2.80%,18
2024-11-18,2.80%,19
2024-11-19,2.80%,20
2024-11-20,2.80%,21
2024-11-21,2.80%,22
2024-11-22,2.80%,23
2024-11-23,2.80%,24
2024-11-24,2.80%,25
2024-11-25,2.80%,26
2024-11-26,2.80%,27
2024-11-27,2.80%,0
2024-11-28,2.80%,1
2024-11-29,2.80%,2
2024-11-30,2.80%,3
2024-12-01,2.80%,4
2024-12-02,2.80%,5
2024-12-03,2.80%,6
2024-12-04,2.80%,7
2024-12-05,2.80%,8
2024-12-06,2.80%,9
2024-12-07,2.80%,10
2024-12-08,2.80%,11
2024-12-09,2.80%,12
2024-12-10,2.80%,13
2024-12-11,2.80%,14
2024-12-12,2.80%,15
2024-12-13,2.80%,16
2024-12-14,2.80%,17
2024-12-15,2.80%,18
2024-12-16,2.80%,19
2024-12-17,2.80%,20
2024-12-18,2.80%,21
2024-12-19,3.10%,0
2024-12-20,3.10%,1
2024-12-21,3.10%,2
2024-12-22,3.10%,3
2024-12-23,3.10%,4
2024-12-24,3.10%,5
2024-12-25,3.10%,6
2024-12-26,3.10%,7
2024-12-27,3.10%,8
2024-12-28,3.10%,9
2024-12-29,3.10%,10
2024-12-30,3.10%,11
2024-12-31,3.10%,12
2025-01-01,3.10%,13
2025-01-02,3.10%,14
2025-01-03,3.10%,15
2025-01-04,3.10%,16
2025-01-05,3.10%,17
2025-01-06,3.10%,18
2025-01-07,3.10%,19
2025-01-08,3.10%,20
2025-01-09,3.10%,21
2025-01-10,3.10%,22
2025-01-11,3.10%,23
2025-01-12,3.10%,24
2025-01-13,3.10%,25
2025-01-14,3.10%,26
2025-01-15,3.10%,27
2025-01-16,3.10%,28
2025-01-17,3.10%,29
2025-01-18,3.10%,30
2025-01-19,3.10%,31
2025-01-20,3.10%,32
2025-01-21,3.10%,33
2025-01-22,3.10%,34
2025-01-23,3.10%,35
2025-01-24,3.10%,36
2025-01-25,3.10%,37
2025-01-26,3.10%,38
2025-01-27,3.10%,39
2025-01-28,3.10%,40
2025-01-29,3.10%,41
2025-01-30,2.30%,0
2025-01-31,2.30%,1
2025-02-01,2.30%,2
2025-02-02,2.30%,3
2025-02-03,2.30%,4
2025-02-04,2.30%,5
2025-02-05,2.30%,6
2025-02-06,2.30%,7
2025-02-07,2.30%,8
2025-02-08,2.30%,9
2025-02-09,2.30%,10
2025-02-10,2.30%,11
2025-02-11,2.30%,12
2025-02-12,2.30%,13
2025-02-13,2.30%,14
2025-02-14,2.30%,15
2025-02-15,2.30%,16
2025-02-16,2.30%,17
2025-02-17,2.30%,18
2025-02-18,2.30%,19
2025-02-19,2.30%,20
2025-02-20,2.30%,21
2025-02-21,2.30%,22
2025-02-22,2.30%,23
2025-02-23,2.30%,24
2025-02-24,2.30%,25
2025-02-25,2.30%,26
2025-02-26,2.30%,27
2025-02-27,2.30%,0
2025-02-28,2.30%,1
2025-03-01,2.30%,2
2025-03-02,2.30%,3
2025-03-03,2.30%,4
2025-03-04,2.30%,5
2025-03-05,2.30%,6
2025-03-06,2.30%,7
2025-03-07,2.30%,8
2025-03-08,2.30%,9
2025-03-09,2.30%,10
2025-03-10,2.30%,11
2025-03-11,2.30%,12
2025-03-12,2.30%,13
2025-03-13,2.30%,14
2025-03-14,2.30%,15
2025-03-15,2.30%,16
2025-03-16,2.30%,17
2025-03-17,2.30%,18
2025-03-18,2.30%,19
2025-03-19,2.30%,20
2025-03-20,2.30%,21
2025-03-21,2.30%,22
2025-03-22,2.30%,23
2025-03-23,2.30%,24
2025-03-24,2.30%,25
2025-03-25,2.30%,26
2025-03-26,2.30%,27
2025-03-27,2.40%,0
2025-03-28,2.40%,1
2025-03-29,2.40%,2
2025-03-30,2.40%,3
2025-03-31,2.40%,4
2025-04-01,2.40%,5
2025-04-02,2.40%,6
2025-04-03,2.40%,7
2025-04-04,2.40%,8
2025-04-05,2.40%,9
2025-04-06,2.40%,10
2025-04-07,2.40%,11
2025-04-08,2.40%,12
2025-04-09,2.40%,13
2025-04-10,2.40%,14
2025-04-11,2.40%,15
2025-04-12,2.40%,16
2025-04-13,2.40%,17
2025-04-14,2.40%,18
2025-04-15,2.40%,19
2025-04-16,2.40%,20
2025-04-17,2.40%,21
2025-04-18,2.40%,22
2025-04-19,2.40%,23
2025-04-20,2.40%,24
2025-04-21,2.40%,25
2025-04-22,2.40%,26
2025-04-23,2.40%,27
2025-04-24,2.40%,28
2025-04-25,2.40%,29
2025-04-26,2.40%,30
2025-04-27,2.40%,31
2025-04-28,2.40%,32
2025-04-29,2.40%,33
2025-04-30,-0.30%,0
2025-05-01,-0.30%,1
2025-05-02,-0.30%,2
2025-05-03,-0.30%,3
2025-05-04,-0.30%,4
2025-05-05,-0.30%,5
2025-05-06,-0.30%,6
2025-05-07,-0.30%,7
2025-05-08,-0.30%,8
2025-05-09,-0.30%,9
2025-05-10,-0.30%,10
2025-05-11,-0.30%,11
2025-05-12,-0.30%,12
2025-05-13,-0.30%,13
2025-05-14,-0.30%,14
2025-05-15,-0.30%,15
2025-05-16,-0.30%,16
2025-05-17,-0.30%,17
2025-05-18,-0.30%,18
2025-05-19,-0.30%,19
2025-05-20,-0.30%,20
2025-05-21,-0.30%,21
2025-05-22,-0.30%,22
2025-05-23,-0.30%,23
2025-05-24,-0.30%,24
2025-05-25,-0.30%,25
2025-05-26,-0.30%,26
2025-05-27,-0.30%,27
2025-05-28,-0.30%,28
2025-05-29,-0.20%,0
2025-05-30,-0.20%,1
2025-05-31,-0.20%,2
2025-06-01,-0.20%,3
2025-06-02,-0.20%,4
2025-06-03,-0.20%,5
2025-06-04,-0.20%,6
2025-06-05,-0.20%,7
2025-06-06,-0.20%,8
2025-06-07,-0.20%,9
2025-06-08,-0.20%,10
2025-06-09,-0.20%,11
2025-06-10,-0.20%,12
2025-06-11,-0.20%,13
2025-06-12,-0.20%,14
2025-06-13,-0.20%,15
2025-06-14,-0.20%,16
2025-06-15,-0.20%,17
2025-06-16,-0.20%,18
2025-06-17,-0.20%,19
2025-06-18,-0.20%,20
2025-06-19,-0.20%,21
2025-06-20,-0.20%,22
2025-06-21,-0.20%,23
2025-06-22,-0.20%,24
2025-06-23,-0.20%,25
2025-06-24,-0.20%,26
2025-06-25,-0.20%,27
2025-06-26,-0.50%,0
2025-06-27,-0.50%,1
2025-06-28,-0.50%,2
2025-06-29,-0.50%,3
2025-06-30,-0.50%,4
2025-07-01,-0.50%,5
2025-07-02,-0.50%,6
2025-07-03,-0.50%,7
2025-07-04,-0.50%,8
2025-07-05,-0.50%,9
2025-07-06,-0.50%,10
2025-07-07,-0.50%,11
2025-07-08,-0.50%,12
2025-07-09,-0.50%,13
2025-07-10,-0.50%,14
2025-07-11,-0.50%,15
2025-07-12,-0.50%,16
2025-07-13,-0.50%,17
2025-07-14,-0.50%,18
2025-07-15,-0.50%,19
2025-07-16,-0.50%,20
2025-07-17,-0.50%,21
2025-07-18,-0.50%,22
2025-07-19,-0.50%,23
2025-07-20,-0.50%,24
2025-07-21,-0.50%,25
2025-07-22,-0.50%,26
2025-07-23,-0.50%,27
2025-07-24,-0.50%,28
2025-07-25,-0.50%,29
2025-07-26,-0.50%,30
2025-07-27,-0.50%,31
2025-07-28,-0.50%,32
2025-07-29,-0.50%,33
2025-07-30,3.00%,0
2025-07-31,3.00%,1
2025-08-01,3.00%,2
2025-08-02,3.00%,3
2025-08-03,3.00%,4
2025-08-04,3.00%,5
2025-08-05,3.00%,6
2025-08-06,3.00%,7
2025-08-07,3.00%,8
2025-08-08,3.00%,9
2025-08-09,3.00%,10
2025-08-10,3.00%,11
2025-08-11,3.00%,12
2025-08-12,3.00%,13
2025-08-13,3.00%,14
2025-08-14,3.00%,15
2025-08-15,3.00%,16
2025-08-16,3.00%,17
2025-08-17,3.00%,18
2025-08-18,3.00%,19
2025-08-19,3.00%,20
2025-08-20,3.00%,21
2025-08-21,3.00%,22
2025-08-22,3.00%,23
2025-08-23,3.00%,24
2025-08-24,3.00%,25
2025-08-25,3.00%,26
2025-08-26,3.00%,27
2025-08-27,3.00%,28
2025-08-28,3.30%,0
2025-08-29,3.30%,1
2025-08-30,3.30%,2
2025-08-31,3.30%,3
