Trading Date,Open,High,Low,Close,Volume,Bid Volume,Offer Volume,Foreign Sell,Foreign Buy
2020-01-02,3970,4000,3900,3910,52094000,5580600,11400,34855500,16742400
2020-01-03,3960,3980,3930,3980,70032900,19700,1677700,36112700,48710700
2020-01-06,3930,3970,3930,3960,42908900,179000,1000800,20737700,17506000
2020-01-07,3930,3970,3920,3940,51837600,1495500,52000,26195500,22647300
2020-01-08,3920,3950,3900,3900,52402600,4572000,21800,34096000,19744300
2020-01-09,3920,3970,3920,3960,37580300,2068900,24900,16622900,17861300
2020-01-10,3980,3990,3950,3980,48099000,24500,2305000,28428400,42807700
2020-01-13,4000,4030,3990,4030,61913800,147200,4788800,35044400,45958600
2020-01-14,3980,4000,3940,3950,95058600,3532500,2118000,66607600,37052300
2020-01-15,3960,3960,3870,3880,147583300,210100,498100,101524100,50116100
2020-01-16,3890,3890,3830,3850,118903100,2401800,7214700,90973900,29977700
2020-01-17,3860,3870,3800,3810,119904100,561400,8961100,81198600,25582800
2020-01-20,3820,3840,3800,3810,73599200,6372600,851000,30435500,22956300
2020-01-21,3810,3900,3810,3890,78014400,215800,3188200,23671600,31456500
2020-01-22,3890,3890,3850,3860,45839800,183300,1900,18159600,23516600
2020-01-23,3860,3880,3830,3880,41077400,400,1771400,31095600,19864000
2020-01-24,3880,3930,3860,3920,58524000,5568600,4493900,24207100,46770700
2020-01-27,3920,3920,3830,3840,33081800,492000,64300,12717200,12425500
2020-01-28,3810,3840,3800,3830,56210000,7279900,2300400,40370600,18387200
2020-01-29,3840,3900,3840,3900,51929800,21700,12986400,16720900,33334400
2020-01-30,3910,3910,3850,3860,60391600,505700,223300,35077800,46202800
2020-01-31,3890,3890,3780,3800,120447900,527500,999500,84751200,58679100
2020-02-03,3800,3820,3730,3740,68360600,5180600,130200,37623000,37529800
2020-02-04,3810,3810,3730,3760,77259600,732600,4168800,36403800,42418100
2020-02-05,3760,3780,3720,3770,68150800,652700,1127200,40219200,41106200
2020-02-06,3800,3800,3750,3760,56261500,582300,114600,38158500,30063100
2020-02-07,3780,3820,3760,3790,53578900,444700,362900,24841800,41406500
2020-02-10,3800,3850,3780,3810,86588500,925700,1104500,39251500,75317500
2020-02-11,3810,3830,3780,3790,50248200,341500,36200,17180300,33956200
2020-02-12,3800,3850,3780,3820,73840300,381900,588800,33194400,49920900
2020-02-13,3820,3830,3710,3730,66699800,1840100,143400,43214700,43870100
2020-02-14,3680,3730,3640,3640,108793300,1949300,8900,84269300,49550300
2020-02-17,3630,3660,3590,3610,94887800,656600,3115800,60447500,52704600
2020-02-18,3590,3660,3590,3620,94382900,2043700,28300,58120200,61348800
2020-02-19,3620,3640,3590,3620,63717800,205800,1100500,47164700,32654700
2020-02-20,3620,3650,3600,3630,53035400,699100,57900,32046900,26185200
2020-02-21,3650,3710,3640,3690,86862600,2182700,1052800,38303900,62534700
2020-02-24,3670,3720,3630,3640,72610600,5068200,4600,34064300,52959500
2020-02-25,3600,3670,3590,3590,73990700,4078800,70800,59823100,35174400
2020-02-26,3530,3550,3450,3510,73990700,4078800,70800,59823100,35174400
2020-02-27,3510,3550,3420,3470,88389400,665400,81900,58091400,57578100
2020-02-28,3390,3490,3340,3490,151751800,3200,1073200,103242500,107300400
2020-03-02,3470,3550,3440,3440,96802900,1024100,100,60784500,68904000
2020-03-03,3510,3660,3470,3620,114698200,1266100,31500,65429100,68471200
2020-03-04,3640,3840,3630,3830,136081000,738000,936700,61681500,85674700
2020-03-05,3820,3880,3760,3830,101235000,1622800,223300,60297800,71574900
2020-03-06,3730,3790,3710,3750,86476000,53800,50000,58786100,64600900
2020-03-09,3560,3620,3500,3500,109347300,605000,2972800,75549100,67121900
2020-03-10,3480,3620,3480,3490,119718000,3965800,170300,66239600,51329700
2020-03-11,3470,3480,3370,3400,115486900,161400,150700,73826200,69640700
2020-03-12,3300,3440,3270,3310,84363800,2387900,200,52193400,48903300
2020-03-13,3310,3310,3310,3310,172248400,156300,1075800,108038500,110131800
2020-03-16,3300,3300,3160,3160,115972300,0,43933400,84836000,41817600
2020-03-17,3160,3160,2940,2940,150122700,0,27616600,95057900,75378200
2020-03-18,3010,3080,2740,2810,150147300,10500,392900,100615200,84490600
2020-03-19,2810,2810,2620,2620,138987300,0,15185000,103688300,75811100
2020-03-20,2660,2990,2450,2880,267694700,726200,15884000,182544400,162274600
2020-03-23,2880,2880,2680,2680,86157200,0,52129200,54934000,45557900
2020-03-24,2700,2880,2570,2620,243778900,1804100,55200,169712000,138997700
2020-03-26,2550,3080,2550,2980,267369500,126800,92700,147708700,166335800
2020-03-27,3050,3270,3050,3090,200952500,5248700,917300,111705700,119205500
2020-03-30,3060,3180,2880,3140,134474300,13100,2544400,62481400,71705800
2020-03-31,3180,3300,3120,3160,151302900,1346600,14100,87662600,89024100
2020-04-01,3180,3200,3040,3100,104550600,3800,78300,65558700,53555900
2020-04-02,3100,3130,3020,3130,92893600,5998200,254800,70014900,49099400
2020-04-03,3150,3220,3120,3200,83469200,4158400,1426400,45757200,50840500
2020-04-06,3280,3330,3180,3330,115495000,18000,1239000,60708000,77851800
2020-04-07,3390,3500,3200,3220,166425600,399900,102600,102520000,69162600
2020-04-08,3220,3220,3050,3110,124553900,6270200,3363100,81191300,71710600
2020-04-09,3110,3180,3030,3120,122622400,52800,1368900,90330600,86549000
2020-04-13,3140,3230,3130,3180,45469500,1407600,833900,22653300,25435300
2020-04-14,3200,3250,3160,3240,79114600,192600,2208600,53207600,53715600
2020-04-15,3250,3300,3090,3110,69832000,575600,14900,45127000,34029200
2020-04-16,3110,3110,3000,3000,109582500,2780100,117700,93596200,71153200
2020-04-17,3050,3250,3050,3230,127860400,167800,411300,63707400,85529800
2020-04-20,3270,3270,3120,3120,77306900,4885600,1690600,51534700,38985900
2020-04-21,3120,3130,3050,3070,43239400,684500,500,30061000,25056400
2020-04-22,3050,3270,3030,3160,126278300,1693800,2000,80010600,81770200
2020-04-23,3200,3240,3070,3070,117391500,8399900,6500,89137000,58601800
2020-04-24,3100,3160,3080,3090,84061400,6290300,1043500,59682000,43361300
2020-04-27,3120,3200,3100,3150,85475400,1377900,9100,56646300,54008000
2020-04-28,3170,3200,3140,3160,80212700,996900,1174900,62483300,50144600
2020-04-29,3200,3390,3100,3350,154902100,133700,2537100,72506900,95430700
2020-04-30,3400,3540,3350,3500,163170100,310000,53400,93519700,130997800
2020-05-04,3400,3400,3260,3320,108988600,1672400,107900,78319700,42516700
2020-05-05,3320,3390,3320,3320,74036700,595500,520100,51824400,30369500
2020-05-06,3300,3340,3220,3240,86395000,753900,1020600,66309500,39482300
2020-05-08,3270,3290,3150,3190,143584400,2730900,1778400,115554900,74154300
2020-05-11,3220,3250,3210,3220,58473100,2477100,1005300,27070600,19429600
2020-05-12,3270,3270,3100,3150,138978700,1031100,1275000,89878800,82412300
2020-05-13,3150,3170,3080,3160,73238700,109400,1993100,30502700,36121500
2020-05-14,3110,3140,3060,3070,101581300,2134900,1079300,51084700,33034000
2020-05-15,3100,3130,3020,3100,114753900,267600,5314900,84040500,59206600
2020-05-18,3100,3220,3100,3220,108828800,207200,300,55840200,72845700
2020-05-19,3250,3330,3250,3270,97387100,274000,682800,30064900,42594100
2020-05-20,3200,3260,3180,3180,76086600,1200000,71200,47955700,38906300
2020-05-26,3150,3280,3130,3250,105792900,505200,192900,67443600,67584400
2020-05-27,3250,3270,3150,3170,128693900,1402800,3317400,93251100,41653600
2020-05-28,3180,3210,3130,3130,177385100,3312100,104900,103541600,82101100
2020-05-29,3100,3150,3080,3150,276092100,4868400,1282000,206843600,165551200
2020-06-02,3160,3270,3120,3250,174790600,1117100,3620800,76863200,98326400
2020-06-03,3280,3320,3230,3290,216200900,1363600,975800,98805200,122070300
2020-06-04,3320,3390,3250,3300,167708600,5011000,939900,66628400,94906400
2020-06-05,3360,3360,3200,3230,188420700,2931100,506700,138467500,64577400
2020-06-08,3250,3290,3220,3230,221641600,4663000,1464900,148873800,71502100
2020-06-09,3250,3270,3140,3140,171214500,21478900,125000,113327800,49689600
2020-06-10,3150,3190,3100,3110,263483700,3124200,129500,188324600,91372000
2020-06-11,3120,3150,3060,3080,175767800,3273800,2538900,118736500,42780800
2020-06-12,3080,3080,2970,3030,260087300,9695500,1835900,182595800,31095800
2020-06-15,3060,3150,3030,3090,241625700,7029200,5298000,96759900,30442500
2020-06-16,3150,3220,3130,3200,194424800,718700,1359000,85593900,28038300
2020-06-17,3210,3230,3140,3210,177784900,26254200,5587500,99504300,76738500
2020-06-18,3210,3350,3180,3280,235586600,24904200,112000,28386800,100993800
2020-06-19,3300,3340,3250,3280,227358800,1702900,829600,136556000,80384200
2020-06-22,3290,3300,3180,3200,159776500,1042700,2407700,73353300,18290000
2020-06-23,3200,3200,3120,3130,167271000,7365600,68300,104471700,23423600
2020-06-24,3150,3230,3140,3180,170895600,111200,3537700,75877400,36610800
2020-06-25,3160,3220,3140,3160,100882600,5183500,520400,38455800,18835200
2020-06-26,3190,3220,3180,3190,100784500,10877200,1375800,54979400,23459000
2020-06-29,3200,3250,3160,3180,156613200,2717800,6561300,69330000,30133900
2020-06-30,3090,3100,3050,3050,258068400,1334400,3109800,117381200,46306200
2020-07-01,3070,3100,3010,3040,148037400,6728900,1521000,86760100,44825200
2020-07-02,3040,3140,3040,3140,178357900,264900,36500,50399000,77581900
2020-07-03,3150,3180,3110,3120,102033100,192400,2612200,24882600,38675300
2020-07-06,3130,3150,3040,3050,248572600,7842200,1072600,174334600,78819800
2020-07-07,3060,3120,3050,3120,169104200,687800,3984600,57712500,105129300
2020-07-08,3130,3160,3110,3150,158166300,2607300,281100,60820500,44501800
2020-07-09,3170,3190,3110,3110,125940800,8579400,90300,47644700,59318900
2020-07-10,3110,3130,3100,3110,95422400,1600,705400,39514000,33603800
2020-07-13,3120,3130,3080,3090,77733900,8261700,402200,42584600,19995200
2020-07-14,3100,3110,3070,3080,111442600,4503400,1134100,90589300,39499200
2020-07-15,3120,3130,3080,3090,102304100,499300,3150500,64816100,50984700
2020-07-16,3090,3110,3080,3100,91951000,6473100,5908800,55409300,64466100
2020-07-17,3100,3110,3060,3060,112416300,17035100,187500,90242100,23141000
2020-07-20,3080,3080,3040,3060,64735500,2066400,1055300,31437300,24542100
2020-07-21,3050,3110,3050,3060,101283800,10950800,52900,54385600,37065200
2020-07-22,3070,3090,3060,3070,69462100,1489300,1719600,23934900,28971000
2020-07-23,3070,3090,3060,3070,70482100,6172700,1373000,31454900,12793400
2020-07-24,3080,3080,3020,3020,137265100,10649500,365400,73423600,7348500
2020-07-27,3020,3050,3020,3040,58708800,715900,2427000,28882500,15172800
2020-07-28,3050,3050,3010,3020,102705300,4792900,980800,70198100,41414400
2020-07-29,3030,3050,3000,3000,114352000,3891000,223100,51187200,41102200
2020-07-30,3040,3050,3000,3050,95785000,151300,1785900,41436000,61228900
2020-08-03,3060,3060,2850,2920,255659800,46900,1462300,117200100,25913700
2020-08-04,2970,2970,2920,2950,96018000,1393000,3348800,47742500,37005900
2020-08-05,2960,3040,2920,3020,120719100,2948900,1576600,33845400,18967600
2020-08-06,3050,3050,3000,3020,71699000,5421400,2083100,37551200,23441600
2020-08-07,3020,3030,2970,2980,78347200,4939400,1714500,34869200,30361400
2020-08-10,3000,3020,2970,2970,65485400,4448500,147300,41432900,8080100
2020-08-11,2980,3000,2930,2930,175693000,5363500,156300,119445700,19027800
2020-08-12,2930,2960,2920,2950,110934800,3124500,2124800,61556400,22195200
2020-08-13,2950,3020,2950,3010,160906600,655500,5481400,49574800,55824300
2020-08-14,3020,3040,3000,3030,93007500,1786800,1552000,31451700,33183400
2020-08-18,3030,3060,3000,3050,139358500,381400,4612900,78652500,51119500
2020-08-19,3050,3050,3000,3000,103980600,9604400,461100,69745600,14409400
2020-08-24,3010,3020,2990,3000,76713900,5054000,1457600,55620700,28556800
2020-08-25,3010,3010,2980,2980,100013600,10821600,844200,70723500,32493700
2020-08-26,2980,3050,2980,3020,122465300,2639000,1676500,50817400,35110500
2020-08-27,3020,3040,2970,2990,102787800,2893600,3499100,87531100,23998700
2020-08-28,2990,2990,2940,2960,160569500,5914400,17985700,112612300,9711900
2020-08-31,2960,2980,2860,2860,204261100,10027100,400,128252500,44271800
2020-09-01,2900,2910,2860,2900,90565400,2226300,5179800,50083100,23209700
2020-09-02,2900,2970,2900,2950,107589800,311500,5713200,41288000,39516300
2020-09-03,2950,2960,2880,2900,123106100,2814500,158100,76695400,39873100
2020-09-04,2850,2890,2840,2860,143569100,3493900,399100,72363200,52164000
2020-09-07,2870,2910,2870,2900,62206600,1216500,4712100,18769300,19100100
2020-09-08,2890,2900,2860,2860,80068200,1141300,1717000,56932800,12259400
2020-09-09,2850,2860,2800,2800,108397400,11065900,919100,56652000,27147700
2020-09-10,2800,2800,2620,2700,287496300,549200,10300,128525200,133773000
2020-09-11,2670,2840,2650,2810,197756800,734800,3809900,81890300,53020900
2020-09-14,2830,2890,2820,2890,127562700,289200,4024500,58895900,65202700
2020-09-15,2890,2900,2810,2830,106215900,4715500,572700,69403000,51201200
2020-09-16,2810,2830,2770,2790,68113400,2675900,6730400,45608400,25794800
2020-09-17,2810,2850,2780,2820,97257400,2701700,2439900,45845300,66616600
2020-09-18,2850,2890,2840,2890,162116700,387800,122500,94684500,115558600
2020-09-21,2890,2910,2800,2810,100305100,746800,275600,60878800,51693500
2020-09-22,2790,2810,2750,2780,75891600,726900,700,41835100,36877000
2020-09-23,2770,2810,2740,2800,85953300,500100,6346100,49164000,57311900
2020-09-24,2750,2760,2710,2730,74516800,516300,854200,41319400,15730900
2020-09-25,2720,2740,2670,2690,180968900,4646900,1151700,139330100,48997300
2020-09-28,2710,2730,2660,2660,89256700,4934100,725300,57985400,23316300
2020-09-29,2690,2690,2630,2630,155853900,1498000,415700,98448200,62123600
2020-09-30,2630,2650,2540,2560,235611600,6563900,1000,162390500,72368800
2020-10-01,2600,2760,2600,2750,225006000,198100,1643900,51717200,100201700
2020-10-02,2750,2750,2650,2680,140161900,1525900,1024700,49331000,41558000
2020-10-05,2690,2710,2640,2650,124720200,284700,221000,91096000,59883000
2020-10-06,2680,2700,2620,2650,148977400,4466800,1801800,109075400,73331800
2020-10-07,2650,2670,2620,2660,110186000,2876600,4116300,83364400,82184900
2020-10-08,2670,2720,2650,2700,154587800,3067700,5810000,86433300,70162300
2020-10-09,2710,2750,2700,2730,109122300,1570100,3611400,50054300,51896400
2020-10-12,2750,2760,2710,2730,77479100,468100,841400,38215700,34976200
2020-10-13,2730,2740,2680,2730,97205500,2066100,704800,43076900,32617400
2020-10-14,2730,2830,2710,2810,183236500,2936800,5410900,55611700,58073200
2020-10-15,2800,2850,2760,2780,138462900,2341200,78900,60574600,75480000
2020-10-16,2780,2780,2720,2750,135175000,1088600,955300,109988100,58064600
2020-10-19,2800,2810,2710,2710,187840500,940500,112300,142934600,38906100
2020-10-20,2710,2740,2670,2670,168211100,2138600,211700,114035600,61045600
2020-10-21,2680,2710,2670,2680,142146300,1028300,254100,96908200,64299400
2020-10-22,2670,2720,2650,2700,257179400,3181100,7450500,220555900,187660700
2020-10-23,2710,2720,2630,2630,166356000,26955500,727000,119554300,25851900
2020-10-26,2630,2680,2630,2650,97523200,178800,2090100,59590400,39666000
2020-10-27,2640,2690,2620,2620,146366600,6937700,325000,89770200,33728000
2020-11-02,2590,2620,2550,2560,391510600,16128600,3515500,300226200,139006000
2020-11-03,2570,2590,2540,2580,188874000,9633800,2301600,131883700,55286500
2020-11-04,2600,2640,2580,2580,150678200,567400,2062700,32338600,35559700
2020-11-05,2630,2810,2620,2770,369260400,2766900,3458500,43642100,98085400
2020-11-06,2800,2840,2750,2830,243865800,5578100,2064300,39776700,71503700
2020-11-09,2860,2900,2840,2880,208192700,435500,3579200,45204200,59317800
2020-11-10,2950,2950,2860,2860,195337300,7896700,505300,83700500,62100600
2020-11-11,2900,3100,2880,3080,480530200,236600,2442200,62178300,245729000
2020-11-12,3080,3080,3010,3040,169609900,1666900,3674900,37644700,70450700
2020-11-13,3010,3010,2950,2990,186708800,220000,3343300,83469900,46070900
2020-11-16,3040,3100,3020,3070,206145500,637900,1393400,65945100,96164400
2020-11-17,3100,3270,3100,3220,527501800,243800,2231400,71337000,250492300
2020-11-18,3200,3250,3160,3180,239122600,1028900,2729400,93856600,109656900
2020-11-19,3150,3220,3140,3170,185558800,1941000,1289700,67733800,69969000
2020-11-20,3190,3270,3180,3220,211892500,1414300,1639200,71120700,84088900
2020-11-23,3230,3340,3220,3320,260752200,532000,4424300,73403000,107626400
2020-11-24,3350,3380,3330,3350,207503900,4622500,2072700,79380400,106809700
2020-11-25,3370,3390,3280,3280,253156200,3008300,319900,104081200,115344300
2020-11-26,3280,3480,3280,3470,374185400,14447200,5960000,62374300,252828800
2020-11-27,3480,3500,3420,3460,163651600,940600,1549100,59629900,77244900
2020-11-30,3460,3470,3220,3230,624142600,8504000,280100,389760500,226615600
2020-12-01,3230,3320,3160,3240,277929200,5050200,1103800,127685800,60264200
2020-12-02,3270,3330,3240,3330,187276600,2711200,2793900,77874100,85596200
2020-12-03,3330,3360,3280,3300,121434200,1325700,1986200,46007900,39395100
2020-12-04,3270,3280,3210,3250,170418900,1853600,3875000,83270900,44589700
2020-12-07,3280,3330,3260,3330,175436900,1087200,4988000,59130100,39548300
2020-12-08,3350,3350,3290,3300,113775100,3442500,1152800,35738400,27972400
2020-12-10,3270,3290,3250,3260,229380200,3981900,832300,135946000,94359400
2020-12-11,3270,3330,3250,3280,154365400,11703900,580900,87854400,79785100
2020-12-14,3300,3340,3250,3320,281474900,1107700,4039000,157712100,94432100
2020-12-15,3320,3490,3290,3450,410175700,5495000,4939800,66741200,100434200
2020-12-16,3500,3640,3500,3610,455088400,8589300,5023800,78585400,117905800
2020-12-17,3610,3620,3520,3540,249797800,11701900,1604300,81340900,46089800
2020-12-18,3500,3540,3500,3510,187856600,87700,2895300,97255800,52911700
2020-12-21,3530,3610,3510,3520,267970200,493700,2582100,52011700,52816300
2020-12-22,3500,3540,3340,3360,311860000,2460200,1920000,64324600,52235700
2020-12-23,3350,3420,3240,3320,240067600,1747900,261500,48761600,37423800
2020-12-28,3370,3460,3280,3430,178138100,780600,290500,25144600,27876600
2020-12-29,3500,3530,3400,3420,184525500,452500,1203800,22886600,36920900
2020-12-30,3420,3420,3310,3310,150844500,102700,777000,21072300,34724100
2021-01-04,3320,3500,3310,3490,165339800,396400,4505500,38644900,55600300
2021-01-05,3480,3480,3420,3470,157800700,220800,1926600,55632600,74817100
2021-01-06,3470,3490,3330,3370,177877900,3339900,8011800,62043100,57381000
2021-01-07,3390,3450,3380,3390,140221900,2887000,553100,39709200,56288900
2021-01-08,3450,3620,3440,3570,492643700,1802800,3176600,63642700,215487500
2021-01-11,3590,3640,3570,3600,271231200,1824900,13955800,55349000,139021100
2021-01-12,3600,3620,3500,3510,189779500,7312800,17033600,60638600,38919300
2021-01-13,3550,3550,3460,3480,162329300,2669100,1342200,36401500,56149500
2021-01-14,3480,3590,3470,3500,187448400,676300,876400,59571900,76644200
2021-01-15,3510,3540,3450,3480,133304300,511600,139900,49725200,51519900
2021-01-18,3480,3520,3430,3450,138913100,347600,1342900,33647500,31535000
2021-01-19,3470,3490,3370,3410,144100700,1250500,283700,39624900,41804100
2021-01-20,3420,3480,3380,3470,116098100,336200,1603700,42929100,40629300
2021-01-21,3500,3520,3460,3480,81801900,356100,2340400,29236100,46642700
2021-01-22,3420,3440,3360,3390,165024200,987600,172800,82660500,50484100
2021-01-25,3370,3410,3310,3370,118131800,72700,596700,54071900,50413000
2021-01-26,3360,3390,3260,3260,111414500,3830900,667500,40894900,32220600
2021-01-27,3340,3380,3260,3380,159144700,143900,2895600,43209000,83991400
2021-01-28,3280,3330,3230,3240,142648800,1688000,2333700,52595200,37754100
2021-01-29,3290,3290,3110,3110,191915100,9971800,8200,96985200,82363400
2021-02-01,3130,3250,3040,3230,133929600,770800,5063000,42371100,62925100
2021-02-02,3300,3330,3250,3270,114734600,676900,5231700,39601300,62983400
2021-02-03,3250,3330,3220,3240,86433900,3033700,1000000,40249200,48377200
2021-02-04,3270,3330,3260,3290,80319500,1153600,1287900,20942200,62781800
2021-02-05,3320,3320,3270,3290,52630500,1234000,147200,24987000,20121900
2021-02-08,3300,3370,3270,3280,96635600,2763300,115700,36979500,43467800
2021-02-09,3250,3300,3180,3200,157479200,891700,241000,89649100,56771900
2021-02-10,3180,3220,3160,3190,125221400,620500,1112800,78459600,79052400
2021-02-11,3220,3230,3170,3190,79940700,1197200,778800,17438600,29459800
2021-02-15,3200,3260,3200,3220,88883300,553200,79500,48254000,49834600
2021-02-16,3200,3250,3190,3210,82026300,24000,259800,43265700,45023700
2021-02-17,3220,3250,3140,3150,121105300,2233600,708800,57789700,60267000
2021-02-18,3190,3270,3180,3180,151200300,2181200,8500,43973400,88534600
2021-02-19,3180,3220,3170,3210,63214600,63900,1066500,30980300,45474600
2021-02-22,3210,3240,3170,3170,100425500,2357900,129600,62697100,61882100
2021-02-23,3200,3480,3200,3470,354966200,259400,573600,28408600,209256400
2021-02-24,3490,3550,3460,3480,303017100,4747800,3817900,77244500,165321100
2021-02-25,3510,3570,3450,3490,226833000,89800,224600,114666000,174883900
2021-02-26,3450,3510,3410,3490,230007700,82500,2244100,101925800,185364000
2021-03-01,3490,3510,3470,3490,91513500,587100,5734500,55731100,51273000
2021-03-02,3490,3500,3440,3460,169061400,189300,3829500,124691500,141309900
2021-03-03,3480,3480,3420,3440,82610700,297200,207400,48583000,68194600
2021-03-04,3420,3430,3350,3360,142322100,187100,170100,95772400,88940300
2021-03-05,3340,3370,3320,3320,128546000,1532900,24200,93291200,92177100
2021-03-08,3360,3400,3330,3340,80094900,290900,111400,44400100,45325100
2021-03-09,3370,3390,3280,3290,110090800,1639200,130300,81173300,71219800
2021-03-10,3340,3420,3310,3400,91631900,397200,931600,38172900,42620300
2021-03-12,3440,3480,3430,3450,100195200,141100,163200,49934200,64252300
2021-03-15,3440,3450,3380,3380,50077300,1443700,100,28386300,28456400
2021-03-16,3400,3410,3360,3360,60111200,454100,95000,39791200,33561400
2021-03-17,3410,3430,3370,3390,61701400,72100,867600,33332600,46919200
2021-03-18,3450,3480,3430,3450,101896400,216800,2943900,44163400,53569500
2021-03-19,3410,3440,3380,3440,140000000,200,3003100,118074700,107942400
2021-03-22,3440,3440,3380,3380,53870300,7643800,39200,27204200,29737400
2021-03-23,3390,3420,3350,3360,55323200,3304800,807200,30524900,22235100
2021-03-24,3320,3390,3320,3370,67173200,303700,1229600,24044600,51893100
2021-03-25,3400,3430,3380,3410,107607200,461000,3707200,44595900,70190000
2021-03-26,3410,3500,3390,3490,106810400,156300,5662700,31910200,82041400
2021-03-29,3470,3490,3400,3410,72214100,366700,114700,39700800,46714500
2021-03-30,3420,3430,3360,3380,66491800,750300,152800,35905100,33156100
2021-03-31,3380,3420,3330,3420,134671900,506100,1782500,83136700,88589800
2021-04-01,3390,3440,3380,3390,73332000,872000,6278900,51348000,47991700
2021-04-05,3430,3430,3370,3380,36029200,232700,30600,14961700,20164300
2021-04-06,3400,3410,3370,3370,40566400,4670800,219400,29625800,25297000
2021-04-07,3410,3430,3380,3400,84754300,79300,605900,64684300,48531700
2021-04-08,3380,3400,3380,3390,59079700,1342900,6000400,41775600,46587900
2021-04-09,3390,3390,3360,3360,56861400,595200,53600,36927700,22364900
2021-04-12,3340,3390,3300,3310,79003200,3365000,138000,50676400,51211700
2021-04-13,3340,3340,3300,3330,51300200,893500,786800,34358300,38759200
2021-04-14,3360,3360,3320,3340,52587500,2598300,4501200,35176300,31030600
2021-04-15,3340,3360,3320,3360,65669100,1002000,14815600,48009100,54359000
2021-04-16,3370,3370,3320,3360,52517800,80500,2601800,30958400,38035300
2021-04-19,3330,3360,3330,3340,44899700,674800,2055200,24518400,31651600
2021-04-20,3330,3350,3300,3320,55700100,1177700,315900,29872600,40488300
2021-04-21,3290,3330,3280,3280,47167800,2421900,1827000,37709300,24333500
2021-04-22,3290,3340,3290,3330,54970000,752000,760000,24727500,45249200
2021-04-23,3330,3330,3290,3310,39798400,836800,942200,25464400,24337100
2021-04-26,3280,3300,3250,3250,55076200,199500,50200,30652400,19470000
2021-04-27,3240,3250,3140,3160,166985400,2180800,12412800,93529500,44869100
2021-04-28,3160,3170,3130,3140,91596300,2582500,825200,69818600,45398100
2021-04-29,3150,3210,3140,3200,111785100,256400,674900,58458700,38695400
2021-04-30,3220,3260,3200,3200,143840800,2761100,1427700,88782900,71447000
2021-05-03,3200,3210,3130,3170,124724400,872100,281300,68215900,78977200
2021-05-04,3180,3210,3170,3210,60180600,1158900,4319700,27556900,47576800
2021-05-05,3210,3210,3180,3200,76480300,1974500,8285300,58831400,64679400
2021-05-06,3200,3200,3150,3190,91955600,2426700,247200,65953900,71090500
2021-05-07,3200,3220,3180,3190,98099900,248500,247400,68502200,81502100
2021-05-10,3190,3200,3160,3170,104121900,1998700,225000,86889100,66530700
2021-05-11,3170,3200,3150,3180,94281900,1210300,62400,66695500,67265400
2021-05-17,3190,3190,3150,3190,114071400,1064900,6118600,86108700,84525000
2021-05-18,3190,3190,3150,3180,77310400,154000,4407600,49213100,54459900
2021-05-19,3150,3220,3150,3160,48958100,1017000,495100,24997400,23821700
2021-05-20,3190,3320,3180,3310,197430900,421300,2255200,82309900,107140400
2021-05-21,3340,3350,3270,3270,104101400,3534400,211000,65724200,57340300
2021-05-24,3290,3330,3220,3260,64347100,91600,1074600,37292700,41275600
2021-05-25,3290,3320,3270,3300,62218300,177700,340500,29156000,42939400
2021-05-27,3350,3400,3330,3380,233551300,16885400,6579700,161975500,207108500
2021-05-28,3380,3400,3260,3270,87439800,6801300,114600,45189600,31519500
2021-05-31,3300,3460,3300,3440,155768200,157200,3388500,41427600,76367400
2021-06-02,3490,3500,3420,3450,108933400,856800,2874900,64802100,60833900
2021-06-03,3420,3490,3420,3490,77627900,100,8303000,39520300,52305300
2021-06-04,3490,3510,3450,3500,70624200,9700,7107500,27144200,45815400
2021-06-07,3540,3570,3500,3550,124440300,51500,7434900,23104400,75683700
2021-06-08,3550,3550,3470,3500,132409400,2893000,439600,42487200,50694100
2021-06-09,3340,3400,3310,3390,112204200,53800,2612100,31994700,57259100
2021-06-10,3350,3500,3340,3480,137713700,177700,1461100,41421100,66455900
2021-06-11,3490,3500,3420,3470,82336600,5966500,1238600,30503600,74208300
2021-06-14,3460,3470,3400,3410,46016500,162200,477600,15467000,32344600
2021-06-15,3410,3440,3380,3440,60528600,1000100,2349100,30264500,48263800
2021-06-16,3380,3430,3380,3410,39149800,467000,388000,13481000,26141300
2021-06-17,3370,3420,3350,3350,50286100,363300,48800,19719200,24797400
2021-06-18,3350,3400,3290,3350,168414300,46800,171700,107814900,125040200
2021-06-21,3280,3340,3260,3300,74248200,2951200,8800,32864500,42158900
2021-06-22,3300,3370,3290,3300,89349200,4203300,100000,58879400,48017800
2021-06-23,3310,3420,3310,3370,81901000,786000,2416900,32317900,50662100
2021-06-24,3330,3360,3240,3250,101334200,1228100,209900,46360100,28947300
2021-06-25,3250,3300,3240,3250,58330700,1926900,348100,24742900,36747100
2021-06-28,3250,3260,3170,3170,66338900,2399700,67900,37779800,38147300
2021-06-29,3190,3260,3150,3160,123411200,3872700,1665200,95207800,72360100
2021-06-30,3150,3180,3130,3150,142204500,733400,232900,106718700,73200500
2021-07-01,3160,3170,3090,3110,143665900,382100,1159800,92644700,64230600
2021-07-02,3110,3130,3060,3070,161855700,5685500,3361600,124152300,62591400
2021-07-05,3070,3090,3010,3040,133815000,1418900,1068100,90956300,40402900
2021-07-06,3050,3070,3000,3010,151573500,5380300,397800,88936500,41826400
2021-07-07,3030,3070,3010,3030,110215500,4071900,656000,57648900,68120900
2021-07-08,3060,3060,3000,3010,132576600,954900,1236400,91252800,70876800
2021-07-09,3040,3170,3030,3160,222916400,1795000,2816000,70813700,171348000
2021-07-12,3190,3190,3110,3130,86268000,67400,2650400,53234900,56008000
2021-07-13,3160,3160,3050,3070,82856600,16000,454300,45896100,42537800
2021-07-14,3050,3070,3020,3060,84993400,322100,941800,62870500,46039600
2021-07-15,3110,3140,3080,3130,88092800,127400,872400,37975400,61055600
2021-07-16,3140,3170,3110,3170,63626300,2200,4160100,35382800,53821900
2021-07-19,3160,3230,3150,3220,116219500,139200,4375200,42653600,96331400
2021-07-21,3190,3240,3180,3210,115099400,7666200,654800,90234000,102076700
2021-07-22,3210,3260,3210,3260,48865700,627900,2656200,25705200,40730200
2021-07-23,3250,3250,3150,3170,67128400,923200,224900,26585800,30197800
2021-07-26,3140,3200,3140,3190,55525800,1381600,1211000,28209600,40151600
2021-07-27,3210,3270,3160,3270,62673400,100,10498000,24577600,38411300
2021-07-28,3250,3250,3150,3190,103282300,4339400,734600,62084000,73527500
2021-07-29,3210,3290,3200,3230,126542400,665000,701600,55518300,88521300
2021-07-30,3200,3290,3200,3240,95143100,195200,708000,61193600,67176600
2021-08-02,3240,3310,3210,3310,60368200,16100,2194700,16930800,51646900
2021-08-03,3310,3360,3290,3330,89712500,1458800,19100,43800700,53668800
2021-08-04,3330,3370,3310,3370,63108600,300,2087200,35774300,39652200
2021-08-05,3360,3400,3320,3340,89742800,1160300,10400,54817000,55434100
2021-08-06,3360,3380,3310,3320,31664200,2407800,298100,19755400,24701900
2021-08-09,3260,3300,3220,3250,70299500,1117500,172600,54698900,38861700
2021-08-10,3240,3270,3190,3230,57658000,25500,1112000,37000600,34471200
2021-08-12,3260,3350,3240,3350,93133400,3600,4573000,35622300,55595100
2021-08-13,3370,3380,3260,3300,59903600,893400,2784600,45844600,23854800
2021-08-16,3300,3340,3290,3340,38661800,2300,7068800,18371300,31247900
2021-08-18,3360,3440,3350,3420,162921300,63100,7553200,56228500,102252600
2021-08-19,3410,3430,3360,3390,100851800,207600,8898700,38490100,63161500
2021-08-20,3390,3430,3370,3400,113411000,86600,351000,20354700,78282800
2021-08-23,3420,3440,3400,3440,64122400,5300,4645700,13431100,41930100
2021-08-24,3410,3420,3310,3400,69338100,12800,35771400,27944900,37514100
2021-08-25,3390,3390,3330,3370,66618200,1200,2926100,41641400,51614000
2021-08-26,3330,3360,3320,3360,55756100,23900,131500,31744700,46924900
2021-08-27,3370,3370,3310,3320,62419000,344900,19800,38041900,40640900
2021-08-30,3330,3400,3330,3400,64177700,300,2858500,21725200,39204400
2021-08-31,3400,3420,3360,3400,130019000,555600,2544700,65255200,107801100
2021-09-01,3420,3420,3330,3340,85135200,285000,207600,49263100,50181100
2021-09-02,3350,3390,3350,3370,51633800,78000,1520800,31369100,45085800
2021-09-03,3400,3420,3370,3390,65479800,159900,18405700,17731000,43844700
2021-09-06,3410,3410,3380,3390,52640400,799300,16316200,15646800,38929400
2021-09-07,3410,3410,3360,3380,42617400,319200,1687200,13501600,32250600
2021-09-08,3400,3400,3310,3330,80636800,16600,1693600,50083900,43483100
2021-09-09,3360,3390,3330,3390,82214400,21300,4677100,20717800,62699200
2021-09-10,3380,3390,3320,3330,52115300,1155600,10600,22141100,25682300
2021-09-13,3310,3350,3300,3350,45547200,295100,319400,23483900,20781800
2021-09-14,3380,3450,3350,3440,166002100,80800,10272100,67945500,84936800
2021-09-15,3430,3450,3410,3450,73158300,27300,865200,38498600,61096500
2021-09-16,3470,3470,3400,3440,58318700,6400,3824900,39375500,36394100
2021-09-17,3400,3530,3390,3530,117573100,1454800,17589100,59155000,99460300
2021-09-20,3500,3520,3460,3520,83985100,117400,5435900,40295100,57164800
2021-09-21,3500,3560,3480,3530,95848100,425300,1486900,48023300,60840300
2021-09-22,3530,3590,3520,3590,66835200,42600,4852400,17318700,49198500
2021-09-23,3600,3610,3550,3560,104737500,726000,1479200,62846500,89348400
2021-09-24,3560,3580,3540,3560,72224500,134300,26430100,41247800,63772700
2021-09-27,3530,3560,3480,3520,87303000,2098600,10900,43216900,59705500
2021-09-28,3510,3540,3490,3530,54671700,124400,23000,36759000,49223500
2021-09-29,3490,3540,3490,3530,53170100,24300,28700,30251400,41131200
2021-09-30,3550,3690,3540,3690,153853900,200,8011500,40964800,121879700
2021-10-01,3680,3690,3610,3660,109898400,330900,694500,60131300,94328300
2021-10-04,3620,3670,3600,3670,82205100,92700,564300,38378400,51146900
2021-10-05,3670,3680,3620,3670,140488300,41300,2766300,82223500,72616100
2021-10-06,3690,3770,3650,3760,153535700,77600,855800,65508600,97901600
2021-10-07,3720,3740,3690,3720,56837600,35700,342600,26105000,35891500
2021-10-08,3730,3800,3720,3800,91361800,4400,2302600,35868700,73658200
2021-10-11,3800,3850,3770,3810,78865000,105500,740900,40994500,58221700
2021-10-12,3780,3840,3770,3780,69866300,83000,39100,27521900,42926100
2021-10-13,3750,3820,3750,3770,87143900,27100,205700,35421100,51667700
2021-10-14,3770,3830,3770,3830,95817900,134900,5312800,24650000,72914600
2021-10-15,3840,3840,3750,3810,69707700,2448300,2160800,32057600,31322200
2021-10-18,3840,3840,3790,3790,78580700,1245800,529300,39739200,45347900
2021-10-19,3750,3800,3720,3740,61095700,113700,908900,20412100,19664700
2021-10-21,3780,3880,3760,3850,169659500,33200,3186300,76591600,129007200
2021-10-22,3860,3880,3820,3870,59640700,166500,173200,24221000,40194700
2021-10-25,3800,3840,3780,3780,58246300,536900,50500,38690700,33927900
2021-10-26,3800,3830,3780,3800,58615100,3438800,353000,42747100,45734600
2021-10-27,3820,3830,3770,3790,52210100,634700,551700,36458100,40599200
2021-10-28,3820,3820,3710,3750,61151100,80600,313700,35704800,35012200
2021-10-29,3750,3810,3730,3800,70430900,492500,905700,49934100,45430300
2021-11-01,3810,3820,3700,3700,65447100,4512400,400,35204900,33169600
2021-11-02,3700,3710,3640,3660,170260000,10814800,1037100,106523000,51069300
2021-11-03,3620,3740,3620,3720,48810500,1400,2994400,31462200,27298700
2021-11-04,3750,3780,3720,3770,53494200,57500,456300,20281000,28127200
2021-11-05,3760,3770,3710,3770,43133000,100,896900,21443200,33056600
2021-11-08,3780,3780,3710,3750,58758600,121100,122800,26687700,36656200
2021-11-09,3730,3740,3680,3710,92427800,423200,255100,55444700,39549900
2021-11-10,3670,3720,3670,3700,53511200,196400,1879300,42985800,40758500
2021-11-11,3700,3730,3640,3650,95789600,2036700,1510100,83408500,49922400
2021-11-12,3660,3660,3600,3600,115142400,13534500,7000,81413800,57787600
2021-11-15,3600,3650,3600,3600,91001800,432500,78700,63160800,62269600
2021-11-16,3590,3680,3590,3670,99590700,227500,1123900,75879700,81707000
2021-11-17,3690,3690,3600,3630,82023300,287900,5545800,64684600,40656200
2021-11-18,3630,3640,3600,3630,53290400,56800,1652900,43401300,42642300
2021-11-19,3660,3920,3660,3900,310615000,161000,3322300,84603900,204421900
2021-11-22,3920,3930,3780,3800,206683100,379400,55100,104145400,78920800
2021-11-23,3800,3850,3780,3800,67778800,341400,189800,39134400,55318600
2021-11-24,3840,3840,3790,3800,67303800,349100,13200,55364300,37393200
2021-11-25,3880,4090,3850,4000,264897100,39800,2771700,82301600,185153000
2021-11-26,4040,4050,3970,4010,231870300,34500,2553800,51409100,213635400
2021-11-29,4010,4170,3980,4140,228774600,3610600,1174200,119348900,144405400
2021-11-30,4150,4170,3990,3990,435800600,56000700,258900,353754000,374834100
2021-12-01,4040,4150,4020,4080,200699200,4690200,200100,122295700,150053600
2021-12-02,4140,4190,4100,4160,116093100,309200,1007300,56499000,80152000
2021-12-03,4130,4180,4050,4070,96760700,1064900,5093300,64034100,76637200
2021-12-06,4060,4250,4050,4170,106756900,774900,8300,61325100,68977300
2021-12-07,4180,4200,4120,4150,121543400,19800,4910500,102623800,102364100
2021-12-08,4100,4120,4010,4090,113845600,6151000,2363600,80516300,62366500
2021-12-09,4090,4150,4080,4150,86985800,2500,10902700,75321200,70395700
2021-12-10,4070,4150,4070,4150,90725000,1500,6876600,56554600,41931800
2021-12-13,4150,4150,4080,4080,65533000,399000,21400,43075500,27129800
2021-12-14,4120,4120,4070,4100,75736900,409800,1328700,43584200,50076500
2021-12-15,4060,4140,4060,4080,84424500,41008100,300,60958800,40696700
2021-12-16,4110,4150,4060,4100,98164300,21300,7715200,77266300,60305500
2021-12-17,4010,4100,4010,4100,149615800,200,6777000,111100900,112121900
2021-12-20,4070,4110,4040,4080,72794200,523600,54400,43494500,53144500
2021-12-21,4110,4190,4100,4160,98039300,113500,1136700,56571900,71621700
2021-12-22,4160,4170,4110,4110,50574500,126500,49000,34491600,35777300
2021-12-23,4110,4160,4100,4160,54508200,20000,600,37256800,38536900
2021-12-24,4160,4170,4100,4110,29075600,550100,6200,20657800,6012500
2021-12-27,4150,4150,4070,4080,30748000,783800,29500,16760100,15292700
2021-12-28,4080,4130,4050,4090,39443300,30900,1964400,12030900,27211600
2021-12-29,4100,4130,4080,4080,25596100,181400,4500,14370800,12155700
2021-12-30,4130,4130,4040,4040,50575100,7134700,3000,35656000,26872700
2022-01-03,4060,4180,4050,4180,65937900,4500,2178200,26679900,49184800
2022-01-04,4180,4200,4150,4170,42984700,20800,2725500,30739200,24395200
2022-01-05,4150,4190,4030,4050,119584700,661200,600,61011600,59175600
2022-01-06,4090,4120,4030,4120,89197500,2000,1001000,42689200,63236000
2022-01-07,4120,4190,4090,4170,68415100,6600,2198700,36391800,38119700
2022-01-10,4180,4190,4100,4100,44921200,5974400,100000,30870600,32858500
2022-01-11,4120,4160,4090,4090,61890200,70200,2400,32609200,52441000
2022-01-12,4110,4140,4070,4110,45132700,252100,108700,35486700,35056800
2022-01-13,4170,4180,4110,4180,84148400,4000,516400,49344000,70621100
2022-01-14,4140,4190,4130,4190,28193100,24900,2493700,20585100,19578800
2022-01-17,4200,4200,4140,4180,39816300,22800,1071900,28191500,19245100
2022-01-18,4200,4250,4160,4250,112212200,1200,6830000,39685100,81681600
2022-01-19,4260,4260,4230,4250,88713900,2546100,2074700,19945400,57189500
2022-01-20,4300,4300,4190,4220,100014500,628900,129000,55334800,79963900
2022-01-21,4240,4330,4190,4330,75534800,100,5838600,36869800,70495600
2022-01-24,4260,4310,4250,4300,70404500,2500,1631900,44178000,49024200
2022-01-25,4310,4320,4250,4290,116353600,1400,702600,57806600,86489700
2022-01-26,4380,4390,4290,4390,127641400,600,1050100,68140000,104938700
2022-01-27,4400,4400,4260,4270,98613900,2645500,78200,75055600,68557800
2022-01-28,4260,4300,4230,4260,61686700,1628400,4914600,40194800,42641000
2022-01-31,4210,4250,4190,4190,88735900,719800,1511100,64879300,57040400
2022-02-02,4170,4200,4150,4170,144006000,1684600,49600,85444800,64430800
2022-02-03,4200,4210,4160,4200,58212400,20100,356100,32141000,46464200
2022-02-04,4260,4260,4180,4230,98728700,206800,5659600,65977800,84167000
2022-02-07,4230,4290,4210,4290,90285800,21800,6272800,42610900,79244500
2022-02-08,4280,4280,4230,4230,71210400,503800,4000,37509900,54618600
2022-02-09,4280,4280,4210,4280,95375000,500,6225200,37599400,73427200
2022-02-10,4400,4470,4340,4460,233984700,6000,8307200,74445700,201174500
2022-02-11,4500,4550,4410,4450,130081900,7700,8310300,74301300,113798000
2022-02-14,4380,4400,4310,4400,104903700,12600,12584500,64303500,68625400
2022-02-15,4400,4440,4360,4410,75305900,108200,3164900,33216600,48873000
2022-02-16,4420,4460,4380,4400,90121200,23900,400,55866100,76413000
2022-02-17,4400,4440,4360,4410,72970200,233200,15400,36056400,55243400
2022-02-18,4420,4440,4370,4400,71111300,2450400,59300,43132400,56834700
2022-02-21,4370,4420,4340,4370,58883000,659400,103900,14144200,28751000
2022-02-22,4320,4360,4250,4300,106985800,185700,6791700,44722300,54538100
2022-02-23,4280,4370,4270,4350,110562400,266900,9715400,52764000,66460800
2022-02-24,4280,4320,4200,4240,126158600,694200,311300,85400000,50645700
2022-02-25,4240,4350,4240,4340,208757000,27200,6410700,155674400,160441000
2022-03-01,4640,4650,4350,4350,206416900,11032000,30200,110579000,139129000
2022-03-02,4400,4400,4270,4290,152165300,763600,2182000,56695100,113238700
2022-03-04,4440,4440,4300,4400,155369100,1585500,440400,77372100,140198300
2022-03-07,4400,4530,4370,4510,177360400,9900,596200,118549500,156104500
2022-03-08,4600,4700,4540,4620,234086000,600,11441200,117518700,193636500
2022-03-09,4550,4620,4420,4440,145145900,2127000,40300,95922300,88177000
2022-03-10,4500,4500,4380,4410,130830800,3147300,20300,89969800,90291600
2022-03-11,4410,4590,4400,4590,143446200,5600,8258800,79749100,116459400
2022-03-14,4650,4670,4540,4580,166572700,2815500,2272000,85593800,136212000
2022-03-15,4630,4630,4570,4620,231077800,2500,9433200,77225300,212475900
2022-03-16,4660,4660,4550,4630,109961900,1000,5516000,59070300,83119900
2022-03-17,4550,4580,4450,4480,246300800,9000,1060100,191764400,166970600
2022-03-18,4490,4540,4470,4540,210266100,502600,5407000,126397100,184506400
2022-03-21,4550,4570,4520,4550,79691600,15400,17567900,35444600,51060400
2022-03-22,4550,4580,4540,4550,98699900,362900,1201700,41595000,82700800
2022-03-23,4550,4570,4500,4550,78299500,2400,6219800,26113100,63228000
2022-03-24,4500,4570,4500,4560,89578400,5908000,874400,56770200,79747700
2022-03-25,4510,4540,4480,4520,90053700,3500,2231900,63095400,56019200
2022-03-28,4510,4600,4500,4600,184131000,1257600,8331700,36355200,135483000
2022-03-29,4600,4620,4560,4560,77920800,466500,2001300,29300900,61974600
2022-03-30,4620,4620,4560,4580,118749100,6693900,3089100,31938500,97096600
2022-03-31,4620,4640,4560,4580,108109700,60800,3277000,47374300,99963600
2022-04-01,4550,4580,4530,4580,86590300,538900,8373500,37861400,70074000
2022-04-04,4560,4570,4490,4540,103480300,400,5635500,70389700,57565600
2022-04-05,4550,4550,4500,4520,52172300,38100,4004400,22665500,21509700
2022-04-06,4490,4500,4420,4430,108368800,552100,101400,55637400,48436100
2022-04-07,4450,4540,4440,4540,143921800,20100,5289900,63906100,93834400
2022-04-08,4580,4610,4560,4580,161974500,8600,7686400,76340600,139743100
2022-04-11,4610,4610,4550,4590,90521500,116000,1931900,22560400,58818300
2022-04-12,4620,4630,4580,4630,187948000,83100,4142500,88430400,161825100
2022-04-13,4700,4720,4650,4690,196864200,5513700,517300,40198200,129008800
2022-04-14,4700,4730,4660,4680,112735200,5386800,16030700,47012700,101609500
2022-04-18,4720,4730,4690,4710,120778200,6013500,1684800,22373700,87043900
2022-04-19,4740,4750,4680,4680,92268300,357500,3023900,36542300,63146600
2022-04-20,4680,4690,4620,4630,88360900,3048300,4100,50018200,37712000
2022-04-21,4620,4670,4600,4620,97575800,101800,500,55624300,64240200
2022-04-22,4620,4680,4580,4620,101299100,2300,1690300,42939100,62751200
2022-04-25,4610,4720,4580,4710,92045500,76700,5634800,40021300,27729600
2022-04-26,4680,4760,4670,4760,85945800,81000,482500,40115200,57567700
2022-04-27,4720,4790,4720,4770,136485600,66900,8210300,58681900,115722800
2022-04-28,4850,4850,4620,4620,198484800,948500,2100,149135200,89385200
2022-05-09,4560,4560,4300,4310,343682000,1545100,32300,259204900,198822600
2022-05-10,4120,4380,4120,4340,281386300,26800,3653800,188564500,102832000
2022-05-11,4400,4480,4330,4330,154455400,14240900,3000,88242900,63394400
2022-05-12,4340,4390,4250,4300,233518500,64100,882100,186263700,186849000
2022-05-13,4250,4350,4230,4260,190889200,1397700,23100,163609200,103680900
2022-05-17,4250,4290,4180,4180,170880700,21999700,200,146676800,99001200
2022-05-18,4230,4290,4190,4250,185359500,100000,2168400,127999700,142896000
2022-05-19,4180,4230,4150,4210,112679300,31100,3978400,82637500,72007100
2022-05-20,4220,4230,4170,4170,141701800,14314900,14700,120808400,82876800
2022-05-23,4160,4180,4070,4110,196569900,25862800,27400,110751000,125131200
2022-05-24,4120,4200,4120,4150,151693700,1611700,524800,109347500,87711300
2022-05-25,4200,4210,4150,4200,166595400,2077200,1043700,90663400,82771900
2022-05-27,4260,4300,4210,4300,186513500,6700,1658500,139527100,124207800
2022-05-30,4340,4340,4200,4250,107614100,112900,61400,61078800,62411400
2022-05-31,4270,4330,4230,4310,469620300,319900,11900,404234100,374319300
2022-06-02,4390,4390,4270,4290,164481100,500800,919300,108324000,131028100
2022-06-03,4310,4390,4300,4310,108852800,6398700,265600,58159500,60471300
2022-06-06,4310,4340,4270,4340,79319400,5800,10079400,38912100,32121800
2022-06-07,4340,4340,4250,4250,142504000,34142500,1100,103395800,37325100
2022-06-08,4150,4170,4080,4100,202555900,40833000,144200,110591800,76095900
2022-06-09,4080,4130,4050,4050,148580200,10477700,80600,90313300,71816000
2022-06-10,4040,4080,4000,4020,189186700,22800,251800,88795300,65760100
2022-06-13,3950,4100,3930,4080,156054900,1650200,563300,64370700,67372000
2022-06-14,4050,4120,4020,4110,117325600,5897700,2209400,77950300,49399000
2022-06-15,4060,4080,4030,4060,94848800,1200,150100,74737200,30506400
2022-06-16,4120,4120,4030,4040,96042200,406200,222700,57693000,52261600
2022-06-17,4010,4120,3980,4120,169375800,4000,2699700,130324400,109822300
2022-06-20,4050,4060,4000,4040,82101200,62300,1950700,67243800,22478200
2022-06-21,4060,4120,4030,4110,77489000,26400,619900,30999900,44604200
2022-06-22,4090,4090,4040,4050,60907800,1414400,226100,41460900,39149900
2022-06-23,4030,4160,4030,4160,101065400,9100,1209300,64085100,50608200
2022-06-24,4230,4230,4100,4150,81050700,2800,1736100,41808000,48496500
2022-06-27,4110,4120,4040,4070,71601400,278200,2694300,61511800,30094600
2022-06-28,4010,4050,4000,4030,112506000,482500,1297700,95941200,63479600
2022-06-29,4000,4080,4000,4040,56878700,87500,73200,35255200,33602800
2022-06-30,4110,4110,4000,4000,116718900,1770500,1800,85017000,79527100
2022-07-01,4010,4040,4000,4020,39572500,99700,253000,28670900,23808500
2022-07-04,4020,4040,3840,3990,115885200,10900,481500,73480400,55131200
2022-07-05,4010,4070,3950,3990,72329600,208200,1000,42209200,34563500
2022-07-06,4050,4050,3970,4020,62679000,39100,456500,45725000,42997500
2022-07-07,4040,4050,4010,4040,42393800,18600,838100,30297400,29243200
2022-07-08,4050,4060,4000,4010,64049000,2209800,559600,44121700,52633900
2022-07-11,4100,4100,4000,4040,42258000,6000,956800,23985300,32033300
2022-07-12,4060,4060,4010,4010,43399800,6801000,820700,33568600,38430800
2022-07-13,4010,4030,3930,3940,96218200,412100,54400,72969200,62874900
2022-07-14,3940,4020,3900,4020,68708500,12200,602200,47822700,58656500
2022-07-15,4040,4210,4010,4150,146093800,19900,1771400,49113600,124781700
2022-07-18,4110,4190,4070,4190,84009400,100,4955600,50669900,55305800
2022-07-19,4190,4190,4130,4160,91367900,360500,225500,64927900,70766900
2022-07-20,4140,4220,4140,4210,82344000,36000,56600,36898600,39929100
2022-07-21,4210,4260,4180,4260,107234600,10000,8779200,43998500,90019600
2022-07-22,4240,4240,4190,4230,59792300,250800,808400,47191200,34770300
2022-07-25,4240,4260,4220,4240,37218000,12500,500700,23388700,32641500
2022-07-26,4240,4250,4190,4250,49786900,1200,436400,33951100,36407400
2022-07-27,4230,4300,4210,4300,60672300,13800,7317000,46109700,48974300
2022-07-28,4310,4320,4190,4240,110767300,114100,515100,58894300,58020500
2022-07-29,4280,4300,4210,4230,108823600,2971200,323300,56038800,91138700
2022-08-01,4230,4300,4230,4300,104724300,9600,7492200,44843800,92992700
2022-08-02,4350,4450,4250,4450,112235100,100,2396000,56907900,71830400
2022-08-03,4450,4590,4410,4500,252366500,9255800,233000,129898400,190083500
2022-08-04,4450,4550,4450,4550,159416400,11000,1254200,95207000,128931100
2022-08-05,4590,4650,4530,4650,268967200,714100,2136200,94875800,239427400
2022-08-08,4700,4700,4650,4700,191023500,4440300,1118400,73028500,180906700
2022-08-09,4700,4700,4630,4640,164453900,29800,3067300,91320900,136591600
2022-08-10,4530,4590,4490,4560,162061400,5701200,2003900,96631700,107180600
2022-08-11,4550,4610,4520,4570,123629000,4170300,308100,67539800,106902900
2022-08-12,4570,4600,4530,4550,124628300,18700,56816700,72712200,100331900
2022-08-15,4540,4570,4440,4450,136882800,722200,21768100,90662200,88960700
2022-08-16,4530,4580,4410,4410,127710800,12413100,300,95447600,88601900
2022-08-18,4360,4550,4350,4550,182044300,51964100,327100,112120100,160181600
2022-08-19,4560,4610,4460,4600,177623900,17959600,213100,68423700,150147200
2022-08-22,4550,4660,4530,4650,202320400,8100,5403200,79307400,176711400
2022-08-23,4680,4710,4610,4660,229431400,924300,200000,158366800,196540600
2022-08-24,4660,4770,4600,4750,189007900,6400,1542100,102696000,164946500
2022-08-25,4680,4700,4560,4570,179495700,1179600,402900,139636700,92389000
2022-08-26,4510,4540,4480,4490,184317100,1979200,164100,150600900,92271100
2022-08-29,4370,4550,4360,4520,112724400,336500,49500,53352900,46522000
2022-08-30,4580,4620,4480,4480,102482500,3822400,800,63585700,53162100
2022-08-31,4420,4600,4420,4560,175300400,930400,117300,113298200,133737600
2022-09-01,4560,4650,4530,4580,120929500,1457700,535100,75724200,93112000
2022-09-02,4540,4620,4540,4600,90586100,57000,3416200,52166900,77163800
2022-09-05,4560,4630,4550,4620,77323800,63500,6768400,38308300,47310800
2022-09-06,4610,4620,4510,4510,77323800,63500,6768400,38308300,47310800
2022-09-07,4500,4560,4480,4490,93492500,1888400,6500,40309400,55872200
2022-09-08,4500,4640,4500,4560,123389200,10207400,262000,48596000,86585300
2022-09-09,4550,4600,4530,4600,123389200,10207400,262000,48596000,86585300
2022-09-12,4600,4600,4530,4540,74820600,577400,5700,45686500,34833300
2022-09-13,4540,4560,4520,4520,91510200,2155900,16900,53263700,58183300
2022-09-14,4490,4530,4460,4480,91510200,2155900,16900,53263700,58183300
2022-09-15,4540,4600,4500,4500,125599900,2018200,419200,45549900,75789300
2022-09-16,4500,4500,4410,4410,210277300,5116600,3500,150702200,117136900
2022-09-19,4460,4560,4440,4500,116164500,174000,253400,69520100,67532200
2022-09-20,4530,4540,4480,4480,100743700,3003200,500000,68637400,55295100
2022-09-21,4450,4470,4410,4430,91363200,3346100,500000,80464800,24676800
2022-09-22,4400,4450,4380,4430,89922900,1230600,969000,72232600,31893700
2022-09-23,4400,4430,4380,4380,95911400,3009500,15900,64196100,29778300
2022-09-26,4390,4510,4300,4460,132185400,1247800,7000,73983900,63883900
2022-09-27,4450,4470,4380,4440,123113800,31700,52100,91387800,62516200
2022-09-28,4430,4530,4400,4470,104385500,557400,800000,65609500,79719200
2022-09-29,4460,4500,4420,4440,90290400,658100,143100,84552000,61290600
2022-09-30,4400,4500,4390,4460,111482000,1323700,100000,84098400,76160300
2022-10-03,4460,4470,4380,4460,77569100,4525400,1221300,61540500,59430000
2022-10-04,4460,4510,4430,4440,87832800,3329900,34200,59429500,55496700
2022-10-05,4490,4540,4460,4460,61888400,1327200,5100,26230300,36920300
2022-10-06,4460,4480,4420,4430,60464300,803800,1030000,41256100,24880700
2022-10-07,4400,4430,4350,4350,102570000,4545100,40900,86074800,29882600
2022-10-10,4340,4420,4330,4420,72389100,9000,3205900,51868800,28928600
2022-10-11,4360,4380,4310,4310,108794500,223500,131600,89794500,45052500
2022-10-12,4300,4350,4280,4340,108794500,223500,131600,89794500,45052500
2022-10-13,4330,4350,4290,4300,70034500,4860400,251500,60527300,47939800
2022-10-14,4360,4360,4290,4290,68462000,2140100,2800,55446600,52398600
2022-10-17,4200,4330,4200,4330,90321700,63900,988400,72535400,55148000
2022-10-18,4310,4340,4250,4250,72516000,3136600,10900,64726700,30943100
2022-10-19,4220,4300,4200,4200,72516000,3136600,10900,64726700,30943100
2022-10-20,4200,4350,4200,4350,165391500,2099900,738800,128980300,136121000
2022-10-21,4300,4390,4300,4360,79825700,1050300,122900,40152500,68183900
2022-10-24,4380,4450,4380,4410,76777200,951300,1116500,21273800,56495900
2022-10-25,4430,4470,4390,4390,109228600,1092600,36600,83016000,82262900
2022-10-26,4420,4430,4330,4370,84661900,186500,120300,67439900,52270300
2022-10-27,4390,4410,4340,4370,80281900,119800,91600,63615700,63650300
2022-10-28,4420,4450,4380,4450,68630200,100,9620500,33888700,51396200
2022-10-31,4460,4460,4360,4390,128436900,22775300,367800,81907900,88684700
2022-11-01,4420,4420,4360,4420,93209100,13900,197000,57231400,61480400
2022-11-02,4400,4420,4220,4220,187794400,2041400,35500,144013800,85384100
2022-11-03,4140,4170,4050,4130,214866800,1507000,62800,167150900,56329400
2022-11-04,4070,4210,4070,4210,214866800,1507000,62800,167150900,56329400
2022-11-07,4250,4280,4160,4280,105536100,22200,4414000,73961100,56834000
2022-11-08,4270,4280,4200,4220,110577600,3002200,20600,85959900,56470100
2022-11-09,4200,4230,4180,4190,109215700,542400,48300,98181000,69810000
2022-11-10,4110,4210,4110,4170,68170100,60300,518000,57660900,32282900
2022-11-11,4160,4180,4140,4150,227799300,3014100,355400,179698700,46155500
2022-11-14,4090,4120,4030,4050,205445400,156200,257200,162705300,74127500
2022-11-15,4050,4080,4030,4050,205445400,156200,257200,162705300,74127500
2022-11-16,4000,4070,3960,4050,149575300,49000,104400,113325600,45527100
2022-11-17,4020,4070,4020,4040,68652000,1870300,857200,59223000,30442000
2022-11-18,4070,4080,4010,4010,115963200,5698500,69500,92966400,72968600
2022-11-22,4020,4040,4000,4000,83888300,82800,58700,57273800,41508400
2022-11-23,3990,4030,3970,3970,83888300,82800,58700,57273800,41508400
2022-11-24,3980,4040,3980,4030,62551300,290300,4997800,19410500,37872600
2022-11-25,4010,4040,3980,4030,58170700,100,2533900,36588100,21475800
2022-11-28,4030,4040,3980,3980,74305800,2052100,1697200,49865100,35250200
2022-11-29,3980,4020,3980,3980,80346000,14581500,22000,57414300,49778800
2022-11-30,3970,4050,3970,4040,358989500,484000,978400,299337300,330922700
2022-12-01,4020,4040,3960,3960,202050500,1918700,65900,155552700,96687800
2022-12-02,3950,4020,3930,4000,113759000,147700,689800,82659100,73679600
2022-12-05,3980,3990,3820,3840,171687400,1130800,413600,123715300,65665300
2022-12-06,3640,3720,3580,3600,416631500,442500,1022700,245861600,170229300
2022-12-07,3600,3700,3570,3680,245920400,293100,698300,197794900,103138300
2022-12-08,3700,3780,3620,3740,224430000,801500,521800,179712700,89217200
2022-12-09,3680,3720,3630,3650,146968500,1344900,195000,124307200,67143300
2022-12-12,3670,3710,3640,3700,151153300,37100,559300,130304800,87754100
2022-12-13,3690,3790,3680,3750,202138600,1076800,23500,154192100,91418000
2022-12-14,3820,3820,3740,3750,107186900,173400,3800,73651100,62632500
2022-12-15,3680,3720,3670,3670,118155300,3401600,161000,103319500,57853800
2022-12-16,3610,3740,3610,3680,118155300,3401600,161000,103319500,57853800
2022-12-19,3740,3790,3680,3720,104424400,2600,111000,57567300,63506500
2022-12-20,3730,3750,3700,3720,55575600,1541400,407000,42378000,37536200
2022-12-21,3690,3790,3670,3790,98749700,200,2097200,71053700,67313000
2022-12-22,3800,3810,3740,3750,58085600,9707800,279100,41036500,18284700
2022-12-23,3710,3780,3700,3780,45179400,59200,6483200,32620800,29233300
2022-12-26,3780,3800,3730,3750,19321700,211600,165600,11644600,3635500
2022-12-27,3770,3840,3750,3810,52322200,848500,1002000,22409200,21366700
2022-12-28,3800,3810,3710,3730,74363000,1120000,174300,56624000,29275500
2022-12-29,3720,3790,3710,3780,51703500,60600,1224000,34457400,26942800
2022-12-30,3760,3800,3750,3750,79677300,630100,250100,62331600,42017500
2023-01-02,3750,3800,3750,3800,10522400,1000,5089400,4699300,3215100
2023-01-03,3790,3890,3770,3860,64297400,2110700,1001700,31025300,21779900
2023-01-04,3840,3860,3810,3820,56942300,12581600,688500,44737700,26652000
2023-01-05,3800,3820,3720,3770,135167000,51400,476600,115055300,65298400
2023-01-06,3750,3770,3710,3710,65207400,152900,18400,52025600,34366100
2023-01-09,3730,3790,3730,3790,46617800,100,795200,30174100,29302800
2023-01-10,3810,3850,3750,3830,65259000,61600,761400,45264700,35676100
2023-01-11,3820,3900,3790,3870,93911500,62600,50100,58443300,59955900
2023-01-12,3790,3900,3780,3860,93386300,1311600,158200,59753100,50763800
2023-01-13,3820,3860,3770,3780,85817100,1716200,321100,59623200,47606800
2023-01-16,3780,3850,3780,3850,46693300,9800,2769200,23193100,31223100
2023-01-17,3870,3990,3860,3950,132256600,307900,344600,60023800,90023500
2023-01-18,4010,4010,3900,3930,94774000,34600,63300,72302300,60570100
2023-01-19,3900,3980,3880,3890,94021600,883500,271000,66533200,66957200
2023-01-20,3910,3920,3850,3870,76520200,62800,36800,59690400,55341700
2023-01-24,3890,3910,3850,3850,37497500,2000900,17400,21566300,21411400
2023-01-25,3850,3880,3810,3840,70264300,508200,781900,48407400,44619600
2023-01-26,3850,4000,3850,3970,117243400,78700,1231100,49789900,106903100
2023-01-27,3970,3990,3950,3960,85510700,189400,3440600,45201600,66846200
2023-01-30,3960,3970,3910,3960,85280800,100,3484000,45568200,68233100
2023-01-31,3940,3950,3850,3850,129229000,2310000,258300,99667300,72849700
2023-02-01,3850,3900,3840,3870,71003200,456800,427600,55439100,49121100
2023-02-02,3850,3900,3840,3890,65400800,5900,566000,47051600,37568400
2023-02-03,3910,3920,3870,3880,55174900,291800,1999500,28046200,48728300
2023-02-06,3860,3910,3850,3880,58861400,5700,55500,39797800,40848600
2023-02-07,3880,3880,3800,3800,76254900,2635700,28900,48477200,31211900
2023-02-08,3800,3850,3790,3840,65861100,48000,927100,32393700,41876600
2023-02-09,3840,3840,3760,3770,78182700,709900,1356700,35884300,39929800
2023-02-10,3750,3800,3690,3800,88759600,7500,1276300,41198700,43511800
2023-02-13,3800,3810,3750,3790,55673600,106100,417600,34057400,40247000
2023-02-14,3830,3830,3760,3800,67045500,295900,647900,48165500,48529000
2023-02-15,3810,3820,3730,3790,77025900,377400,3580800,57159500,37997800
2023-02-16,3800,3800,3750,3770,49879600,834800,3120100,39106800,35492300
2023-02-17,3770,3770,3720,3760,42098000,92700,657100,24654700,20597900
2023-02-20,3760,3820,3760,3820,57447000,6000,522000,25748400,29156200
2023-02-21,3850,3870,3830,3840,63880300,379400,1779400,29213900,49916700
2023-02-22,3850,3870,3800,3860,57523100,117700,1859500,31346500,48983000
2023-02-23,3950,3970,3890,3970,109836000,6400,5716100,50154700,81801000
2023-02-24,4000,4040,3950,4040,164920600,3700,1071600,76292900,91060400
2023-02-27,3990,4000,3920,3960,57654200,1390300,4359000,40959200,28213100
2023-02-28,3930,3970,3880,3880,115766900,7054600,1000,92642900,84274700
2023-03-01,3930,3990,3910,3930,47395200,778100,202300,26197400,33148400
2023-03-02,3900,3930,3880,3880,43295900,2082600,33200,30668200,26075700
2023-03-03,3880,3920,3870,3900,49796000,247100,417800,40721100,29311600
2023-03-06,3940,3950,3870,3880,50314300,427400,1400,36102100,28377500
2023-03-07,3890,3910,3850,3880,48550800,248700,199300,36721100,27456400
2023-03-08,3850,3940,3850,3940,61321500,674500,7306900,42326100,38632100
2023-03-09,3970,4000,3960,3970,68725500,5408100,13000,25012900,54287400
2023-03-10,3960,4020,3930,4010,77752800,1688500,4074800,40553600,58052000
2023-03-13,4020,4090,3980,4070,104663300,100,462200,49834200,81749600
2023-03-14,4030,4090,4000,4020,111571600,111400,264300,84597400,69264000
2023-03-15,4050,4050,3990,4010,51995000,475300,1700,36764000,30562800
2023-03-16,4040,4060,3980,4050,79971900,5200,727100,45764600,56340700
2023-03-17,4090,4100,4030,4050,153263500,356400,1600,116440900,126717200
2023-03-20,4050,4050,3940,3990,106226400,608900,13700,91546500,75409400
2023-03-21,4000,4120,4000,4120,65684600,3000,2992800,25646400,60734100
2023-03-24,4100,4120,4060,4070,126339800,248600,88500,79751500,108783100
2023-03-27,4100,4120,4030,4050,71563800,84300,117900,43061100,55450700
2023-03-28,4100,4100,4030,4050,72490700,140100,12500,51579300,60386600
2023-03-29,4090,4120,4070,4100,88345200,28800,1285900,30711400,80498400
2023-03-30,4050,4130,4040,4090,87710800,24100,1546000,34116900,59814100
2023-03-31,4110,4120,4040,4060,93749900,1042100,154400,62921700,78023900
2023-04-03,4100,4100,4070,4080,48049100,2179800,1073000,23400100,39970800
2023-04-04,4080,4100,4040,4060,65909500,20100,458600,42632400,36813100
2023-04-05,4100,4170,4080,4150,70840100,3000,362300,10914400,47799000
2023-04-06,4200,4270,4170,4250,131332200,53500,96700,45942600,107170300
2023-04-10,4250,4300,4190,4300,67857900,870300,2745200,49434500,45981800
2023-04-11,4290,4300,4250,4300,84322900,500,3103300,38515700,58046500
2023-04-12,4320,4350,4260,4310,154729200,3000,147800,74926600,115244100
2023-04-13,4340,4350,4290,4340,149293500,115700,1224800,65913800,137308800
2023-04-14,4340,4360,4320,4340,92879100,226900,80800,19516200,85435300
2023-04-17,4340,4340,4250,4270,59689800,9700,183900,16254900,41594900
2023-04-18,4240,4280,4230,4270,65654100,94800,239100,19777000,57230600
2023-04-26,4480,4500,4330,4400,198984100,10600,5031400,101230300,184595200
2023-04-27,4450,4450,4300,4320,69904200,173800,185900,30314400,42988100
2023-04-28,4270,4320,4220,4250,112116900,94000,1431300,80860400,71234900
2023-05-02,4210,4220,4130,4190,144759400,118700,12072400,99689600,51389700
2023-05-03,4200,4200,4080,4150,137237900,303000,1022700,102835700,49098600
2023-05-04,4170,4190,4140,4150,82589400,931200,6400,57279700,30673400
2023-05-05,4160,4170,4080,4170,98880100,4700,3856400,73419900,48318800
2023-05-08,4170,4180,4040,4060,121002600,1644300,20300,96800600,60750900
2023-05-09,4050,4090,4030,4070,106375600,226900,1290600,87781500,55039000
2023-05-10,4050,4130,4040,4130,84464000,36500,826300,56475200,56971300
2023-05-11,4100,4120,4060,4090,74174700,396700,9701100,56597100,35945600
2023-05-12,4050,4050,3950,3980,208201500,46800,168700,166675800,45684400
2023-05-15,3990,3990,3930,3980,113329300,323400,37000,79547700,62359900
2023-05-16,4020,4020,3940,3980,80225000,466100,882700,59275100,35110700
2023-05-17,3980,4020,3960,3990,83283900,502800,50600,59425800,51922800
2023-05-19,3990,4060,3970,4020,78462500,5703100,370300,52880900,41702300
2023-05-22,4000,4080,3980,4040,115693800,6852500,260900,87260500,31933200
2023-05-23,4030,4080,4030,4040,102536600,1642600,131200,50769300,28682900
2023-05-24,4020,4200,4020,4160,177550900,170800,69600,96412400,111619000
2023-05-25,4190,4220,4120,4120,106182800,4169100,107200,82697500,56061200
2023-05-26,4140,4160,4110,4130,62211800,97800,2562600,47104500,35797000
2023-05-29,4120,4200,4090,4200,77540300,100,7830300,56250300,26454800
2023-05-30,4140,4190,4120,4120,97109600,7751500,367300,73731700,35765300
2023-05-31,4120,4160,4040,4040,609343100,5527700,67100,588445000,483818300
2023-06-05,4060,4130,4020,4080,189129300,1061600,15400,107913800,133247000
2023-06-06,4090,4130,4050,4090,95901900,2484900,108900,54209200,55062900
2023-06-07,4100,4150,4080,4150,99440800,100,1534300,52895700,54497300
2023-06-08,4160,4180,4120,4170,78989700,24800,1553200,38624400,45897200
2023-06-09,4170,4170,4140,4150,83313600,1099200,3975300,39052900,33856800
2023-06-12,4040,4050,4010,4050,94687300,606900,10500,49517000,36777200
2023-06-13,4040,4060,4030,4030,69609000,4297100,50700,43249900,48891900
2023-06-14,4020,4040,3990,4000,110730800,1946400,108300,80989500,42878000
2023-06-15,3990,4040,3980,4020,85391800,535300,1465500,59401200,48416000
2023-06-16,4020,4030,3960,3970,160978900,4686200,34600,144184700,78445900
2023-06-19,3960,3990,3950,3960,54934100,9500,292000,35276500,12883600
2023-06-20,3980,3990,3950,3990,55155600,1200,1266000,37910800,38277600
2023-06-21,3970,3980,3950,3980,60228700,64900,432800,45419300,26229300
2023-06-22,3980,3990,3940,3940,56150900,777700,314100,34151900,16901800
2023-06-23,3940,3960,3940,3950,41812400,877200,1883300,22834500,14095200
2023-06-26,3940,3990,3940,3990,36011500,287400,2550200,19478200,19845400
2023-06-27,4030,4030,3990,4000,64890400,291600,342900,37774700,35452400
2023-07-03,4030,4030,3970,4000,75193800,84600,529100,56634700,61280400
2023-07-04,4000,4010,3970,3970,33974300,1034700,195300,21617100,20703900
2023-07-05,3970,3980,3950,3980,43303000,79800,1013300,27663300,19149600
2023-07-06,3970,3990,3960,3960,68088900,2067600,130300,45170700,49830600
2023-07-07,3960,3980,3950,3960,50474800,107900,569200,17044100,27251500
2023-07-10,3960,3980,3940,3950,65643300,182300,495000,38741400,42354200
2023-07-11,3950,3990,3950,3980,89768500,76800,2075300,62845300,78940600
2023-07-12,3980,4010,3970,3980,73770400,878400,198000,46157500,55589600
2023-07-13,3960,3970,3910,3920,83009900,2445000,40900,42612100,17955300
2023-07-14,3960,3960,3920,3930,64886900,1686700,305000,34857600,39243200
2023-07-17,3950,3970,3910,3910,81399700,839600,18100,26294500,41487500
2023-07-18,3930,3930,3820,3850,155407600,313400,1443400,59579500,29042000
2023-07-20,3820,3860,3810,3850,88907600,1042300,1728200,69769500,34811500
2023-07-21,3840,3870,3840,3860,53955100,110500,289100,39342000,26779800
2023-07-24,3880,3930,3870,3900,80710100,30400,1870600,34009500,55345800
2023-07-25,3920,3920,3880,3880,66434400,2304300,2545900,25675300,52184700
2023-07-26,3890,3900,3830,3880,86732900,172300,1004900,38960400,23196800
2023-07-27,3840,3860,3720,3720,235026400,5188300,1343500,97647400,42160200
2023-07-28,3710,3750,3690,3720,181626700,471600,13502600,88673600,54420000
2023-07-31,3700,3750,3670,3720,153583300,696200,269200,102953900,71621600
2023-08-01,3700,3780,3700,3750,97680500,1132600,1590300,57541400,38000400
2023-08-02,3740,3740,3680,3690,121333500,3651500,121600,85100700,49136800
2023-08-03,3670,3760,3670,3720,82013300,4262100,23700,43441800,29686800
2023-08-04,3720,3730,3690,3690,67746800,721800,51600,49269500,18648200
2023-08-07,3700,3720,3680,3680,94909700,1848600,1500,39819000,16882300
2023-08-08,3680,3760,3680,3730,147407500,559800,14300,77934200,81050400
2023-08-09,3750,3800,3740,3770,129416100,250100,267300,54034900,91889300
2023-08-10,3800,3830,3800,3800,142784700,37600,292100,60876600,76473500
2023-08-11,3830,3840,3790,3810,109714400,24000,776300,77252200,71758700
2023-08-14,3810,3830,3760,3830,86871800,700,22200,49993800,37203600
2023-08-15,3800,3830,3800,3820,80015200,37800,1697500,52841200,40231900
2023-08-16,3790,3830,3750,3830,117021600,600,12223400,87283300,51197700
2023-08-18,3790,3800,3760,3760,108780100,2301500,50400,85417400,52913800
2023-08-21,3760,3780,3720,3740,64449000,662400,271100,32379400,37112000
2023-08-22,3740,3780,3730,3750,98059600,85700,33800,41073000,70497700
2023-08-23,3750,3770,3730,3740,84842500,1133400,46000,52136300,48945600
2023-08-24,3730,3770,3720,3720,82789700,274800,1026400,32364300,37657000
2023-08-25,3700,3730,3700,3720,42049200,411700,38200,29547400,11587000
2023-08-28,3730,3740,3700,3700,37727500,12323400,26000,20365200,14000800
2023-08-29,3700,3720,3700,3720,53453600,445100,1878000,26308500,35086800
2023-08-30,3730,3850,3720,3810,130027200,799200,346800,47588600,44081000
2023-08-31,3810,3820,3700,3730,227635800,3053500,2663100,171541200,92530100
2023-09-01,3710,3740,3710,3720,82253200,16458300,1269600,51211200,12854300
2023-09-04,3720,3750,3710,3730,55881900,4746700,653600,33181200,14345900
2023-09-05,3730,3750,3710,3740,62933300,1130800,4248900,38502600,31920300
2023-09-06,3750,3810,3740,3790,98673400,35600,1371800,22076600,57545900
2023-09-07,3780,3790,3730,3760,63054500,457500,3343600,34997500,12378500
2023-09-08,3770,3770,3670,3690,143090100,2832400,296500,87771600,45202900
2023-09-11,3710,3710,3680,3700,76577500,9467600,4242600,25719900,38437700
2023-09-12,3700,3740,3700,3710,72170600,768600,46000,37083600,45893300
2023-09-13,3720,3720,3670,3710,82635900,385300,755800,58834500,46938200
2023-09-14,3710,3720,3680,3680,55532900,31000,14900,32935100,34204200
2023-09-15,3680,3780,3670,3720,147757300,540700,615800,63306000,106794700
2023-09-18,3700,3720,3680,3680,40645900,7916200,27200,23187300,22626200
2023-09-19,3690,3740,3690,3730,47905700,880300,1992700,20830700,36510300
2023-09-20,3740,3850,3740,3810,171751900,195900,15600,58672600,112361000
2023-09-21,3810,3840,3790,3810,94880700,54500,560400,45072400,46293600
2023-09-22,3830,3880,3810,3860,101185700,1767600,751300,40817200,73719700
2023-09-25,3810,3830,3770,3770,126985200,314900,55000,69568700,42035800
2023-09-26,3770,3800,3750,3760,74734500,2543700,449300,46043300,50367600
2023-09-27,3750,3780,3720,3720,83337700,2403000,1136500,49999800,47439800
2023-09-29,3730,3800,3730,3750,66226800,787300,32000,34093000,53722100
2023-10-02,3750,3780,3730,3750,71945000,184700,25000,48244200,45086600
2023-10-03,3750,3800,3740,3770,61237300,1444400,373400,15019200,40853000
2023-10-04,3800,3800,3740,3780,77527700,8600,857300,38816200,45798500
2023-10-05,3790,3800,3720,3720,81258900,3037700,11700,62459300,43306100
2023-10-06,3780,3800,3770,3780,60156100,621700,1130600,34710800,52795700
2023-10-09,3770,3780,3750,3760,37711400,1810300,11300,17690300,33063000
2023-10-10,3780,3820,3770,3810,58728600,683300,62500,20968400,43196800
2023-10-11,3780,3810,3780,3780,83154300,1142900,60300,64844200,60136100
2023-10-12,3820,3870,3800,3830,101645100,745000,330100,39560100,69852000
2023-10-13,3820,3850,3810,3850,48856500,24500,3982600,9828300,27140900
2023-10-16,3850,3850,3740,3760,131156600,183300,45100,51079500,82803500
2023-10-17,3780,3810,3770,3790,57046900,33100,243400,32834600,42529600
2023-10-18,3770,3780,3730,3750,76612100,431200,1096400,38999400,35205600
2023-10-19,3730,3760,3720,3730,62296900,39800,288200,32314600,39460000
2023-10-20,3720,3730,3690,3700,55918900,381600,64800,44875700,27343200
2023-10-23,3710,3720,3610,3610,69428400,1608800,94700,41762600,21251200
2023-10-24,3640,3670,3600,3650,67041700,120700,138700,54241400,46449600
2023-10-25,3650,3680,3580,3600,89567900,664800,164900,62049300,43950700
2023-10-26,3600,3610,3460,3480,141139700,1436300,248800,79155000,54023900
2023-10-27,3480,3530,3440,3500,99607000,3095300,140200,64577000,40280100
2023-10-30,3500,3500,3390,3420,82945500,181200,1098600,53441100,32778600
2023-10-31,3400,3510,3400,3490,66801600,93400,299600,39094000,33050700
2023-11-01,3600,3700,3600,3620,154441100,1150900,286600,67509100,79822200
2023-11-02,3690,3690,3620,3620,69582500,612600,53000,42411300,33691600
2023-11-03,3590,3630,3540,3570,85146800,509600,674200,37648400,50132200
2023-11-06,3610,3650,3600,3650,66902400,400,683500,43961700,57025000
2023-11-07,3600,3610,3550,3570,103642200,663100,2865300,69787100,45488400
2023-11-08,3520,3540,3500,3520,104102000,1369700,349100,86168900,32643000
2023-11-09,3500,3570,3500,3530,96594900,721500,104000,68117500,51664800
2023-11-10,3520,3550,3490,3550,48619500,10080700,3083500,26086900,29243600
2023-11-13,3570,3570,3510,3520,47728400,714000,51300,41191400,34066000
2023-11-14,3500,3540,3500,3500,45987000,1492000,10000,35392800,21887600
2023-11-15,3520,3570,3520,3550,114104500,1402200,696900,83556800,82886000
2023-11-16,3550,3550,3510,3540,68993000,382200,1391400,47777500,53581600
2023-11-17,3530,3550,3480,3550,55585600,49400,509900,37472400,33037000
2023-11-20,3560,3600,3540,3590,49528300,1519700,299600,28152100,32560600
2023-11-21,3590,3620,3580,3620,68255800,6000,13100,46151000,54463500
2023-11-22,3610,3630,3590,3610,34555300,21100,308200,20248900,22165600
2023-11-23,3610,3630,3590,3600,57385100,1532000,24700,35287000,39076800
2023-11-24,3600,3620,3570,3620,46919500,1243100,82800,21458000,39640800
2023-11-27,3640,3730,3640,3680,73888700,546800,131400,26627400,44183100
2023-11-28,3680,3800,3680,3770,106829100,129600,1184300,52290400,59499300
2023-11-29,3750,3770,3700,3720,56467400,1853700,50700,26451100,37171800
2023-11-30,3750,3820,3740,3760,258522400,248000,226400,207721900,228629300
2023-12-01,3790,3840,3790,3830,81037200,2527400,1988500,43415500,65365700
2023-12-04,3840,3860,3780,3810,118542300,57900,638500,71875100,104385000
2023-12-05,3830,3850,3800,3850,74608900,9000,3811600,33569100,58474500
2023-12-06,3900,3950,3870,3920,149345100,23100,1557200,70872500,119559400
2023-12-07,3950,3950,3880,3910,91076200,2400,80800,58918700,79650100
2023-12-08,3940,3940,3900,3940,61476300,300,4176400,26945800,48682300
2023-12-11,3870,3980,3850,3980,99365500,1100,3095900,49982600,87234200
2023-12-12,3940,3950,3890,3910,58707700,223400,115900,42043000,42470200
2023-12-13,3870,3920,3870,3920,54386800,1200,1397100,42556300,42428200
2023-12-14,3880,3960,3880,3940,86315700,2324100,1433000,51509200,68771200
2023-12-15,3940,3980,3900,3980,109064200,10200,7248100,65069900,103702600
2023-12-18,3940,3970,3930,3970,60940400,10000,2375900,33642000,50614300
2023-12-19,3950,3970,3940,3970,45865000,500,2243000,29965800,37508500
2023-12-20,3960,3990,3960,3960,59574800,342500,761800,26342800,56900200
2023-12-21,3960,3970,3930,3950,48242100,52000,790200,21814200,42567300
2023-12-22,3980,3980,3950,3960,28222700,103800,167300,14271500,22502500
2023-12-27,3990,4000,3920,3940,81785000,5821600,168200,54264200,72792300
2023-12-28,3960,3970,3940,3960,34024400,8200,76600,9536500,30017900
2023-12-29,3960,3980,3940,3950,27497600,528600,218200,10298100,11555300
2024-01-02,3950,3990,3940,3990,23774100,1900,3289400,10392300,16494400
2024-01-03,3990,3990,3950,3960,22018500,38100,81600,12111200,14598800
2024-01-04,3980,3990,3960,3970,47010600,258100,72100,22627700,33784200
2024-01-05,3950,3970,3880,3890,69268000,1031000,900,17940900,42492900
2024-01-08,3890,3920,3860,3890,61064100,1215700,422500,20162000,41289900
2024-01-09,3930,3980,3920,3960,64015400,1200,500300,26820800,48558600
2024-01-10,4000,4030,3980,4000,99083600,2477000,820600,53812200,66675100
2024-01-11,4040,4040,3990,3990,48920600,108800,30700,36202200,31919600
2024-01-12,3970,4010,3970,4010,53685600,7800,53900,19064800,41873600
2024-01-15,4040,4040,3980,4000,38837700,321800,75200,23301900,28003100
2024-01-16,4020,4030,3980,4010,44782300,46400,1527900,18347100,42452700
2024-01-17,4000,4010,3970,3990,62728400,310800,1143800,46585500,45725900
2024-01-18,3990,4010,3930,3950,73029300,75900,57600,58644300,48959800
2024-01-19,3950,3960,3890,3940,67016100,254200,1145900,51732300,52040600
2024-01-22,3980,4010,3960,3980,50643700,252000,4000,27245400,42079600
2024-01-23,4000,4010,3910,3950,72595400,200100,640200,48962900,50622500
2024-01-24,3950,3980,3930,3970,38732000,250000,1027200,24454200,25747300
2024-01-25,3980,4000,3960,3980,58541300,263800,139100,33249600,51721300
2024-01-26,3940,3990,3930,3980,65272600,200,8758500,46974000,50327000
2024-01-29,4000,4010,3970,4010,59150000,6300,372900,39903000,46047800
2024-01-30,4000,4020,3980,4000,66911800,3167500,2666300,49223000,59404100
2024-01-31,4000,4020,3960,3960,100403700,65700,31500,50880700,87253100
2024-02-01,3970,4050,3970,4040,105949200,424500,605700,37298100,86624800
2024-02-02,4030,4030,3930,3990,96180000,280700,982000,47622300,61549800
2024-02-05,4010,4010,3970,3980,57789500,97600,171600,25759500,42611700
2024-02-06,3970,4000,3970,3980,65167500,80800,320000,38421600,51365600
2024-02-07,4010,4020,3980,3980,53289800,292600,74400,13129700,39410200
2024-02-12,4000,4020,3970,4000,85763200,8900,779000,45786400,71415700
2024-02-13,4010,4010,3980,3980,52020300,544000,20800,19231200,35523000
2024-02-15,4040,4080,3980,4030,129347900,756100,29500,48538300,99423800
2024-02-16,4050,4160,4050,4160,244064200,6500,1992300,115632900,207432100
2024-02-19,4130,4170,4130,4160,82867500,4627500,403500,37779600,69850700
2024-02-20,4200,4210,4160,4210,267636700,38000,4647200,132412300,243883600
2024-02-21,4190,4240,4070,4180,155214200,100,11389200,82471900,75486600
2024-02-22,4130,4150,4070,4090,93555100,2716800,934100,50360000,37659300
2024-02-23,4070,4100,4040,4100,87665800,8500,9314800,43493900,12428800
2024-02-26,4060,4100,4050,4090,75619200,2342000,134800,58310000,45901500
2024-02-27,4050,4060,3990,3990,119637000,675000,296900,103422100,47691300
2024-02-28,3980,4020,3950,3990,87252900,10100,125900,60722400,53058900
2024-02-29,4020,4040,3950,4000,157436600,103400,624900,122350400,124130900
2024-03-01,3950,3990,3860,3920,139582000,393300,482800,51878500,43855900
2024-03-04,3960,3960,3900,3940,81580800,3100,1005800,34471800,53903000
2024-03-05,3880,3900,3860,3870,100671500,463200,56900,75074200,46888300
2024-03-06,3870,3920,3860,3900,83251500,193300,1403600,56957600,66208500
2024-03-07,3900,3930,3900,3900,86888100,975500,341500,63911100,54362000
2024-03-08,3900,3910,3840,3860,101556500,742300,234200,49393300,61980600
2024-03-13,3910,3910,3890,3900,106191400,58500,49600,66460200,87982700
2024-03-14,3930,3980,3920,3960,122570700,27300,864400,74454000,94916000
2024-03-15,4000,4000,3900,3970,184885900,7800,1362500,152075500,137732100
2024-03-18,3960,3970,3920,3920,57508300,2400600,3000,27937700,33357000
2024-03-19,3980,3980,3940,3940,51629700,331400,30000,34667900,41324800
2024-03-20,3910,3940,3910,3930,84777400,1093700,6000,59395100,60127100
2024-03-21,3930,3960,3890,3890,81520900,3621000,80000,39544500,54883500
2024-03-22,3900,3920,3890,3900,78917300,1500,62500,31422100,58276800
2024-03-25,3890,3890,3700,3730,313394400,391300,936800,134686900,31847200
2024-03-26,3680,3680,3610,3620,354086400,11227200,168700,238215400,103038100
2024-03-27,3610,3630,3490,3490,496202800,10092200,10900,351143200,99086400
2024-03-28,3470,3520,3430,3470,258985200,814400,2024700,178675000,68660800
2024-04-01,3480,3520,3420,3510,248116300,375700,984600,165754800,112576100
2024-04-02,3460,3500,3410,3490,233017700,377100,1921600,152626700,96508600
2024-04-03,3450,3490,3420,3420,150265700,1229400,111800,103456400,62290100
2024-04-04,3410,3460,3410,3450,207494500,4329300,1133700,161785300,115517800
2024-04-05,3440,3450,3420,3430,116051700,2019000,7998400,91735400,62879900
2024-04-16,3260,3280,3150,3220,490658200,4842800,4234400,413972200,241247200
2024-04-17,3220,3240,3200,3200,187876400,2290000,9100,148945000,86073600
2024-04-18,3190,3310,3110,3250,337490100,187300,2393400,207213300,121709100
2024-04-19,3230,3230,3130,3150,149997000,1464900,298700,69801800,71688800
2024-04-22,3150,3200,3130,3170,140971800,690100,1747400,96792300,65340600
2024-04-23,3180,3190,3080,3100,312618900,1058900,122900,225977400,126532800
2024-04-24,3100,3110,3040,3040,327330800,4161600,4097800,236928500,179178800
2024-04-25,3010,3060,2990,3040,369525200,368300,434000,259006700,213778100
2024-04-26,2980,3060,2960,3030,442527900,164800,4326300,332737200,248026600
2024-04-29,3030,3090,3010,3080,172773600,1314300,245200,109868000,102847200
2024-04-30,3120,3200,3110,3170,273121800,993600,167900,153849900,136300700
2024-05-02,3170,3200,3120,3120,157637100,2971200,19000,109341300,91859100
2024-05-03,3180,3180,3120,3160,128042600,27400,2773000,85983800,42843500
2024-05-06,3180,3200,3040,3050,221330900,2501200,144600,185757300,74116400
2024-05-07,3070,3110,3060,3090,124914600,368800,582500,62200400,82533300
2024-05-08,3130,3150,3050,3080,120622600,528300,2138500,80354300,82957500
2024-05-13,3070,3100,3040,3090,133048300,87400,969700,99398000,91079900
2024-05-14,3100,3120,3080,3120,104126800,31700,580000,55957900,74148200
2024-05-15,3120,3130,3070,3100,149143600,15700,4364400,67972300,83758300
2024-05-16,2960,3050,2960,3010,196239200,3062200,322700,102356700,95862300
2024-05-17,3050,3050,2980,2990,120345300,2443600,89000,77651100,31567600
2024-05-20,2950,3000,2950,2990,215877500,375200,1037600,114208500,150559100
2024-05-21,2990,2990,2920,2950,139648400,285100,906800,100644100,75507200
2024-05-22,2980,2980,2910,2940,145109200,80600,2470700,91902900,93480300
2024-05-27,2900,2920,2780,2810,246979600,57200,350900,156525800,132522500
2024-05-28,2810,2880,2810,2860,113093300,121700,593500,65929100,56096300
2024-05-29,2850,2860,2810,2810,148952900,8869400,58800,119310600,93536500
2024-05-30,2810,2870,2720,2810,253471800,1244700,8939100,155907900,169625600
2024-05-31,2840,2920,2810,2900,411324600,52200,88600,343457600,270392400
2024-06-03,2930,2970,2900,2930,124570400,1021400,430300,94878700,66013400
2024-06-04,2980,3060,2940,3000,130203100,4133600,200,45865400,78785100
2024-06-05,3000,3080,3000,3060,148854900,36400,748000,79784600,110028400
2024-06-06,3100,3100,3030,3050,107996900,670400,806600,88792400,61436200
2024-06-07,3050,3090,3050,3050,67191100,124200,1102100,39715100,44930700
2024-06-10,3050,3050,2980,3010,66983900,126100,65700,46743700,40342500
2024-06-11,2960,2980,2880,2880,172688100,948100,83300,147598500,112094000
2024-06-12,2890,2970,2890,2920,91584500,95400,225900,59967100,60500800
2024-06-13,2940,2940,2830,2840,95740000,2144500,1368400,81372000,57885700
2024-06-14,2820,2830,2700,2720,202750500,1618000,6800,177244700,127274100
2024-06-19,2780,2850,2760,2830,128843500,119600,400000,84313400,103582800
2024-06-20,2850,2850,2800,2840,55434800,7500,710700,38940000,40149700
2024-06-21,2850,2960,2840,2950,185006000,22400,9912400,132010400,151372700
2024-06-24,2930,2980,2910,2950,111618800,202500,50900,83995500,94099300
2024-06-25,2950,2990,2930,2990,89913400,100,78500,71552500,76981200
2024-06-26,2990,3020,2980,3000,73994000,600,859200,54862700,54749900
2024-06-27,3030,3030,2990,3030,70154600,887200,2321900,39920000,59741300
2024-06-28,3030,3140,3030,3130,213539300,105900,488700,114501800,176782500
2024-07-01,3130,3130,3080,3090,134082800,1300,348100,103248900,107988800
2024-07-02,3070,3090,3030,3040,79024200,363300,76800,50485600,54526300
2024-07-03,3040,3050,3020,3030,51977100,1339400,142600,40968900,37718100
2024-07-04,3000,3050,2960,2960,93100500,4307200,16900,61987900,35505400
2024-07-05,2970,3020,2960,3020,69339200,78300,893900,33031800,52308200
2024-07-08,3040,3090,3000,3080,125004600,618200,310800,82457500,86883800
2024-07-09,3050,3120,3040,3080,118245600,35200,136900,80231800,86805700
2024-07-10,3090,3180,3090,3160,120007400,271400,1501300,45522000,78805200
2024-07-11,3200,3200,3160,3180,126531900,355600,161000,57678800,102177700
2024-07-12,3230,3270,3210,3220,135830300,389100,49600,88388800,121955100
2024-07-15,3220,3220,3130,3160,100918500,66600,832700,30648800,62602300
2024-07-16,3180,3180,3090,3100,78769700,709700,43200,31802700,45843000
2024-07-17,3190,3270,3160,3250,167149300,134600,1556300,62500100,138510800
2024-07-18,3260,3280,3190,3210,98903500,1355900,5080300,53698100,59393600
2024-07-19,3200,3210,3120,3140,138117200,217200,300400,95064900,66719800
2024-07-22,3180,3210,3090,3100,139383000,7117100,100300,73950900,65572100
2024-07-23,3140,3160,3100,3160,74338000,2500,1035000,35584100,61675800
2024-07-24,3140,3150,3040,3060,98752100,335400,1191600,56588300,22007500
2024-07-25,3080,3090,3030,3090,67060000,53200,177800,40654600,41643400
2024-07-26,3110,3110,3060,3100,94900300,259200,655300,60347600,84572700
2024-07-29,3090,3120,3040,3050,90885600,2071200,648000,36158200,47593600
2024-07-30,3000,3000,2880,2880,322026200,3396600,300000,206189100,163120800
2024-07-31,2880,2920,2840,2880,207440800,273000,1618100,158711000,145566800
2024-08-01,2890,2930,2880,2880,121021800,3464000,93600,70396900,80786900
2024-08-02,2880,2880,2820,2850,106256400,1669300,1183200,64471600,51323100
2024-08-05,2820,2830,2760,2790,105246400,2016600,43000,48368800,54398500
2024-08-06,2800,2840,2790,2790,98524200,315100,30700,73165900,57168900
2024-08-07,2800,2840,2790,2820,77320200,842600,323400,44369600,52082900
2024-08-08,2800,2880,2800,2850,99533000,244100,675100,51562900,62897200
2024-08-09,2860,2880,2830,2830,80800300,2840600,600,59099600,40889100
2024-08-12,2850,2910,2840,2870,62746600,172200,212500,20482100,31766100
2024-08-13,2900,2900,2840,2850,82063600,476600,525300,48958700,36068400
2024-08-14,2850,2890,2850,2860,70188800,4475600,480200,25252100,39340400
2024-08-15,2870,2880,2820,2870,79724100,45600,117600,16787100,44123700
2024-08-16,2910,2990,2900,2960,207060000,240700,3429000,70197400,122166300
2024-08-19,2960,2970,2910,2930,68692700,410000,987000,44636900,23027700
2024-08-20,2990,3000,2960,2980,100434600,1242500,549100,33238800,56731300
2024-08-21,2980,3010,2960,2970,111842200,551900,895400,51735500,52768100
2024-08-22,2940,2970,2920,2920,90336300,2413300,18700,27217400,41026000
2024-08-23,2970,3010,2950,2950,86092500,4722600,413400,21239600,25638100
2024-08-26,2940,2990,2930,2980,88941900,89600,2823200,27060000,36323600
2024-08-27,2990,3000,2950,2990,71223800,565900,4117600,29606900,32819000
2024-08-28,3000,3000,2960,2980,68736300,422600,613600,33390300,25994300
2024-08-29,2980,3080,2980,3030,160714800,430000,246400,38289000,84087500
2024-08-30,3030,3070,3010,3060,195809000,3261900,1892200,135146500,135986500
2024-09-02,3090,3150,3080,3140,118928500,816100,5300,28642300,73164400
2024-09-03,3140,3150,3080,3080,82172000,1658600,586400,55047200,45706600
2024-09-04,3060,3100,3040,3080,81041700,385400,56800,50199200,61522500
2024-09-05,3080,3090,3020,3020,78989400,4302100,3700,46649400,21575100
2024-09-06,3010,3050,3010,3040,82391200,1319800,2097300,22532500,56718300
2024-09-09,3050,3080,3000,3030,69264400,706100,976700,40604000,36970600
2024-09-10,3060,3060,3020,3030,46436100,632300,141900,23962400,23466900
2024-09-11,3030,3050,3020,3040,62899600,65200,2302600,31751000,33883100
2024-09-12,3060,3070,3050,3050,85785000,249200,118700,39660800,59496900
2024-09-13,3080,3120,3070,3110,125032200,138900,2868000,37487700,88399600
2024-09-17,3120,3130,3080,3090,56181000,152400,247700,28001300,30797900
2024-09-18,3120,3130,3100,3120,87120700,296800,2410400,39421900,70946900
2024-09-19,3140,3150,3120,3140,130418300,649800,6952600,60704900,112873300
2024-09-20,3150,3170,3120,3150,152477400,200800,143800,97751500,127723600
2024-09-23,3150,3180,3130,3170,82274400,55800,4540600,49006000,52376700
2024-09-24,3180,3180,3150,3160,92256900,37700,668500,49077700,77695300
2024-09-25,3100,3190,3060,3190,215241700,100,7431000,98130000,125865100
2024-09-26,3170,3180,3120,3170,120042500,3100,2505000,72095800,65333800
2024-09-27,3130,3140,3010,3050,291217300,518600,80400,164066700,150625000
2024-09-30,3030,3030,2990,2990,150844800,1076500,387100,81781900,84965300
2024-10-01,2990,3040,2990,3020,77208500,275300,601600,32950100,50702300
2024-10-02,2950,2980,2920,2920,124629400,1856000,10100,77618100,34724500
2024-10-03,2950,2950,2890,2890,92510900,1138100,3800,55026600,27945000
2024-10-04,2900,2930,2860,2880,76757200,416400,10600,47233700,34558200
2024-10-07,2910,2910,2870,2900,84507100,249100,402300,68693200,52941100
2024-10-08,2890,2990,2870,2990,135357200,174100,312000,79168200,84614600
2024-10-09,2980,3010,2960,2960,69435900,4642700,52900,36134900,39432200
2024-10-10,2960,2980,2940,2950,57867000,1173700,979000,39089700,36075600
2024-10-11,3000,3000,2920,2940,40454300,531500,1730300,17691100,15560000
2024-10-14,2930,2970,2900,2900,66631500,2439100,700,46369200,35230100
2024-10-15,2920,2970,2910,2940,74529600,198800,1051300,32326100,44945700
2024-10-16,2970,3000,2930,3000,163988000,10800,124500,98707200,148234900
2024-10-17,3000,3060,2980,3040,107040100,2924300,1607600,46107600,81897300
2024-10-18,3050,3130,3040,3100,138783600,148300,3346000,52340400,106548100
2024-10-21,3100,3130,3060,3100,92240300,2200,1272200,53686100,71702000
2024-10-22,3060,3070,3010,3010,93662500,2732500,500,77862300,52214800
2024-10-23,2940,2980,2930,2940,99423700,3762800,312000,76628500,22877600
2024-10-24,2940,2960,2900,2900,72559000,13050100,27800,57710900,11761900
2024-10-25,2900,2950,2900,2910,50694200,2036900,148100,25757100,10997500
2024-10-28,2920,2940,2900,2920,38720700,389500,1149800,16475500,10907100
2024-10-29,2910,2930,2880,2900,67727500,1784100,290100,44071500,28589800
2024-10-30,2880,2900,2850,2900,123573100,114700,75900,85157600,73875700
2024-10-31,2860,2870,2820,2820,139590300,1026600,384900,70771500,58663300
2024-11-01,2820,2840,2760,2780,99364500,919100,324100,61636700,34984900
2024-11-04,2780,2810,2750,2800,63112300,415000,218000,40423000,23525200
2024-11-05,2800,2810,2730,2770,96721100,379300,1607800,56362000,36416300
2024-11-06,2780,2800,2740,2740,66808900,1269700,8400,39220600,28466100
2024-11-07,2760,2790,2740,2760,79485800,7068100,861900,55699900,55947000
2024-11-08,2760,2780,2750,2750,66130900,1705300,700,53870600,36208000
2024-11-11,2720,2730,2650,2690,108153500,651100,1042900,75384300,49560500
2024-11-12,2660,2670,2600,2600,215910600,4098700,200900,175853500,94831900
2024-11-13,2610,2630,2570,2580,142812600,3345400,8039200,99143700,73994300
2024-11-14,2550,2590,2530,2530,185269500,4780500,115300,145072200,112086200
2024-11-15,2500,2580,2500,2540,103680400,1506700,896000,75350300,65736000
2024-11-18,2540,2610,2520,2590,121824700,361900,601800,68817300,29573400
2024-11-19,2610,2850,2590,2780,276011800,35600,200,127128100,144710300
2024-11-20,2740,2750,2640,2680,150242900,2874600,30500,97390200,51379300
2024-11-21,2680,2810,2680,2770,128294600,230600,2341400,48514500,74788700
2024-11-22,2750,2790,2720,2750,135265300,40400,1738200,92085800,95986100
2024-11-25,2740,2780,2720,2740,358617100,2473300,33500,307117700,277893400
2024-11-26,2770,2800,2680,2710,106721000,23200,6583300,58612600,41241700
2024-11-28,2680,2750,2680,2720,102808400,377400,3646300,61506000,59217600
2024-11-29,2700,2760,2700,2710,103162000,1130400,187000,76203400,73741500
2024-12-02,2720,2730,2680,2680,66025900,1761300,56400,33667100,37822200
2024-12-03,2760,2830,2710,2820,167603900,555200,5097700,81233500,123333300
2024-12-04,2820,2850,2800,2840,83412800,133600,3875400,48742700,40839600
2024-12-05,2840,2840,2730,2770,96025400,25100,1425300,53657100,40319900
2024-12-06,2740,2780,2740,2760,48179800,1745700,965500,34470900,29241800
2024-12-09,2760,2770,2730,2740,63671900,3450800,110200,46942500,21901500
2024-12-10,2770,2830,2750,2770,124138200,3502100,3137500,82011100,95322500
2024-12-11,2770,2880,2770,2860,140611400,189900,1342500,47050200,100199500
2024-12-12,2830,2850,2780,2820,66977700,14700,1185400,33858300,30430300
2024-12-13,2770,2790,2750,2790,77540100,21900,364700,51256800,37681300
2024-12-16,2760,2760,2650,2660,147655600,1417300,54700,115377500,54914100
2024-12-17,2630,2650,2600,2620,113785500,750300,1512200,83076500,69298000
2024-12-18,2620,2660,2570,2570,79565300,2282600,45800,55851100,33283500
2024-12-19,2510,2560,2500,2530,123504200,225300,19000,80783700,73390100
2024-12-20,2530,2570,2520,2550,110308800,52500,3416900,79386500,76001400
2024-12-23,2580,2670,2580,2650,72113700,244200,1377100,36958500,42410900
2024-12-24,2680,2750,2620,2740,117582400,7000,2586200,65799800,81719000
2024-12-27,2770,2800,2710,2750,92727600,18400,698000,49643200,66257800
2024-12-30,2720,2760,2700,2710,74279200,911800,66000,41969900,42925000
2025-01-02,2710,2740,2680,2700,38776700,226400,27300,22260900,21129700
2025-01-03,2740,2770,2730,2750,49907500,396700,1990700,22260600,39294500
2025-01-06,2760,2770,2660,2690,54087800,13700,1399000,39918800,19653100
2025-01-07,2670,2680,2570,2570,109758000,4535100,600,82960100,54019600
2025-01-08,2590,2700,2590,2650,100688500,13600,891100,49239800,63759800
2025-01-09,2690,2700,2620,2620,55206700,1747500,10500,21519200,47716300
2025-01-10,2640,2690,2630,2680,54496800,11500,628700,26065600,42433200
2025-01-13,2670,2740,2650,2670,90816500,583500,55000,43661600,83124500
2025-01-14,2670,2690,2610,2620,53116800,38300,431900,40017900,19456600
2025-01-15,2640,2670,2620,2630,52867900,2124900,138300,26569900,29035600
2025-01-16,2660,2660,2590,2590,118890200,1899300,20200,86186700,55972900
2025-01-17,2630,2680,2610,2660,107245400,999300,11000,42171500,89331900
2025-01-20,2670,2690,2610,2610,49752300,1217000,9600,27023700,25087100
2025-01-21,2630,2660,2600,2630,86549000,1094800,4700,43867800,60182800
2025-01-22,2680,2750,2650,2730,128617700,1186500,1458000,31676600,87799900
2025-01-23,2730,2750,2710,2710,63216100,1330700,5000,41588700,38941400
2025-01-24,2740,2750,2690,2690,49844700,2370900,65000,35910700,36743500
2025-01-30,2690,2710,2610,2640,89736900,16900,426900,60560000,60894300
2025-01-31,2660,2710,2660,2660,83736900,508900,253000,64267700,71328200
2025-02-03,2620,2630,2560,2630,91801900,7100,1655300,64081100,48237500
2025-02-04,2640,2660,2590,2640,95311100,600,1619000,60546200,65646500
2025-02-05,2600,2640,2590,2620,110400300,2500,1143800,74786000,78952300
2025-02-06,2630,2630,2520,2560,90471900,68600,30100,61755100,35485600
2025-02-07,2550,2590,2510,2590,105020200,100,2619800,81499000,70053300
2025-02-10,2520,2550,2440,2440,153328500,1518800,24900,105913400,48801800
2025-02-11,2430,2450,2300,2320,254907800,723700,465400,190630100,139973100
2025-02-12,2360,2480,2350,2480,173407600,105800,1865900,95998400,136237200
2025-02-13,2370,2420,2310,2420,219425500,242200,3650900,162515300,99631200
2025-02-14,2460,2530,2440,2530,156474300,3300,1858400,75094500,133464200
2025-02-17,2570,2650,2530,2650,113998200,644100,1866500,36656400,98529000
2025-02-18,2660,2710,2630,2680,115881200,1200,1368300,64962600,99062100
2025-02-19,2680,2690,2600,2670,119388200,700,32100,60928500,104597100
2025-02-20,2650,2680,2620,2670,90411700,16900,928500,66428100,69568300
2025-02-21,2670,2680,2630,2650,75110600,2730800,73200,63921300,65168200
2025-02-24,2630,2640,2570,2600,42327600,98800,369200,25061500,26137600
2025-02-25,2560,2580,2460,2460,111687700,381000,27700,99752500,64137800
2025-02-26,2500,2520,2460,2520,65752000,589000,518700,42781700,45295000
2025-02-27,2520,2560,2430,2490,88741400,520600,3000,65235900,62486300
2025-02-28,2470,2470,2350,2350,249795300,632300,867500,208840800,201586100
2025-03-03,2400,2420,2370,2400,178833400,190000,225900,139512300,109982900
2025-03-04,2400,2440,2350,2380,131347800,655500,1470000,86105100,106213900
2025-03-05,2420,2470,2410,2450,167407400,2328400,105500,122493900,133058600
2025-03-06,2490,2510,2400,2400,131136100,1695400,192800,97291500,73631500
2025-03-07,2430,2470,2350,2410,182407000,730100,112800,107652300,138836400
2025-03-10,2430,2430,2370,2390,88949400,451500,72400,68997400,66150900
2025-03-11,2380,2390,2350,2370,102235600,286100,387100,91043100,68827300
2025-03-12,2410,2490,2400,2450,98938700,749900,399700,45557000,73760700
2025-03-13,2470,2490,2420,2430,66706500,2584100,220900,52678400,39888800
2025-03-14,2450,2480,2410,2420,107627100,2141800,43000,84800900,66697600
2025-03-17,2420,2450,2410,2420,58129400,519500,3700,42703100,30584000
2025-03-18,2450,2470,2300,2420,139758600,83200,2589800,90593400,100740000
2025-03-19,2420,2440,2380,2430,96825800,75700,31800,80346000,69795000
2025-03-20,2440,2440,2350,2390,94823100,1116900,814100,69663500,48283500
2025-03-21,2370,2380,2300,2310,204534000,113400,255400,179965500,155093600
2025-03-24,2320,2360,2240,2330,105865000,1021000,83700,62526000,82206400
2025-03-25,2340,2360,2300,2340,107964200,563800,823600,82812500,63017900
2025-03-26,2360,2460,2350,2440,215856700,44500,5189100,142507900,147222500
2025-03-27,2430,2430,2390,2410,120411200,1649500,16400,92080500,95071100
2025-04-08,2050,2300,2050,2290,409973200,73100,272500,329831500,330116200
2025-04-09,2440,2440,2300,2320,120363300,1506900,2425200,66829300,100378500
2025-04-10,2450,2470,2320,2350,139327100,122100,550600,96246800,59503400
2025-04-11,2320,2350,2300,2330,60214100,2300,1030700,35991600,35527600
2025-04-14,2320,2430,2310,2430,116968600,51900,2048100,73124200,79275000
2025-04-15,2460,2470,2420,2450,99064500,4700,2678800,56396800,70929500
2025-04-16,2490,2510,2450,2480,121856100,1124200,1162400,74431100,96113100
2025-04-17,2500,2660,2490,2550,195577900,8900,212200,82132200,147073000
2025-04-21,2600,2610,2510,2570,84209300,31100,724700,55206600,33592300
2025-04-22,2570,2570,2520,2550,44958000,1245000,822700,29455900,26845300
2025-04-23,2580,2640,2570,2630,128704200,1031000,93400,85393600,92774400
2025-04-24,2630,2650,2600,2630,75733400,124200,1359800,34870500,39934400
2025-04-25,2630,2650,2570,2600,93439600,616500,235500,50676000,48428300
2025-04-28,2600,2610,2560,2560,51086400,2777100,12100,37633100,14368100
2025-04-29,2570,2600,2560,2590,56546100,69700,2948500,34700400,40347800
2025-04-30,2600,2640,2600,2640,96333300,3300,4684400,39023000,81426100
2025-05-02,2640,2720,2620,2680,132357600,366100,1995500,77635900,94792100
2025-05-05,2710,2710,2670,2700,85592500,45400,610400,54630600,60803900
2025-05-06,2720,2730,2680,2680,76948300,4766500,1503600,53234100,42536200
2025-05-07,2680,2690,2620,2620,100293700,7928700,60500,66079700,41952100
2025-05-08,2630,2640,2570,2570,122965300,444600,64000,104650200,73751000
2025-05-09,2570,2630,2570,2600,59433500,945100,620400,43070200,33800500
2025-05-14,2530,2620,2530,2590,132760900,2604000,49600,103686300,59590900
2025-05-15,2580,2690,2580,2660,120039700,9996800,40000,53817000,54390700
2025-05-16,2710,2750,2680,2740,101569600,66100,4717000,36175700,63056800
2025-05-19,2760,2860,2740,2820,164194700,239400,10400,80034500,78391400
2025-05-20,2830,2840,2740,2740,129805200,1987300,20100,76625600,62987300
2025-05-21,2710,2780,2690,2750,120242100,485300,16000,73046800,73035400
2025-05-22,2750,2850,2750,2800,131277300,1386500,145600,75859300,82535400
2025-05-23,2710,2720,2690,2690,241752700,1554400,36800,101295300,58365700
2025-05-26,2720,2820,2700,2800,186806300,5717800,654000,52661500,137194400
2025-05-27,2840,2880,2790,2830,279180500,1099300,1102800,98699700,123955200
2025-05-28,2860,2870,2800,2820,531309500,15545800,905000,226843700,342243800
2025-06-02,2780,2820,2750,2780,211393400,118800,526500,131736500,100565600
2025-06-03,2780,2830,2730,2800,142896600,15300,594200,74974600,87183900
2025-06-04,2810,2860,2810,2820,125006700,554000,804800,80626900,91567900
2025-06-05,2850,2850,2820,2840,95008500,1204200,3986000,57154500,60607700
2025-06-10,2920,2920,2880,2910,213564000,4744400,6281100,67892200,124602300
2025-06-11,2750,2810,2730,2800,200609800,28300,1556700,42921600,123726800
2025-06-12,2830,2830,2750,2780,97099100,8800,1320000,57518600,70997800
2025-06-13,2770,2770,2720,2740,81111300,364000,136300,38857400,52836600
2025-06-16,2740,2770,2730,2740,46641000,6285800,558300,18394700,36079600
2025-06-17,2800,2800,2760,2760,59643500,4432900,523800,32585400,52555700
2025-06-18,2770,2800,2760,2770,70757600,22188300,2847300,39832900,61892500
2025-06-19,2740,2780,2630,2690,98911200,68200,274700,52742000,62461300
2025-06-20,2700,2710,2640,2640,243027500,12864700,500,225103400,200063000
2025-06-23,2610,2610,2560,2580,73554200,1671300,94100,51381100,40530100
2025-06-24,2600,2670,2580,2590,107300200,67700,29600,90635000,57799100
2025-06-25,2650,2650,2560,2620,79958900,52200,884700,63161100,62263700
2025-06-26,2620,2710,2590,2710,132868200,1062900,1105600,83249400,114951700
2025-06-30,2780,2790,2730,2780,124299500,4653900,1907400,83510000,110938500
2025-07-01,2800,2810,2760,2810,73029400,22400,949500,35024600,56376500
2025-07-02,2820,2820,2730,2780,92321600,2800,230700,52040600,78907200
2025-07-03,2780,2810,2690,2710,69094400,423900,256100,40909100,44441900
2025-07-04,2710,2720,2620,2630,53587300,189700,42300,29202000,12593900
2025-07-07,2630,2700,2610,2700,33446600,269000,1714100,12316600,19622100
2025-07-08,2680,2700,2640,2650,45926000,865800,19400,26197000,27869800
2025-07-09,2650,2680,2640,2670,44897100,458500,6178700,18868900,34554500
2025-07-10,2690,2710,2650,2690,41108700,36500,551900,16898500,29697600
2025-07-11,2710,2730,2690,2730,47851300,700,2934100,23165400,38303300
2025-07-14,2700,2710,2640,2690,60458400,200,995300,32352100,32092200
2025-07-15,2690,2690,2640,2640,35309100,1049900,27000,24847200,13339800
2025-07-16,2660,2680,2650,2650,43385900,2109200,639500,31228400,22281300
2025-07-17,2700,2770,2660,2770,102642100,7500,557200,29346400,80701600
2025-07-18,2800,2800,2750,2770,83762800,779400,1333300,22334300,66954900
2025-07-21,2800,2800,2750,2800,52553200,258700,4513600,21219200,45236500
2025-07-22,2800,2850,2800,2850,108243300,70600,2234900,30489600,75241300
2025-07-23,2870,2870,2840,2850,86077600,131000,199800,62739800,76658800
2025-07-24,2860,2870,2800,2840,74224200,6500,1334800,40667400,56732800
2025-07-25,2810,2830,2780,2820,41296200,2000,7200,24677400,30727400
2025-07-28,2870,2870,2830,2860,40193800,972900,3678200,18255000,32650400
2025-07-29,2870,2880,2840,2880,46357400,10100,555600,26754100,32462600
2025-07-30,2890,2890,2850,2880,99062400,6101000,3268600,73068400,90746800
2025-07-31,2890,2930,2860,2880,201065700,51679700,100,148509700,184098500
2025-08-01,2960,2990,2910,2980,130977000,2800,6069100,46215300,96577800
2025-08-04,3000,3030,2990,3030,96385300,413100,1800,40460600,66303300
2025-08-05,3050,3050,2990,3030,99396900,100,4918600,58048600,83386100
2025-08-06,3000,3010,2960,2990,86215200,5515200,710200,59033000,54367000
2025-08-07,2990,2990,2930,2950,46506200,5890200,70400,26023700,33155100
2025-08-08,2950,2960,2930,2940,46945800,11404100,281900,34391200,33471600
2025-08-11,2990,3010,2970,2990,74978300,71000,13800,54226500,66748800
2025-08-12,3050,3200,3010,3180,217607800,8500,87800,48168500,157840300
2025-08-13,3220,3420,3210,3360,465722400,1640800,2160100,127667800,342942900
2025-08-14,3370,3490,3370,3420,232557200,1022100,97300,82874300,187835200
2025-08-15,3360,3410,3310,3310,182893900,3200,527200,92454400,145106500
2025-08-19,3260,3330,3240,3250,164921000,702100,72700,139115500,121123800
2025-08-20,3220,3290,3220,3220,80084600,463200,198500,54009000,57227200
2025-08-21,3210,3270,3210,3250,63861900,67400,185200,40546300,39813900
2025-08-22,3270,3290,3220,3240,61351700,100,957900,38088000,42660400
2025-08-25,3280,3350,3250,3310,93221500,25321900,1365100,59765200,59356400
2025-08-26,3310,3320,3230,3260,227364800,1056000,34900,206181000,200302500
2025-08-27,3200,3250,3100,3170,118158900,343300,230200,85333900,69573900
2025-08-28,3160,3220,3150,3180,55940600,255700,57100,39832200,36046600
2025-08-29,3180,3210,3100,3130,72585500,105000,186900,43896200,53026400
