Trading Date,Open,High,Low,Close,Adj Close,Volume
2019-01-01 00:00:00+07:00,8225,8225,8225,8225,5386,0
2019-01-02 00:00:00+07:00,8200,8275,8125,8200,5370,14014100
2019-01-03 00:00:00+07:00,8100,8400,8100,8375,5484,25148400
2019-01-04 00:00:00+07:00,8400,8450,8200,8350,5468,32475900
2019-01-07 00:00:00+07:00,8450,8475,8150,8150,5337,32649700
2019-01-08 00:00:00+07:00,8150,8225,8125,8175,5353,29130800
2019-01-09 00:00:00+07:00,8225,8275,8150,8200,5370,42977800
2019-01-10 00:00:00+07:00,8175,8200,7950,8200,5370,76803900
2019-01-11 00:00:00+07:00,8300,8300,8225,8300,5435,32212200
2019-01-14 00:00:00+07:00,8225,8225,8050,8150,5337,40449800
2019-01-15 00:00:00+07:00,8150,8150,8050,8150,5337,56524700
2019-01-16 00:00:00+07:00,8175,8250,8125,8250,5403,33593600
2019-01-17 00:00:00+07:00,8250,8325,8200,8275,5419,38888100
2019-01-18 00:00:00+07:00,8300,8475,8275,8475,5550,45180500
2019-01-21 00:00:00+07:00,8475,8550,8300,8325,5452,39949600
2019-01-22 00:00:00+07:00,8375,8375,8150,8200,5370,33129500
2019-01-23 00:00:00+07:00,8200,8275,8175,8175,5353,26554900
2019-01-24 00:00:00+07:00,8225,8450,8225,8425,5517,56764700
2019-01-25 00:00:00+07:00,8475,8475,8275,8425,5517,27967500
2019-01-28 00:00:00+07:00,8450,8450,8275,8375,5484,25672700
2019-01-29 00:00:00+07:00,8375,8400,8275,8375,5484,34675500
2019-01-30 00:00:00+07:00,8275,8375,8225,8350,5468,40835000
2019-01-31 00:00:00+07:00,8375,8450,8325,8450,5534,49304900
2019-02-01 00:00:00+07:00,8475,8500,8350,8450,5534,23915300
2019-02-04 00:00:00+07:00,8450,8475,8175,8200,5370,27634200
2019-02-05 00:00:00+07:00,8200,8200,8200,8200,5370,0
2019-02-06 00:00:00+07:00,8275,8350,8225,8225,5386,28617900
2019-02-07 00:00:00+07:00,8225,8275,8150,8200,5370,27500100
2019-02-08 00:00:00+07:00,8150,8225,8100,8150,5337,36834100
2019-02-11 00:00:00+07:00,8125,8150,8000,8000,5239,34439900
2019-02-12 00:00:00+07:00,8000,8000,7650,7650,5010,84655500
2019-02-13 00:00:00+07:00,7700,7775,7550,7675,5026,60065900
2019-02-14 00:00:00+07:00,7775,7775,7550,7600,4977,37462300
2019-02-15 00:00:00+07:00,7650,7650,7525,7600,4977,51353000
2019-02-18 00:00:00+07:00,7725,7925,7700,7875,5157,39041200
2019-02-19 00:00:00+07:00,7800,7875,7725,7775,5092,24292900
2019-02-20 00:00:00+07:00,7850,7875,7625,7775,5092,46538800
2019-02-21 00:00:00+07:00,7700,7725,7650,7700,5042,41248700
2019-02-22 00:00:00+07:00,7650,7700,7575,7625,4993,32076500
2019-02-25 00:00:00+07:00,7625,7800,7575,7650,5010,34983600
2019-02-26 00:00:00+07:00,7625,7675,7600,7600,4977,29923400
2019-02-27 00:00:00+07:00,7650,7650,7525,7600,4977,38903200
2019-02-28 00:00:00+07:00,7550,7550,7150,7150,4682,119005400
2019-03-01 00:00:00+07:00,7250,7400,7225,7225,4731,56265500
2019-03-04 00:00:00+07:00,7200,7275,7150,7150,4682,31484700
2019-03-05 00:00:00+07:00,7125,7375,7025,7300,4780,60708500
2019-03-06 00:00:00+07:00,7400,7400,7275,7325,4797,35643300
2019-03-07 00:00:00+07:00,7325,7325,7325,7325,4797,0
2019-03-08 00:00:00+07:00,7200,7225,7150,7150,4682,86989800
2019-03-11 00:00:00+07:00,7300,7300,7175,7225,4731,33829300
2019-03-12 00:00:00+07:00,7250,7350,7175,7175,4699,36724200
2019-03-13 00:00:00+07:00,7100,7150,7100,7125,4666,35882400
2019-03-14 00:00:00+07:00,7125,7250,7125,7200,4715,29057900
2019-03-15 00:00:00+07:00,7200,7375,7200,7325,4797,39356200
2019-03-18 00:00:00+07:00,7300,7375,7275,7325,4797,32558100
2019-03-19 00:00:00+07:00,7300,7325,7225,7275,4764,40585700
2019-03-20 00:00:00+07:00,7300,7350,7225,7275,4764,30377700
2019-03-21 00:00:00+07:00,7300,7325,7225,7250,4748,31066900
2019-03-22 00:00:00+07:00,7275,7300,7225,7225,4731,13387300
2019-03-25 00:00:00+07:00,7175,7175,7000,7050,4617,51758500
2019-03-26 00:00:00+07:00,7100,7175,7075,7100,4650,23711700
2019-03-27 00:00:00+07:00,7175,7200,7100,7175,4699,12546100
2019-03-28 00:00:00+07:00,7150,7150,7050,7100,4650,17584700
2019-03-29 00:00:00+07:00,7100,7300,7100,7300,4780,30122900
2019-04-01 00:00:00+07:00,7375,7400,7275,7350,4813,13152600
2019-04-02 00:00:00+07:00,7325,7450,7300,7425,4862,28647700
2019-04-03 00:00:00+07:00,7425,7425,7425,7425,4862,0
2019-04-04 00:00:00+07:00,7500,7625,7500,7550,4944,38598100
2019-04-05 00:00:00+07:00,7575,7650,7500,7650,5010,21303800
2019-04-08 00:00:00+07:00,7600,7625,7375,7525,4928,23973800
2019-04-09 00:00:00+07:00,7475,7700,7475,7675,5026,31230600
2019-04-10 00:00:00+07:00,7725,7725,7625,7650,5010,18506200
2019-04-11 00:00:00+07:00,7675,7675,7475,7525,4928,17082800
2019-04-12 00:00:00+07:00,7450,7575,7450,7525,4928,12332300
2019-04-15 00:00:00+07:00,7575,7625,7475,7600,4977,30002000
2019-04-16 00:00:00+07:00,7550,7800,7550,7750,5075,37600500
2019-04-17 00:00:00+07:00,7750,7750,7750,7750,5075,0
2019-04-18 00:00:00+07:00,7925,8025,7775,7850,5141,88459900
2019-04-19 00:00:00+07:00,7850,7850,7850,7850,5141,0
2019-04-22 00:00:00+07:00,7850,7850,7500,7525,4928,33999600
2019-04-23 00:00:00+07:00,7625,7675,7550,7650,5010,30486900
2019-04-24 00:00:00+07:00,7625,7675,7600,7650,5010,22044600
2019-04-25 00:00:00+07:00,7550,7600,7400,7550,4944,34998300
2019-04-26 00:00:00+07:00,7475,7650,7475,7650,5010,31531100
2019-04-29 00:00:00+07:00,7525,7700,7500,7600,4977,33169300
2019-04-30 00:00:00+07:00,7650,7675,7575,7625,4993,29569700
2019-05-01 00:00:00+07:00,7625,7625,7625,7625,4993,0
2019-05-02 00:00:00+07:00,7600,7675,7450,7475,4895,37010600
2019-05-03 00:00:00+07:00,7475,7500,7400,7425,4862,30801100
2019-05-06 00:00:00+07:00,7350,7450,7300,7425,4862,22291100
2019-05-07 00:00:00+07:00,7400,7550,7375,7525,5032,22700800
2019-05-08 00:00:00+07:00,7450,7475,7375,7400,4949,22454500
2019-05-09 00:00:00+07:00,7325,7350,7125,7150,4782,42585100
2019-05-10 00:00:00+07:00,7200,7225,7075,7175,4798,37086400
2019-05-13 00:00:00+07:00,7100,7150,6975,7025,4698,26992400
2019-05-14 00:00:00+07:00,6900,7050,6825,7000,4681,47782200
2019-05-15 00:00:00+07:00,7075,7075,6875,6950,4648,30786000
2019-05-16 00:00:00+07:00,6900,6950,6725,6775,4531,47245500
2019-05-17 00:00:00+07:00,6900,6925,6700,6700,4481,25102800
2019-05-20 00:00:00+07:00,6650,6925,6625,6900,4614,28865800
2019-05-21 00:00:00+07:00,6925,7050,6925,7000,4681,35020100
2019-05-22 00:00:00+07:00,7000,7025,6850,7000,4681,22967500
2019-05-23 00:00:00+07:00,7000,7125,6975,7100,4748,26460200
2019-05-24 00:00:00+07:00,7125,7200,7050,7175,4798,22372000
2019-05-27 00:00:00+07:00,7175,7225,7100,7125,4765,20859100
2019-05-28 00:00:00+07:00,7200,7200,7050,7075,4731,77066000
2019-05-29 00:00:00+07:00,7075,7275,7050,7200,4815,28805600
2019-05-30 00:00:00+07:00,7200,7200,7200,7200,4815,0
2019-05-31 00:00:00+07:00,7250,7450,7175,7450,4982,46478800
2019-06-03 00:00:00+07:00,7450,7450,7450,7450,4982,0
2019-06-04 00:00:00+07:00,7450,7450,7450,7450,4982,0
2019-06-05 00:00:00+07:00,7450,7450,7450,7450,4982,0
2019-06-06 00:00:00+07:00,7450,7450,7450,7450,4982,0
2019-06-07 00:00:00+07:00,7450,7450,7450,7450,4982,0
2019-06-10 00:00:00+07:00,7575,7700,7550,7675,5133,50332200
2019-06-11 00:00:00+07:00,7525,7675,7450,7625,5099,37387000
2019-06-12 00:00:00+07:00,7500,7575,7450,7500,5016,27570300
2019-06-13 00:00:00+07:00,7450,7525,7375,7500,5016,33860400
2019-06-14 00:00:00+07:00,7500,7575,7400,7425,4965,28282900
2019-06-17 00:00:00+07:00,7425,7450,7375,7375,4932,11239700
2019-06-18 00:00:00+07:00,7425,7500,7400,7500,5016,17393200
2019-06-20 00:00:00+07:00,7575,7625,7500,7600,5082,26961500
2019-06-21 00:00:00+07:00,7625,7625,7350,7450,4982,72597200
2019-06-24 00:00:00+07:00,7375,7450,7300,7350,4915,23779400
2019-06-25 00:00:00+07:00,7275,7400,7275,7350,4915,23606900
2019-06-26 00:00:00+07:00,7375,7375,7225,7250,4848,20215500
2019-06-27 00:00:00+07:00,7250,7425,7250,7375,4932,24916300
2019-06-28 00:00:00+07:00,7400,7475,7350,7450,4982,22286100
2019-07-01 00:00:00+07:00,7475,7500,7300,7375,4932,28466100
2019-07-02 00:00:00+07:00,7400,7400,7250,7300,4882,30466600
2019-07-03 00:00:00+07:00,7275,7350,7225,7275,4865,30525700
2019-07-04 00:00:00+07:00,7300,7300,7200,7250,4848,25196500
2019-07-05 00:00:00+07:00,7200,7250,7150,7150,4782,17084700
2019-07-08 00:00:00+07:00,7225,7325,7175,7300,4882,20878100
2019-07-09 00:00:00+07:00,7325,7325,7225,7275,4865,21689700
2019-07-10 00:00:00+07:00,7325,7450,7300,7450,4982,39466400
2019-07-11 00:00:00+07:00,7475,7525,7425,7525,5032,33821300
2019-07-12 00:00:00+07:00,7500,7500,7400,7450,4982,31711400
2019-07-15 00:00:00+07:00,7500,7500,7400,7425,4965,26628700
2019-07-16 00:00:00+07:00,7450,7475,7400,7450,4982,18188000
2019-07-17 00:00:00+07:00,7400,7400,7100,7100,4748,56668400
2019-07-18 00:00:00+07:00,7100,7200,7075,7150,4782,22334900
2019-07-19 00:00:00+07:00,7175,7200,7075,7100,4748,28008400
2019-07-22 00:00:00+07:00,7100,7150,7050,7100,4748,18040600
2019-07-23 00:00:00+07:00,7150,7200,7125,7150,4782,25156100
2019-07-24 00:00:00+07:00,7225,7250,7175,7175,4798,25597700
2019-07-25 00:00:00+07:00,7225,7300,7175,7300,4882,35643500
2019-07-26 00:00:00+07:00,7175,7175,7075,7075,4731,26627900
2019-07-29 00:00:00+07:00,7075,7175,7050,7175,4798,18841000
2019-07-30 00:00:00+07:00,7175,7275,7175,7275,4865,30765800
2019-07-31 00:00:00+07:00,7150,7200,7000,7000,4681,61515300
2019-08-01 00:00:00+07:00,7000,7075,6975,7025,4698,37270900
2019-08-02 00:00:00+07:00,6950,7100,6950,7075,4731,40942800
2019-08-05 00:00:00+07:00,6975,7025,6900,6925,4631,44819000
2019-08-06 00:00:00+07:00,6800,6900,6750,6750,4514,55429900
2019-08-07 00:00:00+07:00,6750,6850,6725,6725,4497,31631500
2019-08-08 00:00:00+07:00,6750,6950,6750,6900,4614,31521500
2019-08-09 00:00:00+07:00,6900,6950,6775,6775,4531,22712900
2019-08-12 00:00:00+07:00,6850,6850,6725,6750,4514,17186100
2019-08-13 00:00:00+07:00,6750,6750,6600,6675,4464,34123600
2019-08-14 00:00:00+07:00,6725,6750,6600,6675,4464,36012100
2019-08-15 00:00:00+07:00,6600,6625,6500,6525,4364,36960700
2019-08-16 00:00:00+07:00,6575,6600,6500,6500,4347,24416100
2019-08-19 00:00:00+07:00,6600,6600,6425,6425,4297,31718800
2019-08-20 00:00:00+07:00,6475,6500,6375,6425,4297,29465900
2019-08-21 00:00:00+07:00,6425,6500,6350,6350,4247,21306900
2019-08-22 00:00:00+07:00,6375,6400,6250,6325,4230,53070300
2019-08-23 00:00:00+07:00,6350,6575,6275,6575,4397,35340800
2019-08-26 00:00:00+07:00,6475,6650,6425,6575,4397,24275700
2019-08-27 00:00:00+07:00,6625,6625,6500,6525,4364,79684000
2019-08-28 00:00:00+07:00,6525,6575,6425,6450,4313,28499000
2019-08-29 00:00:00+07:00,6475,6500,6425,6425,4297,18028100
2019-08-30 00:00:00+07:00,6500,6750,6475,6675,4464,53158400
2019-09-02 00:00:00+07:00,6725,6725,6550,6550,4380,18009100
2019-09-03 00:00:00+07:00,6600,6600,6400,6475,4330,26812500
2019-09-04 00:00:00+07:00,6475,6500,6375,6500,4347,25562700
2019-09-05 00:00:00+07:00,6575,6700,6525,6700,4481,26551900
2019-09-06 00:00:00+07:00,6725,6750,6650,6750,4514,21425300
2019-09-09 00:00:00+07:00,6750,6750,6625,6650,4447,21619600
2019-09-10 00:00:00+07:00,6675,6725,6600,6675,4464,20241600
2019-09-11 00:00:00+07:00,6700,6925,6675,6925,4631,29449700
2019-09-12 00:00:00+07:00,6900,6925,6750,6750,4514,18842400
2019-09-13 00:00:00+07:00,6850,6875,6725,6750,4514,13398000
2019-09-16 00:00:00+07:00,6750,6775,6575,6700,4481,25529200
2019-09-17 00:00:00+07:00,6700,6725,6475,6475,4330,27745300
2019-09-18 00:00:00+07:00,6525,6700,6500,6700,4481,24627700
2019-09-19 00:00:00+07:00,6725,6725,6575,6600,4414,13478800
2019-09-20 00:00:00+07:00,6575,6600,6525,6575,4397,45888900
2019-09-23 00:00:00+07:00,6575,6625,6550,6625,4430,14044900
2019-09-24 00:00:00+07:00,6575,6625,6450,6475,4330,29738600
2019-09-25 00:00:00+07:00,6400,6500,6400,6500,4347,17781500
2019-09-26 00:00:00+07:00,6575,6700,6525,6700,4481,37979500
2019-09-27 00:00:00+07:00,6700,6700,6600,6650,4447,9831000
2019-09-30 00:00:00+07:00,6650,6675,6575,6600,4414,21089600
2019-10-01 00:00:00+07:00,6550,6625,6550,6550,4380,7452500
2019-10-02 00:00:00+07:00,6500,6550,6450,6450,4313,11128500
2019-10-03 00:00:00+07:00,6400,6500,6300,6475,4330,20769800
2019-10-04 00:00:00+07:00,6550,6550,6400,6425,4297,10680600
2019-10-07 00:00:00+07:00,6400,6450,6300,6325,4268,13250100
2019-10-08 00:00:00+07:00,6325,6400,6275,6350,4285,25385900
2019-10-09 00:00:00+07:00,6300,6350,6250,6275,4234,15376200
2019-10-10 00:00:00+07:00,6275,6350,6250,6275,4234,12172600
2019-10-11 00:00:00+07:00,6275,6475,6275,6475,4369,16181100
2019-10-14 00:00:00+07:00,6550,6600,6375,6425,4335,21236100
2019-10-15 00:00:00+07:00,6400,6425,6350,6400,4318,20590600
2019-10-16 00:00:00+07:00,6400,6425,6300,6375,4301,32586000
2019-10-17 00:00:00+07:00,6350,6625,6325,6625,4470,49979500
2019-10-18 00:00:00+07:00,6650,6750,6550,6700,4521,38012800
2019-10-21 00:00:00+07:00,6700,6750,6600,6725,4538,12245000
2019-10-22 00:00:00+07:00,6750,6750,6550,6750,4554,32099000
2019-10-23 00:00:00+07:00,6700,6775,6650,6750,4554,28015600
2019-10-24 00:00:00+07:00,6800,6975,6750,6950,4689,44294700
2019-10-25 00:00:00+07:00,6950,6975,6775,6800,4588,25245600
2019-10-28 00:00:00+07:00,6800,6900,6775,6900,4656,12206400
2019-10-29 00:00:00+07:00,6875,6975,6875,6975,4706,32681600
2019-10-30 00:00:00+07:00,7000,7000,6875,6950,4689,22319800
2019-10-31 00:00:00+07:00,6950,6975,6825,6950,4689,26502100
2019-11-01 00:00:00+07:00,6975,6975,6725,6800,4588,17213000
2019-11-04 00:00:00+07:00,6800,6825,6700,6700,4521,19339100
2019-11-05 00:00:00+07:00,6775,6950,6750,6900,4656,42041800
2019-11-06 00:00:00+07:00,6975,6975,6825,6850,4622,29565500
2019-11-07 00:00:00+07:00,6925,6925,6650,6725,4538,29891900
2019-11-08 00:00:00+07:00,6700,6700,6550,6625,4470,34878600
2019-11-11 00:00:00+07:00,6650,6650,6550,6650,4487,19373700
2019-11-12 00:00:00+07:00,6650,6800,6550,6775,4571,29633100
2019-11-13 00:00:00+07:00,6775,6775,6675,6725,4538,20566300
2019-11-14 00:00:00+07:00,6675,6700,6550,6575,4436,18695900
2019-11-15 00:00:00+07:00,6650,6650,6475,6525,4403,30343300
2019-11-18 00:00:00+07:00,6525,6600,6525,6600,4453,27729100
2019-11-19 00:00:00+07:00,6650,6700,6575,6650,4487,18139800
2019-11-20 00:00:00+07:00,6600,6675,6550,6625,4470,24083000
2019-11-21 00:00:00+07:00,6550,6650,6525,6600,4453,19675100
2019-11-22 00:00:00+07:00,6600,6650,6575,6625,4470,23600000
2019-11-25 00:00:00+07:00,6600,6600,6475,6500,4386,24848800
2019-11-26 00:00:00+07:00,6575,6575,6350,6350,4285,79166300
2019-11-27 00:00:00+07:00,6400,6475,6350,6425,4335,37566700
2019-11-28 00:00:00+07:00,6425,6425,6350,6400,4318,17353400
2019-11-29 00:00:00+07:00,6400,6575,6375,6500,4386,33440400
2019-12-02 00:00:00+07:00,6500,6650,6500,6650,4487,22114700
2019-12-03 00:00:00+07:00,6650,6675,6525,6525,4403,15510600
2019-12-04 00:00:00+07:00,6500,6575,6475,6550,4419,16154100
2019-12-05 00:00:00+07:00,6600,6700,6550,6700,4521,26468200
2019-12-06 00:00:00+07:00,6675,6775,6625,6775,4571,27395100
2019-12-09 00:00:00+07:00,6775,6775,6625,6675,4504,16336900
2019-12-10 00:00:00+07:00,6625,6750,6625,6650,4487,19229100
2019-12-11 00:00:00+07:00,6675,6675,6550,6550,4419,22787600
2019-12-12 00:00:00+07:00,6575,6600,6550,6550,4419,16626700
2019-12-13 00:00:00+07:00,6700,6900,6700,6850,4622,66943600
2019-12-16 00:00:00+07:00,6900,7025,6875,6975,4706,43517600
2019-12-17 00:00:00+07:00,6975,7000,6875,6950,4689,29835500
2019-12-18 00:00:00+07:00,6875,6925,6750,6900,4656,31614900
2019-12-19 00:00:00+07:00,6875,6900,6775,6850,4622,17259400
2019-12-20 00:00:00+07:00,6850,6925,6750,6925,4673,38886700
2019-12-23 00:00:00+07:00,7000,7000,6775,6900,4656,23654800
2019-12-26 00:00:00+07:00,6800,6950,6800,6875,4639,18685200
2019-12-27 00:00:00+07:00,6925,6925,6850,6925,4673,13714400
2019-12-30 00:00:00+07:00,6925,6950,6850,6925,4673,25494000
2020-01-02 00:00:00+07:00,6925,6925,6775,6875,4639,15008600
2020-01-03 00:00:00+07:00,6925,6950,6825,6950,4689,19068800
2020-01-06 00:00:00+07:00,6900,6900,6750,6750,4554,22261900
2020-01-07 00:00:00+07:00,6800,6825,6675,6775,4571,27963000
2020-01-08 00:00:00+07:00,6700,6825,6700,6775,4571,15150400
2020-01-09 00:00:00+07:00,6800,6875,6750,6875,4639,19691200
2020-01-10 00:00:00+07:00,6900,6925,6825,6825,4605,17687600
2020-01-13 00:00:00+07:00,6850,6925,6825,6925,4673,29585200
2020-01-14 00:00:00+07:00,6975,7175,6925,7175,4841,41214400
2020-01-15 00:00:00+07:00,7150,7250,7025,7200,4858,38535100
2020-01-16 00:00:00+07:00,7125,7200,7075,7125,4807,38504400
2020-01-17 00:00:00+07:00,7075,7150,7000,7075,4774,26714800
2020-01-20 00:00:00+07:00,7100,7125,6975,7000,4723,22389100
2020-01-21 00:00:00+07:00,7025,7025,6925,7025,4740,12520300
2020-01-22 00:00:00+07:00,7025,7075,6975,7000,4723,20100300
2020-01-23 00:00:00+07:00,7050,7100,7000,7050,4757,18020200
2020-01-24 00:00:00+07:00,7000,7050,6975,6975,4706,13710000
2020-01-27 00:00:00+07:00,6975,6975,6700,6725,4538,17470800
2020-01-28 00:00:00+07:00,6675,6825,6650,6825,4605,23466100
2020-01-29 00:00:00+07:00,6850,6850,6750,6825,4605,12646100
2020-01-30 00:00:00+07:00,6775,6800,6625,6625,4470,25324800
2020-01-31 00:00:00+07:00,6650,6675,6350,6350,4285,66460400
2020-02-03 00:00:00+07:00,6275,6425,6250,6275,4234,34538400
2020-02-04 00:00:00+07:00,6350,6450,6300,6400,4318,46272800
2020-02-05 00:00:00+07:00,6450,6500,6300,6400,4318,32227100
2020-02-06 00:00:00+07:00,6500,6525,6425,6500,4386,26015800
2020-02-07 00:00:00+07:00,6550,6550,6400,6400,4318,13918700
2020-02-10 00:00:00+07:00,6400,6400,6175,6200,4183,45366900
2020-02-11 00:00:00+07:00,6300,6300,6050,6100,4116,54325000
2020-02-12 00:00:00+07:00,6075,6100,5925,5975,4032,51100700
2020-02-13 00:00:00+07:00,5975,6025,5925,5950,4015,33021700
2020-02-14 00:00:00+07:00,5975,6100,5925,6100,4116,60901000
2020-02-17 00:00:00+07:00,6150,6175,6050,6100,4116,16567600
2020-02-18 00:00:00+07:00,6050,6200,6050,6100,4116,27960300
2020-02-19 00:00:00+07:00,6175,6250,6150,6250,4217,35186100
2020-02-20 00:00:00+07:00,6275,6275,6125,6275,4234,37995400
2020-02-21 00:00:00+07:00,6275,6300,6150,6200,4183,33804700
2020-02-24 00:00:00+07:00,6050,6150,6025,6100,4116,34190600
2020-02-25 00:00:00+07:00,6000,6275,5975,6225,4200,40723200
2020-02-26 00:00:00+07:00,6100,6150,6050,6050,4082,34453700
2020-02-27 00:00:00+07:00,6100,6100,5950,5950,4015,44801100
2020-02-28 00:00:00+07:00,5850,5850,5525,5525,3728,100693900
2020-03-02 00:00:00+07:00,5700,5850,5625,5700,3846,63765800
2020-03-03 00:00:00+07:00,5850,5975,5775,5900,3981,53817300
2020-03-04 00:00:00+07:00,5900,6025,5875,5975,4032,43566600
2020-03-05 00:00:00+07:00,6025,6050,5875,6050,4082,40537300
2020-03-06 00:00:00+07:00,5950,5950,5675,5675,3829,31282500
2020-03-09 00:00:00+07:00,5500,5500,5025,5025,3391,87904100
2020-03-10 00:00:00+07:00,5100,5325,5100,5150,3475,86444600
2020-03-11 00:00:00+07:00,5150,5175,5050,5125,3458,45134700
2020-03-12 00:00:00+07:00,5000,5025,4820,4910,3313,64824200
2020-03-13 00:00:00+07:00,4910,4910,4910,4910,3313,0
2020-03-16 00:00:00+07:00,4770,4770,4530,4590,3097,55655900
2020-03-17 00:00:00+07:00,4590,4600,4270,4270,2881,67166600
2020-03-18 00:00:00+07:00,4290,4350,3980,4150,2800,61972000
2020-03-19 00:00:00+07:00,4020,4020,3860,3860,2604,27066700
2020-03-20 00:00:00+07:00,3890,3900,3590,3780,2550,141147800
2020-03-23 00:00:00+07:00,3780,3780,3520,3520,2375,40318500
2020-03-24 00:00:00+07:00,3570,3610,3280,3280,2213,89502100
2020-03-26 00:00:00+07:00,3220,3680,3220,3620,2443,180290700
2020-03-27 00:00:00+07:00,3650,4360,3650,4080,2753,150312000
2020-03-30 00:00:00+07:00,4080,4080,3800,3800,2564,45490800
2020-03-31 00:00:00+07:00,3880,3980,3740,3900,2631,62534800
2020-04-01 00:00:00+07:00,3880,4090,3650,3770,2544,78042900
2020-04-02 00:00:00+07:00,3670,3930,3580,3930,2652,39717300
2020-04-03 00:00:00+07:00,3990,4050,3860,3900,2631,42577100
2020-04-06 00:00:00+07:00,3920,4040,3880,4030,2719,71205800
2020-04-07 00:00:00+07:00,4060,4250,3960,4060,2739,79018000
2020-04-08 00:00:00+07:00,4000,4030,3810,3850,2598,55980400
2020-04-09 00:00:00+07:00,3870,4120,3870,4090,2760,53526100
2020-04-13 00:00:00+07:00,4090,4150,3920,3960,2672,27520900
2020-04-14 00:00:00+07:00,3960,4030,3920,3960,2672,64571400
2020-04-15 00:00:00+07:00,4000,4000,3800,3820,2577,86149800
2020-04-16 00:00:00+07:00,3780,3780,3620,3620,2443,61494300
2020-04-17 00:00:00+07:00,3680,3840,3680,3800,2564,78593000
2020-04-20 00:00:00+07:00,3800,3830,3710,3720,2510,50406600
2020-04-21 00:00:00+07:00,3710,3740,3610,3640,2456,36590700
2020-04-22 00:00:00+07:00,3600,3660,3450,3640,2456,76750500
2020-04-23 00:00:00+07:00,3700,3790,3650,3760,2537,85068700
2020-04-24 00:00:00+07:00,3760,3760,3610,3630,2449,49597000
2020-04-27 00:00:00+07:00,3670,3760,3570,3710,2503,45682200
2020-04-28 00:00:00+07:00,3750,3790,3630,3740,2523,53532700
2020-04-29 00:00:00+07:00,3770,3780,3650,3690,2490,40557200
2020-04-30 00:00:00+07:00,3750,3860,3720,3850,2598,92257000
2020-05-04 00:00:00+07:00,3750,3750,3610,3610,2436,71301800
2020-05-05 00:00:00+07:00,3630,3660,3580,3610,2436,54983300
2020-05-06 00:00:00+07:00,3610,3680,3580,3640,2456,70425000
2020-05-08 00:00:00+07:00,3690,3740,3600,3740,2523,63346500
2020-05-11 00:00:00+07:00,3760,3920,3750,3920,2645,79511800
2020-05-12 00:00:00+07:00,3920,3920,3780,3820,2577,58347900
2020-05-13 00:00:00+07:00,3820,3820,3710,3730,2517,44974600
2020-05-14 00:00:00+07:00,3700,3710,3530,3570,2409,80570900
2020-05-15 00:00:00+07:00,3590,3720,3560,3710,2503,65284900
2020-05-18 00:00:00+07:00,3720,3950,3710,3910,2638,88368200
2020-05-19 00:00:00+07:00,4000,4040,3940,3950,2665,77238800
2020-05-20 00:00:00+07:00,3950,3980,3870,3970,2679,38965700
2020-05-26 00:00:00+07:00,3970,4360,3970,4330,2922,116041900
2020-05-27 00:00:00+07:00,4350,4390,4220,4350,2935,68841200
2020-05-28 00:00:00+07:00,4370,4580,4350,4540,3063,86825700
2020-05-29 00:00:00+07:00,4520,4770,4470,4770,3218,164786500
2020-06-02 00:00:00+07:00,4760,4950,4630,4730,3191,72425900
2020-06-03 00:00:00+07:00,4750,4950,4680,4890,3299,76654100
2020-06-04 00:00:00+07:00,4950,4960,4740,4760,3212,82711000
2020-06-05 00:00:00+07:00,4780,5025,4670,5000,3374,63578800
2020-06-08 00:00:00+07:00,5250,5250,4990,5025,3391,53808200
2020-06-09 00:00:00+07:00,5100,5125,4980,5000,3374,43049500
2020-06-10 00:00:00+07:00,5025,5025,4650,4850,3272,39812900
2020-06-11 00:00:00+07:00,4840,4840,4660,4700,3171,53920100
2020-06-12 00:00:00+07:00,4590,4820,4400,4790,3232,45837700
2020-06-15 00:00:00+07:00,4800,4850,4700,4740,3198,42880500
2020-06-16 00:00:00+07:00,4800,5000,4800,4970,3353,38736700
2020-06-17 00:00:00+07:00,4990,5000,4910,4970,3353,24744500
2020-06-18 00:00:00+07:00,4970,4970,4800,4800,3239,40331900
2020-06-19 00:00:00+07:00,4830,4910,4800,4890,3299,62874800
2020-06-22 00:00:00+07:00,4930,4940,4850,4890,3299,25097200
2020-06-23 00:00:00+07:00,4890,4940,4850,4900,3306,29490500
2020-06-24 00:00:00+07:00,4920,5050,4900,5000,3374,55421700
2020-06-25 00:00:00+07:00,4840,4920,4800,4900,3413,34952700
2020-06-26 00:00:00+07:00,4950,4950,4900,4900,3413,24019200
2020-06-29 00:00:00+07:00,4900,4900,4750,4800,3344,29368700
2020-06-30 00:00:00+07:00,4840,4880,4800,4800,3344,25197000
2020-07-01 00:00:00+07:00,4800,4860,4770,4810,3351,22586000
2020-07-02 00:00:00+07:00,4830,4890,4810,4870,3392,26575000
2020-07-03 00:00:00+07:00,4880,4910,4840,4850,3379,20400200
2020-07-06 00:00:00+07:00,4860,4900,4840,4840,3372,17783800
2020-07-07 00:00:00+07:00,4900,4910,4800,4830,3365,46178600
2020-07-08 00:00:00+07:00,4840,4930,4770,4910,3420,45246000
2020-07-09 00:00:00+07:00,4930,5000,4880,4900,3413,33377800
2020-07-10 00:00:00+07:00,4880,4920,4830,4830,3365,23181700
2020-07-13 00:00:00+07:00,4850,4910,4850,4900,3413,22481400
2020-07-14 00:00:00+07:00,4900,4950,4880,4950,3448,22418400
2020-07-15 00:00:00+07:00,4990,5200,4970,5150,3588,64249400
2020-07-16 00:00:00+07:00,5150,5350,5150,5250,3657,72113500
2020-07-17 00:00:00+07:00,5300,5300,5200,5200,3622,46235300
2020-07-20 00:00:00+07:00,5200,5225,5025,5100,3553,24829000
2020-07-21 00:00:00+07:00,5100,5450,5100,5375,3744,51878900
2020-07-22 00:00:00+07:00,5375,5400,5200,5300,3692,29493500
2020-07-23 00:00:00+07:00,5300,5325,5125,5175,3605,27787400
2020-07-24 00:00:00+07:00,5175,5175,5000,5050,3518,32338100
2020-07-27 00:00:00+07:00,5075,5150,5025,5125,3570,17645200
2020-07-28 00:00:00+07:00,5175,5225,5100,5175,3605,30210400
2020-07-29 00:00:00+07:00,5175,5225,5050,5075,3535,32010100
2020-07-30 00:00:00+07:00,5025,5225,5000,5150,3588,32720500
2020-08-03 00:00:00+07:00,5100,5150,4860,4880,3399,66053200
2020-08-04 00:00:00+07:00,4900,4960,4900,4960,3455,32307000
2020-08-05 00:00:00+07:00,4970,5100,4950,5050,3518,22883900
2020-08-06 00:00:00+07:00,5075,5225,5050,5225,3640,45906700
2020-08-07 00:00:00+07:00,5225,5300,5100,5275,3675,35036700
2020-08-10 00:00:00+07:00,5275,5275,5125,5125,3570,30588200
2020-08-11 00:00:00+07:00,5175,5250,5150,5225,3640,19877700
2020-08-12 00:00:00+07:00,5225,5400,5175,5400,3762,31304300
2020-08-13 00:00:00+07:00,5450,5550,5375,5400,3762,36344700
2020-08-14 00:00:00+07:00,5400,5450,5350,5375,3744,15337700
2020-08-18 00:00:00+07:00,5325,5450,5300,5375,3744,34974800
2020-08-19 00:00:00+07:00,5425,5425,5250,5300,3692,24870200
2020-08-24 00:00:00+07:00,5300,5350,5250,5300,3692,20000900
2020-08-25 00:00:00+07:00,5325,5375,5300,5300,3692,27807900
2020-08-26 00:00:00+07:00,5400,5400,5275,5350,3727,29957700
2020-08-27 00:00:00+07:00,5375,5400,5250,5300,3692,27491500
2020-08-28 00:00:00+07:00,5300,5325,5275,5325,3709,20347900
2020-08-31 00:00:00+07:00,5325,5350,5100,5100,3553,42240600
2020-09-01 00:00:00+07:00,5175,5250,5100,5250,3657,20881000
2020-09-02 00:00:00+07:00,5300,5350,5200,5300,3692,19074500
2020-09-03 00:00:00+07:00,5350,5350,5125,5175,3605,38323300
2020-09-04 00:00:00+07:00,5100,5150,5025,5050,3518,47966200
2020-09-07 00:00:00+07:00,5050,5075,4950,5025,3500,37120700
2020-09-08 00:00:00+07:00,5025,5125,5025,5125,3570,22790200
2020-09-09 00:00:00+07:00,5025,5025,4900,4900,3413,62626200
2020-09-10 00:00:00+07:00,4560,4610,4560,4560,3177,142910700
2020-09-11 00:00:00+07:00,4350,4700,4310,4630,3225,76725700
2020-09-14 00:00:00+07:00,4780,4830,4700,4790,3337,57904800
2020-09-15 00:00:00+07:00,4850,4870,4770,4820,3358,35809700
2020-09-16 00:00:00+07:00,4850,4860,4780,4780,3330,21529200
2020-09-17 00:00:00+07:00,4770,4880,4770,4860,3385,26234600
2020-09-18 00:00:00+07:00,4840,4870,4760,4780,3330,46011300
2020-09-21 00:00:00+07:00,4790,4800,4620,4670,3253,23388100
2020-09-22 00:00:00+07:00,4600,4740,4590,4670,3253,22893300
2020-09-23 00:00:00+07:00,4680,4730,4590,4630,3225,15696100
2020-09-24 00:00:00+07:00,4620,4650,4560,4600,3204,24393300
2020-09-25 00:00:00+07:00,4610,4920,4610,4860,3385,40064600
2020-09-28 00:00:00+07:00,4870,4910,4740,4740,3302,28967600
2020-09-29 00:00:00+07:00,4760,4800,4560,4570,3183,31707100
2020-09-30 00:00:00+07:00,4560,4570,4450,4460,3107,40490200
2020-10-01 00:00:00+07:00,4490,4640,4490,4610,3211,32822900
2020-10-02 00:00:00+07:00,4630,4640,4520,4590,3197,33355000
2020-10-05 00:00:00+07:00,4600,4630,4540,4560,3177,20624400
2020-10-06 00:00:00+07:00,4650,4660,4600,4620,3218,23682500
2020-10-07 00:00:00+07:00,4590,4630,4560,4630,3244,21814000
2020-10-08 00:00:00+07:00,4640,4770,4630,4750,3328,32946600
2020-10-09 00:00:00+07:00,4720,4760,4700,4740,3321,19525000
2020-10-12 00:00:00+07:00,4790,4810,4700,4700,3293,23749400
2020-10-13 00:00:00+07:00,4700,4750,4650,4740,3321,25032100
2020-10-14 00:00:00+07:00,4710,4860,4710,4820,3377,50174100
2020-10-15 00:00:00+07:00,4820,4820,4740,4740,3321,29382300
2020-10-16 00:00:00+07:00,4740,4930,4700,4930,3454,37775400
2020-10-19 00:00:00+07:00,4930,5075,4880,5000,3503,38057900
2020-10-20 00:00:00+07:00,4990,5175,4960,5175,3626,68915600
2020-10-21 00:00:00+07:00,5200,5250,5175,5250,3679,52567200
2020-10-22 00:00:00+07:00,5200,5275,5200,5250,3679,75883000
2020-10-23 00:00:00+07:00,5300,5400,5250,5400,3784,46040700
2020-10-26 00:00:00+07:00,5400,5450,5300,5400,3784,33055000
2020-10-27 00:00:00+07:00,5300,5500,5300,5425,3801,45393900
2020-11-02 00:00:00+07:00,5325,5425,5275,5400,3784,48772200
2020-11-03 00:00:00+07:00,5450,5500,5425,5500,3854,44789800
2020-11-04 00:00:00+07:00,5475,5500,5350,5400,3784,22433700
2020-11-05 00:00:00+07:00,5500,5550,5425,5500,3854,25384200
2020-11-06 00:00:00+07:00,5525,5875,5525,5825,4082,62036900
2020-11-09 00:00:00+07:00,5800,5850,5600,5600,3924,53921900
2020-11-10 00:00:00+07:00,5775,5850,5700,5750,4029,60062700
2020-11-11 00:00:00+07:00,5850,6025,5850,6000,4204,56581600
2020-11-12 00:00:00+07:00,5875,6025,5775,6000,4204,67819100
2020-11-13 00:00:00+07:00,5900,5925,5850,5900,4134,24090900
2020-11-16 00:00:00+07:00,5925,6000,5900,5925,4152,62526400
2020-11-17 00:00:00+07:00,5950,5975,5800,5800,4064,28012800
2020-11-18 00:00:00+07:00,5825,5875,5750,5775,4047,25384700
2020-11-19 00:00:00+07:00,5750,5775,5725,5725,4011,35427800
2020-11-20 00:00:00+07:00,5725,5825,5700,5725,4011,33703300
2020-11-23 00:00:00+07:00,5725,5850,5725,5800,4064,40933800
2020-11-24 00:00:00+07:00,5875,5875,5800,5800,4064,33117500
2020-11-25 00:00:00+07:00,5825,5875,5550,5550,3889,117614100
2020-11-26 00:00:00+07:00,5525,5675,5500,5650,3959,89572000
2020-11-27 00:00:00+07:00,5650,5700,5525,5550,3889,98376500
2020-11-30 00:00:00+07:00,5550,5575,5200,5300,3714,311402400
2020-12-01 00:00:00+07:00,5425,5550,5400,5550,3889,119445500
2020-12-02 00:00:00+07:00,5600,5750,5575,5725,4011,94220300
2020-12-03 00:00:00+07:00,5725,5750,5600,5625,3941,54407800
2020-12-04 00:00:00+07:00,5625,5725,5550,5700,3994,52405500
2020-12-07 00:00:00+07:00,5800,5900,5725,5850,4099,92859500
2020-12-08 00:00:00+07:00,5850,5875,5675,5700,3994,77339200
2020-12-10 00:00:00+07:00,5800,5875,5750,5825,4082,92988900
2020-12-11 00:00:00+07:00,5825,5875,5650,5675,3976,53669200
2020-12-14 00:00:00+07:00,5725,5750,5650,5675,3976,43821600
2020-12-15 00:00:00+07:00,5675,5975,5650,5950,4169,128853200
2020-12-16 00:00:00+07:00,6000,6200,6000,6125,4292,98362500
2020-12-17 00:00:00+07:00,6125,6200,6050,6200,4344,76361900
2020-12-18 00:00:00+07:00,6250,6275,6175,6200,4344,81878000
2020-12-21 00:00:00+07:00,6200,6225,6100,6150,4309,54800500
2020-12-22 00:00:00+07:00,6100,6250,5950,6075,4257,94394100
2020-12-23 00:00:00+07:00,6025,6100,5825,6000,4204,73880100
2020-12-28 00:00:00+07:00,6175,6175,5950,6075,4257,32572200
2020-12-29 00:00:00+07:00,6100,6175,6000,6050,4239,40341500
2020-12-30 00:00:00+07:00,6100,6125,6025,6025,4222,39615400
2021-01-04 00:00:00+07:00,6100,6250,6025,6225,4362,34840200
2021-01-05 00:00:00+07:00,6225,6250,6150,6175,4327,27318400
2021-01-06 00:00:00+07:00,6175,6225,5950,6150,4309,42778200
2021-01-07 00:00:00+07:00,6175,6200,6075,6075,4257,33536400
2021-01-08 00:00:00+07:00,6150,6475,6100,6425,4502,88590400
2021-01-11 00:00:00+07:00,6500,6600,6475,6525,4572,57622400
2021-01-12 00:00:00+07:00,6425,6650,6400,6525,4572,38226200
2021-01-13 00:00:00+07:00,6600,6800,6500,6775,4747,56171600
2021-01-14 00:00:00+07:00,6850,6925,6775,6775,4747,48209800
2021-01-15 00:00:00+07:00,6800,6850,6525,6575,4607,45722300
2021-01-18 00:00:00+07:00,6575,6700,6525,6675,4677,48444700
2021-01-19 00:00:00+07:00,6775,6775,6575,6675,4677,37236400
2021-01-20 00:00:00+07:00,6625,6775,6625,6675,4677,27403000
2021-01-21 00:00:00+07:00,6800,6800,6725,6800,4765,32219700
2021-01-22 00:00:00+07:00,6825,6850,6600,6700,4695,34960500
2021-01-25 00:00:00+07:00,6650,6650,6325,6475,4537,73391700
2021-01-26 00:00:00+07:00,6475,6575,6300,6350,4449,39158300
2021-01-27 00:00:00+07:00,6350,6350,6150,6275,4397,56444100
2021-01-28 00:00:00+07:00,6150,6450,6150,6275,4397,54596400
2021-01-29 00:00:00+07:00,6300,6375,5950,6100,4274,71886200
2021-02-01 00:00:00+07:00,5850,6075,5750,6025,4222,57416200
2021-02-02 00:00:00+07:00,6150,6150,5875,5975,4187,42421400
2021-02-03 00:00:00+07:00,6075,6275,5950,6150,4309,76420800
2021-02-04 00:00:00+07:00,6225,6225,6125,6200,4344,29508100
2021-02-05 00:00:00+07:00,6250,6250,6050,6100,4274,34366600
2021-02-08 00:00:00+07:00,6200,6200,6075,6100,4274,28817400
2021-02-09 00:00:00+07:00,6100,6200,5825,5825,4082,113795000
2021-02-10 00:00:00+07:00,5850,5975,5825,5900,4134,43492200
2021-02-11 00:00:00+07:00,5875,5950,5825,5850,4099,37890700
2021-02-15 00:00:00+07:00,6100,6250,5950,5950,4169,178642200
2021-02-16 00:00:00+07:00,5975,6000,5900,5925,4152,35796600
2021-02-17 00:00:00+07:00,5900,5925,5750,5800,4064,56517500
2021-02-18 00:00:00+07:00,5750,5875,5725,5725,4011,56765900
2021-02-19 00:00:00+07:00,5725,5850,5725,5775,4047,42627800
2021-02-22 00:00:00+07:00,5825,5850,5700,5700,3994,55230300
2021-02-23 00:00:00+07:00,5700,5825,5700,5725,4011,60745000
2021-02-24 00:00:00+07:00,5775,5850,5600,5625,3941,73050200
2021-02-25 00:00:00+07:00,5700,5700,5475,5575,3906,123672200
2021-02-26 00:00:00+07:00,5450,5525,5350,5400,3784,146271500
2021-03-01 00:00:00+07:00,5500,5600,5450,5600,3924,118418900
2021-03-02 00:00:00+07:00,5650,5675,5550,5575,3906,87061500
2021-03-03 00:00:00+07:00,5625,5700,5525,5675,3976,49030200
2021-03-04 00:00:00+07:00,5675,5700,5525,5575,3906,70766800
2021-03-05 00:00:00+07:00,5525,5575,5475,5500,3854,48034400
2021-03-08 00:00:00+07:00,5550,5625,5475,5550,3889,55652900
2021-03-09 00:00:00+07:00,5550,5650,5400,5525,3871,66908800
2021-03-10 00:00:00+07:00,5500,5525,5400,5425,3801,66154200
2021-03-12 00:00:00+07:00,5550,5575,5450,5475,3836,87065000
2021-03-15 00:00:00+07:00,5525,5625,5500,5525,3871,48489500
2021-03-16 00:00:00+07:00,5600,5725,5550,5550,3889,64804400
2021-03-17 00:00:00+07:00,5625,5650,5550,5575,3906,61881600
2021-03-18 00:00:00+07:00,5675,5800,5625,5725,4011,90338700
2021-03-19 00:00:00+07:00,5725,5775,5625,5775,4047,80429800
2021-03-22 00:00:00+07:00,5750,5775,5550,5575,3906,57320300
2021-03-23 00:00:00+07:00,5550,5675,5550,5575,3906,46973100
2021-03-24 00:00:00+07:00,5575,5600,5450,5450,3819,40065300
2021-03-25 00:00:00+07:00,5450,5525,5400,5450,3819,49497900
2021-03-26 00:00:00+07:00,5525,5600,5475,5600,3924,24880300
2021-03-29 00:00:00+07:00,5600,5650,5525,5525,3871,25164100
2021-03-30 00:00:00+07:00,5475,5550,5400,5400,3784,55842300
2021-03-31 00:00:00+07:00,5450,5450,5225,5275,3696,89835200
2021-04-01 00:00:00+07:00,5350,5400,5325,5350,3749,33323600
2021-04-05 00:00:00+07:00,5425,5450,5350,5350,3749,29142200
2021-04-06 00:00:00+07:00,5375,5400,5300,5350,3749,26040800
2021-04-07 00:00:00+07:00,5300,5350,5275,5325,3731,33361900
2021-04-08 00:00:00+07:00,5375,5375,5300,5300,3714,43680100
2021-04-09 00:00:00+07:00,5300,5400,5275,5275,3696,59348800
2021-04-12 00:00:00+07:00,5250,5275,5050,5075,3556,68211200
2021-04-13 00:00:00+07:00,5025,5175,5025,5075,3556,53505400
2021-04-14 00:00:00+07:00,5150,5275,5100,5250,3679,39277800
2021-04-15 00:00:00+07:00,5250,5275,5175,5250,3679,34533700
2021-04-16 00:00:00+07:00,5300,5325,5200,5250,3679,38151200
2021-04-19 00:00:00+07:00,5225,5250,5200,5200,3644,30832600
2021-04-20 00:00:00+07:00,5150,5300,5150,5300,3714,46601200
2021-04-21 00:00:00+07:00,5225,5275,5200,5225,3661,47261000
2021-04-22 00:00:00+07:00,5225,5500,5225,5450,3819,86785100
2021-04-23 00:00:00+07:00,5500,5650,5475,5625,3941,95175600
2021-04-26 00:00:00+07:00,5625,5675,5600,5625,3941,65428000
2021-04-27 00:00:00+07:00,5625,5650,5475,5525,3871,41552600
2021-04-28 00:00:00+07:00,5400,5575,5325,5350,3749,72011700
2021-04-29 00:00:00+07:00,5350,5475,5350,5425,3801,43203100
2021-04-30 00:00:00+07:00,5450,5550,5375,5500,3854,56668600
2021-05-03 00:00:00+07:00,5450,5500,5400,5425,3862,29451000
2021-05-04 00:00:00+07:00,5500,5575,5425,5500,3916,39860400
2021-05-05 00:00:00+07:00,5525,5600,5475,5525,3934,27270000
2021-05-06 00:00:00+07:00,5600,5600,5400,5425,3862,34361400
2021-05-07 00:00:00+07:00,5450,5475,5275,5325,3791,30771700
2021-05-10 00:00:00+07:00,5350,5425,5350,5375,3827,25429700
2021-05-11 00:00:00+07:00,5400,5425,5175,5225,3720,49162600
2021-05-17 00:00:00+07:00,5300,5325,5125,5175,3684,47623100
2021-05-18 00:00:00+07:00,5150,5200,5100,5150,3667,45784300
2021-05-19 00:00:00+07:00,5100,5125,5025,5050,3595,47008800
2021-05-20 00:00:00+07:00,5050,5200,5025,5175,3684,49746900
2021-05-21 00:00:00+07:00,5175,5225,5050,5050,3595,43416900
2021-05-24 00:00:00+07:00,5100,5150,5025,5100,3631,33540000
2021-05-25 00:00:00+07:00,5100,5150,5050,5075,3613,45393500
2021-05-27 00:00:00+07:00,5100,5225,5075,5150,3667,99709500
2021-05-28 00:00:00+07:00,5175,5225,5125,5150,3667,24346700
2021-05-31 00:00:00+07:00,5175,5300,5150,5250,3738,41498000
2021-06-02 00:00:00+07:00,5350,5350,5275,5325,3791,43217400
2021-06-03 00:00:00+07:00,5350,5350,5275,5350,3809,49012700
2021-06-04 00:00:00+07:00,5325,5350,5200,5225,3720,35211100
2021-06-07 00:00:00+07:00,5225,5300,5200,5250,3738,31693200
2021-06-08 00:00:00+07:00,5300,5325,5200,5275,3756,35402300
2021-06-09 00:00:00+07:00,5275,5350,5225,5325,3791,24331300
2021-06-10 00:00:00+07:00,5400,5425,5325,5400,3845,42924200
2021-06-11 00:00:00+07:00,5400,5425,5250,5275,3756,44421700
2021-06-14 00:00:00+07:00,5350,5350,5150,5175,3684,40699500
2021-06-15 00:00:00+07:00,5175,5200,5125,5150,3667,35915800
2021-06-16 00:00:00+07:00,5200,5200,5125,5150,3667,29144900
2021-06-17 00:00:00+07:00,5125,5150,5075,5100,3631,38074600
2021-06-18 00:00:00+07:00,5075,5125,4900,5000,3560,112157600
2021-06-21 00:00:00+07:00,4920,4970,4760,4920,3503,48183300
2021-06-22 00:00:00+07:00,4920,5025,4900,4920,3503,47156200
2021-06-23 00:00:00+07:00,4980,5025,4920,4930,3510,46351900
2021-06-24 00:00:00+07:00,4930,4980,4910,4940,3517,24665200
2021-06-25 00:00:00+07:00,4940,4980,4910,4920,3503,33125300
2021-06-28 00:00:00+07:00,4920,4930,4710,4710,3353,53083400
2021-06-29 00:00:00+07:00,4730,4920,4710,4840,3446,70425700
2021-06-30 00:00:00+07:00,4830,5000,4820,4940,3517,34641700
2021-07-01 00:00:00+07:00,4990,5100,4950,5025,3578,42856900
2021-07-02 00:00:00+07:00,5025,5075,4980,5000,3560,22436900
2021-07-05 00:00:00+07:00,5050,5075,4920,4940,3517,27554100
2021-07-06 00:00:00+07:00,4970,4970,4890,4900,3489,31280100
2021-07-07 00:00:00+07:00,4900,4990,4860,4900,3489,35907800
2021-07-08 00:00:00+07:00,4930,4960,4850,4880,3474,40566600
2021-07-09 00:00:00+07:00,4880,4920,4870,4910,3496,21088500
2021-07-12 00:00:00+07:00,4910,4950,4880,4920,3503,26816600
2021-07-13 00:00:00+07:00,4950,4960,4850,4900,3489,28998600
2021-07-14 00:00:00+07:00,4920,4920,4730,4730,3368,43408700
2021-07-15 00:00:00+07:00,4730,4840,4640,4810,3425,50750700
2021-07-16 00:00:00+07:00,4840,4910,4820,4880,3474,32544000
2021-07-19 00:00:00+07:00,4850,4870,4780,4780,3403,25106100
2021-07-21 00:00:00+07:00,4780,4930,4780,4870,3467,41716000
2021-07-22 00:00:00+07:00,4930,5025,4900,4980,3546,36287300
2021-07-23 00:00:00+07:00,5000,5000,4910,4950,3524,26847700
2021-07-26 00:00:00+07:00,4950,4970,4770,4770,3396,43373400
2021-07-27 00:00:00+07:00,4770,4830,4730,4760,3389,42635500
2021-07-28 00:00:00+07:00,4780,4790,4710,4710,3353,24083000
2021-07-29 00:00:00+07:00,4720,4740,4650,4650,3311,50238500
2021-07-30 00:00:00+07:00,4710,4840,4670,4720,3360,65379500
2021-08-02 00:00:00+07:00,4730,4820,4730,4820,3432,39192600
2021-08-03 00:00:00+07:00,4840,4970,4830,4940,3517,46414100
2021-08-04 00:00:00+07:00,4970,4970,4870,4900,3489,25646900
2021-08-05 00:00:00+07:00,4900,4930,4860,4890,3481,31304900
2021-08-06 00:00:00+07:00,4940,4980,4880,4940,3517,45454600
2021-08-09 00:00:00+07:00,4940,4950,4830,4860,3460,31858700
2021-08-10 00:00:00+07:00,4900,4930,4840,4910,3496,41920300
2021-08-12 00:00:00+07:00,4940,4960,4880,4940,3517,22191700
2021-08-13 00:00:00+07:00,4960,5075,4960,5025,3578,62673300
2021-08-16 00:00:00+07:00,5050,5075,4990,5075,3613,46949700
2021-08-18 00:00:00+07:00,5100,5300,5075,5225,3720,102560600
2021-08-19 00:00:00+07:00,5225,5275,5075,5150,3667,53594900
2021-08-20 00:00:00+07:00,5150,5150,5000,5100,3631,32878200
2021-08-23 00:00:00+07:00,5100,5150,5050,5100,3631,30921500
2021-08-24 00:00:00+07:00,5175,5175,5050,5075,3613,32783500
2021-08-25 00:00:00+07:00,5150,5200,5075,5150,3667,26870400
2021-08-26 00:00:00+07:00,5200,5200,5050,5100,3631,28757400
2021-08-27 00:00:00+07:00,5100,5100,5050,5050,3595,26966100
2021-08-30 00:00:00+07:00,5100,5275,5100,5275,3756,51914600
2021-08-31 00:00:00+07:00,5275,5300,5200,5225,3720,45649200
2021-09-01 00:00:00+07:00,5225,5275,5100,5175,3684,26732500
2021-09-02 00:00:00+07:00,5200,5250,5175,5250,3738,17335000
2021-09-03 00:00:00+07:00,5250,5350,5200,5350,3809,28004500
2021-09-06 00:00:00+07:00,5375,5450,5325,5425,3862,28315200
2021-09-07 00:00:00+07:00,5425,5450,5300,5350,3809,23685800
2021-09-08 00:00:00+07:00,5375,5375,5250,5250,3738,44076000
2021-09-09 00:00:00+07:00,5250,5450,5250,5450,3880,49118000
2021-09-10 00:00:00+07:00,5450,5475,5375,5425,3862,31997100
2021-09-13 00:00:00+07:00,5425,5500,5350,5450,3880,29796400
2021-09-14 00:00:00+07:00,5500,5550,5450,5525,3934,34356900
2021-09-15 00:00:00+07:00,5525,5550,5375,5400,3845,61522300
2021-09-16 00:00:00+07:00,5425,5475,5350,5375,3827,27187700
2021-09-17 00:00:00+07:00,5375,5425,5275,5425,3862,44004000
2021-09-20 00:00:00+07:00,5425,5425,5225,5300,3773,46896100
2021-09-21 00:00:00+07:00,5275,5275,5150,5225,3720,23656300
2021-09-22 00:00:00+07:00,5225,5350,5200,5275,3756,21750800
2021-09-23 00:00:00+07:00,5275,5325,5150,5150,3667,27178400
2021-09-24 00:00:00+07:00,5150,5225,5125,5150,3667,29394300
2021-09-27 00:00:00+07:00,5150,5225,5125,5175,3684,25252300
2021-09-28 00:00:00+07:00,5175,5200,5075,5075,3613,35640900
2021-09-29 00:00:00+07:00,5075,5350,5050,5325,3791,42995900
2021-09-30 00:00:00+07:00,5375,5500,5300,5500,3916,44723000
2021-10-01 00:00:00+07:00,5450,5500,5400,5450,3880,27484100
2021-10-04 00:00:00+07:00,5500,5625,5475,5575,3969,52074900
2021-10-05 00:00:00+07:00,5575,5650,5500,5550,3951,27128000
2021-10-06 00:00:00+07:00,5600,6100,5575,5975,4254,168237500
2021-10-07 00:00:00+07:00,5975,6000,5700,5700,4058,97516000
2021-10-08 00:00:00+07:00,5700,5975,5625,5900,4234,91094200
2021-10-11 00:00:00+07:00,5925,5950,5775,5775,4144,38994500
2021-10-12 00:00:00+07:00,5800,5950,5775,5875,4216,68823100
2021-10-13 00:00:00+07:00,5950,6300,5925,6275,4503,143652900
2021-10-14 00:00:00+07:00,6300,6450,6125,6225,4467,104502800
2021-10-15 00:00:00+07:00,6275,6300,6125,6250,4485,82896700
2021-10-18 00:00:00+07:00,6275,6350,6200,6225,4467,61419000
2021-10-19 00:00:00+07:00,6275,6375,6200,6350,4557,52117000
2021-10-21 00:00:00+07:00,6350,6350,6125,6150,4413,132905200
2021-10-22 00:00:00+07:00,6150,6225,6125,6175,4431,26886400
2021-10-25 00:00:00+07:00,6200,6225,6025,6050,4342,51872000
2021-10-26 00:00:00+07:00,6050,6175,6050,6150,4413,25950500
2021-10-27 00:00:00+07:00,6100,6125,6000,6000,4306,40588700
2021-10-28 00:00:00+07:00,6000,6175,5950,6000,4306,50046900
2021-10-29 00:00:00+07:00,6225,6250,6025,6025,4324,82397400
2021-11-01 00:00:00+07:00,6050,6150,6025,6025,4324,37254100
2021-11-02 00:00:00+07:00,6025,6100,5900,5900,4234,25293400
2021-11-03 00:00:00+07:00,5900,6025,5825,5975,4288,90495000
2021-11-04 00:00:00+07:00,6075,6075,5950,5975,4288,41774200
2021-11-05 00:00:00+07:00,5900,5975,5850,5925,4252,80775400
2021-11-08 00:00:00+07:00,5925,6000,5900,5925,4252,23177300
2021-11-09 00:00:00+07:00,5900,5950,5850,5850,4198,41112200
2021-11-10 00:00:00+07:00,5925,6250,5875,6175,4431,104312600
2021-11-11 00:00:00+07:00,6200,6250,6150,6175,4431,51111700
2021-11-12 00:00:00+07:00,6200,6225,6075,6150,4413,26920800
2021-11-15 00:00:00+07:00,6150,6175,6050,6125,4395,22148900
2021-11-16 00:00:00+07:00,6125,6250,6100,6175,4431,42681000
2021-11-17 00:00:00+07:00,6225,6250,6175,6250,4485,49120900
2021-11-18 00:00:00+07:00,6250,6250,6175,6200,4449,29629900
2021-11-19 00:00:00+07:00,6225,6250,6200,6225,4467,37505200
2021-11-22 00:00:00+07:00,6250,6375,6125,6200,4449,62612600
2021-11-23 00:00:00+07:00,6250,6300,6175,6250,4485,31557400
2021-11-24 00:00:00+07:00,6275,6275,6200,6225,4467,25645300
2021-11-25 00:00:00+07:00,6250,6300,6175,6225,4467,32763500
2021-11-26 00:00:00+07:00,6200,6225,5875,5900,4234,93634100
2021-11-29 00:00:00+07:00,5900,6000,5750,5975,4288,87367400
2021-11-30 00:00:00+07:00,5950,5975,5750,5775,4144,97592700
2021-12-01 00:00:00+07:00,5825,5850,5625,5650,4055,102412800
2021-12-02 00:00:00+07:00,5650,5875,5600,5850,4198,48422300
2021-12-03 00:00:00+07:00,5900,5925,5725,5750,4126,31882900
2021-12-06 00:00:00+07:00,5750,5800,5650,5650,4055,53112400
2021-12-07 00:00:00+07:00,5700,5925,5700,5925,4252,39679500
2021-12-08 00:00:00+07:00,5925,5950,5775,5800,4162,44189500
2021-12-09 00:00:00+07:00,5900,6000,5800,6000,4306,35386900
2021-12-10 00:00:00+07:00,5950,5950,5800,5925,4252,55629400
2021-12-13 00:00:00+07:00,5925,5975,5875,5900,4234,30655800
2021-12-14 00:00:00+07:00,5925,5925,5850,5875,4216,17233700
2021-12-15 00:00:00+07:00,5900,6050,5875,6000,4306,51113700
2021-12-16 00:00:00+07:00,6025,6050,5800,5800,4162,56929600
2021-12-17 00:00:00+07:00,5800,5825,5725,5800,4162,55854900
2021-12-20 00:00:00+07:00,5750,5775,5675,5675,4073,26290000
2021-12-21 00:00:00+07:00,5675,5750,5650,5650,4055,29127800
2021-12-22 00:00:00+07:00,5700,5775,5625,5625,4037,33727100
2021-12-23 00:00:00+07:00,5650,5750,5625,5725,4108,21744100
2021-12-24 00:00:00+07:00,5725,5750,5650,5675,4073,16203800
2021-12-27 00:00:00+07:00,5725,5750,5650,5675,4073,20426700
2021-12-28 00:00:00+07:00,5675,5750,5650,5725,4108,21833300
2021-12-29 00:00:00+07:00,5750,5775,5675,5750,4126,14260000
2021-12-30 00:00:00+07:00,5775,5775,5700,5700,4090,17144000
2022-01-03 00:00:00+07:00,5675,5750,5625,5725,4108,27052300
2022-01-04 00:00:00+07:00,5750,5875,5725,5775,4144,29770700
2022-01-05 00:00:00+07:00,5725,5775,5550,5575,4001,50423900
2022-01-06 00:00:00+07:00,5600,5675,5575,5675,4073,32155800
2022-01-07 00:00:00+07:00,5725,5750,5650,5700,4090,25014800
2022-01-10 00:00:00+07:00,5675,5725,5650,5650,4055,15379400
2022-01-11 00:00:00+07:00,5700,5700,5650,5700,4090,21800300
2022-01-12 00:00:00+07:00,5725,5725,5650,5725,4108,21283700
2022-01-13 00:00:00+07:00,5725,5775,5675,5775,4144,18618100
2022-01-14 00:00:00+07:00,5775,5800,5700,5725,4108,17719100
2022-01-17 00:00:00+07:00,5775,5775,5650,5675,4073,15859100
2022-01-18 00:00:00+07:00,5675,5725,5575,5650,4055,28165300
2022-01-19 00:00:00+07:00,5650,5675,5575,5600,4019,38051800
2022-01-20 00:00:00+07:00,5600,5625,5500,5525,3965,46564600
2022-01-21 00:00:00+07:00,5525,5625,5500,5600,4019,40709600
2022-01-24 00:00:00+07:00,5600,5625,5525,5525,3965,27127800
2022-01-25 00:00:00+07:00,5500,5500,5375,5450,3911,56709200
2022-01-26 00:00:00+07:00,5500,5500,5425,5450,3911,27985700
2022-01-27 00:00:00+07:00,5425,5525,5400,5475,3929,34574800
2022-01-28 00:00:00+07:00,5475,5525,5450,5475,3929,27378500
2022-01-31 00:00:00+07:00,5475,5550,5450,5475,3929,32006300
2022-02-02 00:00:00+07:00,5500,5525,5425,5500,3947,33450400
2022-02-03 00:00:00+07:00,5500,5550,5450,5500,3947,38565600
2022-02-04 00:00:00+07:00,5525,5525,5475,5500,3947,16052500
2022-02-07 00:00:00+07:00,5500,5525,5450,5475,3929,46685400
2022-02-08 00:00:00+07:00,5525,5700,5500,5550,3983,95691000
2022-02-09 00:00:00+07:00,5550,5650,5475,5550,3983,80244900
2022-02-10 00:00:00+07:00,5575,5625,5450,5450,3911,93265400
2022-02-11 00:00:00+07:00,5450,5475,5400,5450,3911,36376700
2022-02-14 00:00:00+07:00,5400,5425,5250,5300,3803,74307400
2022-02-15 00:00:00+07:00,5300,5525,5300,5500,3947,77964800
2022-02-16 00:00:00+07:00,5550,5600,5475,5475,3929,46730000
2022-02-17 00:00:00+07:00,5500,5525,5425,5475,3929,47572000
2022-02-18 00:00:00+07:00,5450,5625,5425,5600,4019,53981400
2022-02-21 00:00:00+07:00,5625,5650,5550,5575,4001,27509200
2022-02-22 00:00:00+07:00,5525,5575,5450,5575,4001,49233600
2022-02-23 00:00:00+07:00,5575,5650,5525,5650,4055,44299100
2022-02-24 00:00:00+07:00,5625,5775,5525,5700,4090,76492000
2022-02-25 00:00:00+07:00,5700,5800,5650,5800,4162,97598000
2022-03-01 00:00:00+07:00,5800,5950,5700,5700,4090,101227600
2022-03-02 00:00:00+07:00,5650,5700,5500,5525,3965,80565600
2022-03-04 00:00:00+07:00,5575,5675,5525,5625,4037,50348400
2022-03-07 00:00:00+07:00,5600,5825,5550,5800,4162,59978000
2022-03-08 00:00:00+07:00,6000,6550,5975,6250,4485,256655000
2022-03-09 00:00:00+07:00,6500,6500,6225,6300,4521,107853200
2022-03-10 00:00:00+07:00,6300,6300,6150,6250,4485,56584100
2022-03-11 00:00:00+07:00,6175,6300,6125,6275,4503,32940500
2022-03-14 00:00:00+07:00,6350,6425,6300,6375,4575,61811900
2022-03-15 00:00:00+07:00,6425,6450,6275,6300,4521,57193600
2022-03-16 00:00:00+07:00,6325,6400,6300,6400,4593,55776300
2022-03-17 00:00:00+07:00,6400,6475,6350,6425,4611,53844700
2022-03-18 00:00:00+07:00,6450,6450,6325,6400,4593,69493500
2022-03-21 00:00:00+07:00,6450,6600,6450,6600,4736,72452300
2022-03-22 00:00:00+07:00,6600,6600,6500,6575,4718,39260600
2022-03-23 00:00:00+07:00,6575,6575,6450,6475,4647,27348900
2022-03-24 00:00:00+07:00,6425,6575,6425,6575,4718,37635100
2022-03-25 00:00:00+07:00,6550,6575,6375,6400,4593,42984300
2022-03-28 00:00:00+07:00,6400,6775,6400,6700,4808,68545500
2022-03-29 00:00:00+07:00,6600,6700,6550,6550,4700,24901500
2022-03-30 00:00:00+07:00,6550,6650,6500,6650,4772,34320500
2022-03-31 00:00:00+07:00,6675,6675,6575,6575,4718,41346500
2022-04-01 00:00:00+07:00,6775,6775,6625,6700,4808,35365600
2022-04-04 00:00:00+07:00,6775,6825,6675,6825,4898,29374100
2022-04-05 00:00:00+07:00,6825,6900,6725,6900,4952,28581200
2022-04-06 00:00:00+07:00,6825,7000,6800,7000,5023,48854700
2022-04-07 00:00:00+07:00,6950,7000,6850,6900,4952,41492600
2022-04-08 00:00:00+07:00,7000,7075,6900,7000,5023,55006300
2022-04-11 00:00:00+07:00,6975,7000,6750,6850,4916,51481700
2022-04-12 00:00:00+07:00,6875,6950,6825,6950,4988,41879800
2022-04-13 00:00:00+07:00,6950,7000,6875,6975,5005,52818100
2022-04-14 00:00:00+07:00,6975,7050,6875,6875,4934,23891600
2022-04-18 00:00:00+07:00,6900,7050,6900,7000,5023,32962100
2022-04-19 00:00:00+07:00,7050,7050,6800,6900,4952,29237600
2022-04-20 00:00:00+07:00,6900,6975,6825,6900,4952,39881900
2022-04-21 00:00:00+07:00,6925,7100,6900,7000,5023,51438900
2022-04-22 00:00:00+07:00,6975,7100,6875,7050,5059,39795300
2022-04-25 00:00:00+07:00,7050,7150,6875,7075,5077,52305700
2022-04-26 00:00:00+07:00,7100,7200,7000,7200,5167,39223700
2022-04-27 00:00:00+07:00,7175,7200,7050,7125,5113,34988500
2022-04-28 00:00:00+07:00,7250,7700,7225,7575,5436,118152200
2022-05-09 00:00:00+07:00,7425,7425,7050,7050,5192,81089600
2022-05-10 00:00:00+07:00,6650,7000,6625,7000,5155,118477400
2022-05-11 00:00:00+07:00,7025,7225,6900,6900,5082,71287600
2022-05-12 00:00:00+07:00,6900,7025,6725,6850,5045,45587500
2022-05-13 00:00:00+07:00,6900,7225,6850,7125,5247,73260300
2022-05-17 00:00:00+07:00,7250,7300,7000,7000,5155,40279200
2022-05-18 00:00:00+07:00,6975,7200,6925,7100,5229,44859900
2022-05-19 00:00:00+07:00,6925,7125,6850,7000,5155,27558300
2022-05-20 00:00:00+07:00,7050,7200,7050,7125,5247,37674800
2022-05-23 00:00:00+07:00,7125,7175,6825,6950,5119,46368600
2022-05-24 00:00:00+07:00,7025,7200,7025,7150,5266,52177200
2022-05-25 00:00:00+07:00,7100,7175,7050,7100,5229,51200500
2022-05-27 00:00:00+07:00,7200,7300,7150,7225,5321,34766600
2022-05-30 00:00:00+07:00,7275,7275,7125,7250,5340,37147800
2022-05-31 00:00:00+07:00,7250,7475,7250,7350,5413,90800300
2022-06-02 00:00:00+07:00,7300,7500,7250,7325,5395,72733400
2022-06-03 00:00:00+07:00,7350,7475,7300,7300,5376,43947400
2022-06-06 00:00:00+07:00,7200,7250,7075,7225,5321,53388400
2022-06-07 00:00:00+07:00,7300,7400,7200,7200,5303,54814500
2022-06-08 00:00:00+07:00,7150,7350,7150,7175,5284,33478600
2022-06-09 00:00:00+07:00,7150,7350,7150,7200,5303,37787500
2022-06-10 00:00:00+07:00,7100,7175,6925,6925,5100,57621000
2022-06-13 00:00:00+07:00,6900,7100,6725,7025,5174,59781700
2022-06-14 00:00:00+07:00,6875,7000,6875,6975,5137,38001800
2022-06-15 00:00:00+07:00,6975,6975,6700,6700,4934,50804600
2022-06-16 00:00:00+07:00,6850,6950,6750,6850,5045,74982600
2022-06-17 00:00:00+07:00,6675,6950,6675,6950,5119,63931400
2022-06-20 00:00:00+07:00,6950,6975,6750,6925,5100,44263700
2022-06-21 00:00:00+07:00,6900,6975,6850,6850,5045,31247000
2022-06-22 00:00:00+07:00,6850,6925,6775,6800,5008,35536800
2022-06-23 00:00:00+07:00,6850,6875,6750,6875,5063,30137200
2022-06-24 00:00:00+07:00,6900,6900,6650,6675,4916,42386000
2022-06-27 00:00:00+07:00,6700,6750,6550,6650,4898,48277300
2022-06-28 00:00:00+07:00,6650,6700,6600,6700,4934,36838200
2022-06-29 00:00:00+07:00,6625,6700,6500,6500,4787,46682700
2022-06-30 00:00:00+07:00,6525,6650,6500,6625,4879,52839200
2022-07-01 00:00:00+07:00,6675,6675,6500,6525,4806,52387100
2022-07-04 00:00:00+07:00,6500,6575,6300,6500,4787,43087400
2022-07-05 00:00:00+07:00,6500,6525,6325,6325,4658,39700000
2022-07-06 00:00:00+07:00,6300,6400,6050,6075,4474,67773900
2022-07-07 00:00:00+07:00,6025,6125,5900,5950,4382,62871600
2022-07-08 00:00:00+07:00,6025,6075,5950,5975,4401,78131700
2022-07-11 00:00:00+07:00,5975,6075,5925,6050,4456,49946600
2022-07-12 00:00:00+07:00,6050,6150,6050,6100,4493,22900800
2022-07-13 00:00:00+07:00,6100,6100,5825,5825,4290,56747900
2022-07-14 00:00:00+07:00,5825,6100,5825,6100,4493,59847700
2022-07-15 00:00:00+07:00,6000,6075,5925,5950,4382,32403800
2022-07-18 00:00:00+07:00,5975,6025,5950,6025,4437,27618400
2022-07-19 00:00:00+07:00,6025,6150,6025,6075,4474,50725600
2022-07-20 00:00:00+07:00,6175,6275,6100,6275,4621,70493600
2022-07-21 00:00:00+07:00,6200,6250,6050,6175,4548,55415500
2022-07-22 00:00:00+07:00,6175,6175,6050,6075,4474,37583800
2022-07-25 00:00:00+07:00,6050,6150,6050,6075,4474,24674200
2022-07-26 00:00:00+07:00,6100,6125,6075,6100,4493,21937400
2022-07-27 00:00:00+07:00,6125,6125,6000,6100,4493,35066000
2022-07-28 00:00:00+07:00,6125,6150,6025,6050,4456,51909300
2022-07-29 00:00:00+07:00,6150,6425,6125,6325,4658,150285200
2022-08-01 00:00:00+07:00,6425,6550,6350,6475,4769,55511700
2022-08-02 00:00:00+07:00,6475,6475,6275,6475,4769,53235100
2022-08-03 00:00:00+07:00,6450,6600,6375,6600,4861,40666300
2022-08-04 00:00:00+07:00,6700,6700,6450,6600,4861,66966300
2022-08-05 00:00:00+07:00,6600,6650,6475,6625,4879,46702100
2022-08-08 00:00:00+07:00,6625,6700,6525,6700,4934,32971000
2022-08-09 00:00:00+07:00,6725,6825,6700,6750,4971,61001700
2022-08-10 00:00:00+07:00,6775,6850,6600,6850,5045,37086500
2022-08-11 00:00:00+07:00,6975,7000,6900,6950,5119,42007400
2022-08-12 00:00:00+07:00,6950,7000,6850,6950,5119,58469000
2022-08-15 00:00:00+07:00,6925,6950,6800,6875,5063,35283300
2022-08-16 00:00:00+07:00,6875,7050,6875,6975,5137,61907800
2022-08-18 00:00:00+07:00,6975,7000,6850,6975,5137,25190000
2022-08-19 00:00:00+07:00,6975,7000,6900,6975,5137,32914500
2022-08-22 00:00:00+07:00,6875,6925,6800,6925,5100,48266600
2022-08-23 00:00:00+07:00,6900,7025,6850,6975,5137,56381000
2022-08-24 00:00:00+07:00,6925,7050,6900,7050,5192,30605000
2022-08-25 00:00:00+07:00,7050,7050,6950,6975,5137,22793800
2022-08-26 00:00:00+07:00,6975,7025,6850,6875,5063,31120500
2022-08-29 00:00:00+07:00,6800,6900,6750,6825,5027,29722100
2022-08-30 00:00:00+07:00,6850,7025,6850,6900,5082,45566100
2022-08-31 00:00:00+07:00,6875,6975,6775,6975,5137,55714900
2022-09-01 00:00:00+07:00,6975,7025,6900,6925,5100,36691900
2022-09-02 00:00:00+07:00,6950,7000,6875,6925,5100,26077700
2022-09-05 00:00:00+07:00,6900,6925,6850,6875,5063,24953800
2022-09-06 00:00:00+07:00,6875,6950,6850,6900,5082,18626800
2022-09-07 00:00:00+07:00,6800,6875,6625,6650,4898,77218400
2022-09-08 00:00:00+07:00,6650,6750,6625,6650,4898,39405200
2022-09-09 00:00:00+07:00,6675,6775,6625,6775,4990,31904200
2022-09-12 00:00:00+07:00,6775,6975,6725,6975,5137,51563200
2022-09-13 00:00:00+07:00,7025,7225,6950,7200,5303,70555900
2022-09-14 00:00:00+07:00,7100,7300,7050,7150,5266,56832100
2022-09-15 00:00:00+07:00,7125,7225,7050,7050,5192,63346200
2022-09-16 00:00:00+07:00,7000,7050,6900,6900,5082,65885100
2022-09-19 00:00:00+07:00,6950,7225,6925,7125,5247,52232700
2022-09-20 00:00:00+07:00,7150,7250,7100,7175,5284,47337700
2022-09-21 00:00:00+07:00,7125,7200,7100,7150,5266,26007500
2022-09-22 00:00:00+07:00,7025,7225,7000,7175,5284,26295200
2022-09-23 00:00:00+07:00,7100,7175,7050,7150,5266,22258800
2022-09-26 00:00:00+07:00,7000,7025,6850,6975,5137,61422800
2022-09-27 00:00:00+07:00,7000,7050,6950,6950,5119,42809400
2022-09-28 00:00:00+07:00,6950,7000,6800,6800,5008,50825400
2022-09-29 00:00:00+07:00,6850,6900,6700,6775,4990,36653400
2022-09-30 00:00:00+07:00,6700,6750,6600,6625,4879,71017400
2022-10-03 00:00:00+07:00,6650,6700,6600,6625,4879,27280600
2022-10-04 00:00:00+07:00,6725,6800,6700,6725,4953,33322400
2022-10-05 00:00:00+07:00,6800,6825,6675,6675,4916,31019300
2022-10-06 00:00:00+07:00,6675,6750,6600,6600,4861,37002600
2022-10-07 00:00:00+07:00,6550,6575,6450,6475,4769,54850200
2022-10-10 00:00:00+07:00,6425,6525,6375,6500,4787,34319700
2022-10-11 00:00:00+07:00,6400,6575,6400,6525,4806,35320000
2022-10-12 00:00:00+07:00,6450,6475,6350,6350,4741,72794100
2022-10-13 00:00:00+07:00,6375,6400,6275,6350,4741,44281200
2022-10-14 00:00:00+07:00,6500,6500,6350,6350,4741,45496900
2022-10-17 00:00:00+07:00,6325,6525,6200,6425,4797,50710300
2022-10-18 00:00:00+07:00,6450,6500,6350,6350,4741,42600400
2022-10-19 00:00:00+07:00,6425,6525,6400,6525,4871,25542800
2022-10-20 00:00:00+07:00,6500,6525,6400,6425,4797,32226200
2022-10-21 00:00:00+07:00,6475,6675,6450,6575,4909,52148500
2022-10-24 00:00:00+07:00,6575,6700,6575,6650,4965,37202900
2022-10-25 00:00:00+07:00,6700,6700,6600,6700,5002,37836000
2022-10-26 00:00:00+07:00,6700,6700,6575,6575,4909,36289700
2022-10-27 00:00:00+07:00,6575,6675,6525,6650,4965,30429800
2022-10-28 00:00:00+07:00,6650,6650,6500,6550,4890,28492900
2022-10-31 00:00:00+07:00,6550,6650,6550,6650,4965,45774000
2022-11-01 00:00:00+07:00,6650,6675,6475,6575,4909,59240700
2022-11-02 00:00:00+07:00,6525,6550,6375,6425,4797,59695600
2022-11-03 00:00:00+07:00,6375,6425,6350,6375,4759,29905800
2022-11-04 00:00:00+07:00,6350,6425,6350,6425,4797,60465200
2022-11-07 00:00:00+07:00,6425,6500,6425,6500,4853,41824000
2022-11-08 00:00:00+07:00,6500,6525,6450,6525,4871,35241500
2022-11-09 00:00:00+07:00,6525,6550,6475,6550,4890,45144800
2022-11-10 00:00:00+07:00,6550,6550,6450,6525,4871,33770400
2022-11-11 00:00:00+07:00,6600,6625,6450,6450,4815,50938200
2022-11-14 00:00:00+07:00,6450,6475,6300,6300,4703,46011200
2022-11-15 00:00:00+07:00,6300,6350,6200,6225,4647,65536000
2022-11-16 00:00:00+07:00,6175,6200,6100,6175,4610,60298900
2022-11-17 00:00:00+07:00,6200,6300,6050,6300,4703,35165100
2022-11-18 00:00:00+07:00,6275,6300,6200,6225,4647,29302300
2022-11-21 00:00:00+07:00,6275,6350,6250,6325,4722,19074900
2022-11-22 00:00:00+07:00,6325,6350,6225,6225,4647,33102700
2022-11-23 00:00:00+07:00,6275,6300,6200,6200,4629,30863200
2022-11-24 00:00:00+07:00,6200,6275,6200,6200,4629,21534300
2022-11-25 00:00:00+07:00,6175,6200,6125,6175,4610,40948100
2022-11-28 00:00:00+07:00,6175,6275,6150,6225,4647,37901700
2022-11-29 00:00:00+07:00,6125,6150,6025,6050,4517,121505900
2022-11-30 00:00:00+07:00,6050,6200,6025,6050,4517,191276100
2022-12-01 00:00:00+07:00,6100,6200,6100,6175,4610,88307900
2022-12-02 00:00:00+07:00,6175,6175,6050,6125,4573,51843800
2022-12-05 00:00:00+07:00,6075,6100,6000,6025,4498,64357800
2022-12-06 00:00:00+07:00,6000,6025,5800,5875,4386,69873000
2022-12-07 00:00:00+07:00,5800,5900,5700,5725,4274,116677600
2022-12-08 00:00:00+07:00,5650,5800,5550,5675,4237,161238600
2022-12-09 00:00:00+07:00,5700,5750,5650,5675,4237,55355700
2022-12-12 00:00:00+07:00,5675,5725,5625,5675,4237,92687900
2022-12-13 00:00:00+07:00,5700,5900,5675,5825,4349,113893000
2022-12-14 00:00:00+07:00,5925,5950,5775,5825,4349,78775300
2022-12-15 00:00:00+07:00,5825,5850,5750,5800,4330,61581800
2022-12-16 00:00:00+07:00,5775,5800,5700,5775,4311,95271600
2022-12-19 00:00:00+07:00,5850,5850,5650,5700,4255,57531200
2022-12-20 00:00:00+07:00,5675,5750,5675,5700,4255,25876100
2022-12-21 00:00:00+07:00,5700,5725,5650,5700,4255,34940600
2022-12-22 00:00:00+07:00,5700,5775,5675,5775,4311,32103400
2022-12-23 00:00:00+07:00,5750,5775,5650,5675,4237,31969000
2022-12-26 00:00:00+07:00,5675,5725,5625,5650,4218,13540500
2022-12-27 00:00:00+07:00,5700,5750,5650,5675,4237,13680300
2022-12-28 00:00:00+07:00,5725,5725,5575,5625,4199,29919100
2022-12-29 00:00:00+07:00,5600,5675,5550,5650,4218,32241500
2022-12-30 00:00:00+07:00,5675,5750,5650,5700,4255,36384500
2023-01-02 00:00:00+07:00,5725,5725,5625,5700,4255,12068800
2023-01-03 00:00:00+07:00,5675,5700,5625,5650,4218,22854400
2023-01-04 00:00:00+07:00,5650,5700,5625,5675,4237,32578900
2023-01-05 00:00:00+07:00,5650,5700,5375,5375,4013,106047000
2023-01-06 00:00:00+07:00,5400,5525,5350,5450,4069,59754600
2023-01-09 00:00:00+07:00,5500,5500,5275,5350,3994,63437700
2023-01-10 00:00:00+07:00,5375,5375,5275,5325,3975,62964600
2023-01-11 00:00:00+07:00,5325,5350,5200,5225,3901,45514800
2023-01-12 00:00:00+07:00,5200,5375,5200,5350,3994,61374300
2023-01-13 00:00:00+07:00,5375,5500,5300,5450,4069,52039800
2023-01-16 00:00:00+07:00,5525,5600,5475,5600,4181,48458700
2023-01-17 00:00:00+07:00,5600,5650,5500,5550,4143,66999600
2023-01-18 00:00:00+07:00,5550,5650,5550,5650,4218,28120700
2023-01-19 00:00:00+07:00,5650,5875,5650,5850,4367,95543300
2023-01-20 00:00:00+07:00,5875,5900,5775,5900,4405,54173000
2023-01-24 00:00:00+07:00,5900,5950,5850,5925,4423,26217800
2023-01-25 00:00:00+07:00,5900,5950,5850,5950,4442,18115800
2023-01-26 00:00:00+07:00,5925,5950,5850,5900,4405,40168400
2023-01-27 00:00:00+07:00,5925,5950,5875,5875,4386,31869800
2023-01-30 00:00:00+07:00,5875,5900,5775,5875,4386,34817500
2023-01-31 00:00:00+07:00,5925,6025,5900,6000,4479,89064100
2023-02-01 00:00:00+07:00,6000,6000,5925,6000,4479,35355300
2023-02-02 00:00:00+07:00,5950,5975,5875,5925,4423,30039900
2023-02-03 00:00:00+07:00,5975,5975,5875,5875,4386,24629700
2023-02-06 00:00:00+07:00,5875,5900,5825,5850,4367,31033700
2023-02-07 00:00:00+07:00,5825,5925,5825,5875,4386,29536700
2023-02-08 00:00:00+07:00,5875,5900,5775,5800,4330,27235100
2023-02-09 00:00:00+07:00,5825,5850,5675,5675,4237,48263600
2023-02-10 00:00:00+07:00,5600,5700,5550,5700,4255,71158200
2023-02-13 00:00:00+07:00,5700,5750,5675,5725,4274,22154800
2023-02-14 00:00:00+07:00,5750,5800,5700,5725,4274,31292000
2023-02-15 00:00:00+07:00,5725,5725,5575,5675,4237,38862100
2023-02-16 00:00:00+07:00,5700,5700,5625,5700,4255,19014100
2023-02-17 00:00:00+07:00,5700,5725,5625,5675,4237,31273200
2023-02-20 00:00:00+07:00,5675,5700,5575,5600,4181,29576500
2023-02-21 00:00:00+07:00,5600,5650,5550,5575,4162,26985200
2023-02-22 00:00:00+07:00,5550,5650,5550,5625,4199,24822300
2023-02-23 00:00:00+07:00,5650,5700,5575,5650,4218,33406700
2023-02-24 00:00:00+07:00,5675,5800,5650,5750,4293,30869400
2023-02-27 00:00:00+07:00,5725,5800,5700,5800,4330,28650400
2023-02-28 00:00:00+07:00,6200,6275,6100,6100,4554,154669700
2023-03-01 00:00:00+07:00,6100,6175,6050,6150,4591,49851200
2023-03-02 00:00:00+07:00,6150,6175,6075,6150,4591,26943600
2023-03-03 00:00:00+07:00,6150,6150,6025,6050,4517,32818500
2023-03-06 00:00:00+07:00,6100,6125,6050,6075,4535,22141000
2023-03-07 00:00:00+07:00,6050,6075,5900,5950,4442,41630000
2023-03-08 00:00:00+07:00,5900,5975,5875,5925,4423,40374900
2023-03-09 00:00:00+07:00,5975,6050,5950,6025,4498,23104400
2023-03-10 00:00:00+07:00,5975,6000,5900,5975,4461,33330500
2023-03-13 00:00:00+07:00,5900,5975,5850,5925,4423,28402600
2023-03-14 00:00:00+07:00,5900,5925,5750,5775,4311,56988600
2023-03-15 00:00:00+07:00,5850,5875,5775,5775,4311,40170800
2023-03-16 00:00:00+07:00,5775,5875,5675,5850,4367,33947700
2023-03-17 00:00:00+07:00,5875,5925,5850,5850,4367,74811900
2023-03-20 00:00:00+07:00,5850,5900,5800,5875,4386,22146000
2023-03-21 00:00:00+07:00,5850,5975,5850,5875,4386,40671600
2023-03-24 00:00:00+07:00,5925,6000,5900,5950,4442,60721800
2023-03-27 00:00:00+07:00,5950,5975,5875,5875,4386,32493100
2023-03-28 00:00:00+07:00,5900,5925,5850,5850,4367,42944400
2023-03-29 00:00:00+07:00,5850,6050,5850,5950,4442,81945000
2023-03-30 00:00:00+07:00,5975,5975,5900,5900,4405,40174400
2023-03-31 00:00:00+07:00,5950,6025,5925,6000,4479,40364100
2023-04-03 00:00:00+07:00,6050,6100,5975,6000,4479,44636200
2023-04-04 00:00:00+07:00,6025,6050,5950,6025,4498,35612700
2023-04-05 00:00:00+07:00,6025,6050,5975,6000,4479,27556300
2023-04-06 00:00:00+07:00,6000,6000,5925,5925,4423,32964500
2023-04-10 00:00:00+07:00,5950,5975,5875,5975,4461,40039500
2023-04-11 00:00:00+07:00,5950,6100,5925,6075,4535,37545800
2023-04-12 00:00:00+07:00,6150,6300,6125,6250,4666,126817700
2023-04-13 00:00:00+07:00,6225,6275,6175,6250,4666,35138600
2023-04-14 00:00:00+07:00,6275,6300,6200,6200,4629,45556300
2023-04-17 00:00:00+07:00,6200,6275,6200,6225,4647,33965200
2023-04-18 00:00:00+07:00,6275,6475,6275,6425,4797,101792500
2023-04-26 00:00:00+07:00,6625,6700,6500,6700,5002,182919200
2023-04-27 00:00:00+07:00,6675,6725,6625,6700,5002,45762900
2023-04-28 00:00:00+07:00,6700,6750,6675,6750,5039,64976400
2023-05-02 00:00:00+07:00,6775,6775,6600,6675,4983,62972600
2023-05-03 00:00:00+07:00,6700,6725,6550,6625,4946,106341300
2023-05-04 00:00:00+07:00,6600,6625,6550,6600,4927,132167800
2023-05-05 00:00:00+07:00,6150,6150,6150,6150,5010,82270600
2023-05-08 00:00:00+07:00,6150,6175,6050,6125,4990,95087500
2023-05-09 00:00:00+07:00,6125,6325,6075,6325,5153,96938100
2023-05-10 00:00:00+07:00,6350,6425,6300,6325,5153,52404700
2023-05-11 00:00:00+07:00,6350,6350,6175,6250,5092,39596900
2023-05-12 00:00:00+07:00,6225,6275,6175,6225,5071,67576500
2023-05-15 00:00:00+07:00,6275,6350,6175,6350,5173,42039400
2023-05-16 00:00:00+07:00,6350,6400,6250,6275,5112,19445400
2023-05-17 00:00:00+07:00,6350,6350,6275,6325,5153,29480000
2023-05-19 00:00:00+07:00,6400,6550,6350,6475,5275,75548600
2023-05-22 00:00:00+07:00,6525,6650,6425,6600,5377,63793800
2023-05-23 00:00:00+07:00,6600,6650,6550,6600,5377,49261900
2023-05-24 00:00:00+07:00,6575,6675,6500,6675,5438,54136600
2023-05-25 00:00:00+07:00,6700,6700,6525,6600,5377,43564900
2023-05-26 00:00:00+07:00,6600,6600,6525,6600,5377,25356200
2023-05-29 00:00:00+07:00,6625,6625,6475,6600,5377,27939400
2023-05-30 00:00:00+07:00,6575,6600,6500,6500,5296,23340800
2023-05-31 00:00:00+07:00,6500,6600,6450,6450,5255,154796300
2023-06-05 00:00:00+07:00,6525,7000,6500,6825,5560,200252000
2023-06-06 00:00:00+07:00,6800,6925,6750,6800,5540,65282100
2023-06-07 00:00:00+07:00,6800,6850,6675,6800,5540,81991400
2023-06-08 00:00:00+07:00,6725,6775,6700,6775,5520,32704900
2023-06-09 00:00:00+07:00,6750,6800,6700,6800,5540,24893400
2023-06-12 00:00:00+07:00,6800,6800,6675,6775,5520,37558000
2023-06-13 00:00:00+07:00,6775,6825,6750,6750,5499,23911800
2023-06-14 00:00:00+07:00,6750,6900,6750,6900,5621,34146100
2023-06-15 00:00:00+07:00,6900,6900,6825,6875,5601,16414000
2023-06-16 00:00:00+07:00,6850,6875,6775,6850,5581,63892800
2023-06-19 00:00:00+07:00,6800,6875,6775,6875,5601,12514200
2023-06-20 00:00:00+07:00,6825,6850,6775,6800,5540,24394300
2023-06-21 00:00:00+07:00,6775,6975,6750,6925,5642,37629300
2023-06-22 00:00:00+07:00,6875,6900,6775,6775,5520,51199300
2023-06-23 00:00:00+07:00,6775,6825,6700,6775,5520,32156800
2023-06-26 00:00:00+07:00,6800,6900,6775,6800,5540,31726400
2023-06-27 00:00:00+07:00,6800,6850,6775,6775,5520,36422700
2023-07-03 00:00:00+07:00,6775,6825,6750,6825,5560,37348600
2023-07-04 00:00:00+07:00,6825,6825,6700,6775,5520,20047800
2023-07-05 00:00:00+07:00,6775,6775,6700,6775,5520,34751800
2023-07-06 00:00:00+07:00,6775,6800,6750,6800,5540,35473800
2023-07-07 00:00:00+07:00,6775,6825,6750,6825,5560,28755500
2023-07-10 00:00:00+07:00,6825,6825,6775,6775,5520,15301300
2023-07-11 00:00:00+07:00,6775,6800,6750,6800,5540,32949200
2023-07-12 00:00:00+07:00,6775,6825,6750,6775,5520,29210200
2023-07-13 00:00:00+07:00,6775,6825,6750,6800,5540,31298400
2023-07-14 00:00:00+07:00,6775,6825,6700,6750,5499,56060600
2023-07-17 00:00:00+07:00,6750,6775,6675,6675,5438,41698600
2023-07-18 00:00:00+07:00,6675,6700,6475,6575,5357,68904700
2023-07-20 00:00:00+07:00,6575,6575,6450,6525,5316,64069100
2023-07-21 00:00:00+07:00,6500,6525,6375,6450,5255,64037700
2023-07-24 00:00:00+07:00,6400,6600,6400,6550,5336,40830500
2023-07-25 00:00:00+07:00,6600,6625,6500,6500,5296,23958900
2023-07-26 00:00:00+07:00,6575,6625,6500,6600,5377,38599800
2023-07-27 00:00:00+07:00,6600,6600,6500,6525,5316,27816700
2023-07-28 00:00:00+07:00,6500,6625,6475,6625,5397,28288300
2023-07-31 00:00:00+07:00,6750,6950,6725,6850,5581,87828900
2023-08-01 00:00:00+07:00,6875,6900,6800,6875,5601,29425300
2023-08-02 00:00:00+07:00,6825,6850,6775,6850,5581,29463700
2023-08-03 00:00:00+07:00,6800,6900,6775,6825,5560,29272000
2023-08-04 00:00:00+07:00,6825,6850,6750,6800,5540,16646300
2023-08-07 00:00:00+07:00,6825,6900,6750,6875,5601,32608000
2023-08-08 00:00:00+07:00,6850,6900,6825,6850,5581,16515100
2023-08-09 00:00:00+07:00,6850,6875,6825,6875,5601,13781700
2023-08-10 00:00:00+07:00,6850,6875,6750,6750,5499,32076700
2023-08-11 00:00:00+07:00,6750,6775,6650,6750,5499,42320900
2023-08-14 00:00:00+07:00,6700,6800,6700,6800,5540,27616200
2023-08-15 00:00:00+07:00,6725,6775,6675,6725,5479,32385400
2023-08-16 00:00:00+07:00,6675,6750,6650,6750,5499,24913200
2023-08-18 00:00:00+07:00,6675,6700,6500,6525,5316,69001300
2023-08-21 00:00:00+07:00,6525,6550,6425,6475,5275,34702500
2023-08-22 00:00:00+07:00,6450,6600,6450,6550,5336,37704700
2023-08-23 00:00:00+07:00,6550,6600,6525,6550,5336,27624900
2023-08-24 00:00:00+07:00,6550,6600,6475,6475,5275,33278500
2023-08-25 00:00:00+07:00,6475,6500,6400,6450,5255,35673300
2023-08-28 00:00:00+07:00,6500,6500,6400,6425,5234,14871100
2023-08-29 00:00:00+07:00,6450,6450,6375,6400,5214,29937800
2023-08-30 00:00:00+07:00,6450,6525,6400,6450,5255,41993300
2023-08-31 00:00:00+07:00,6450,6475,6400,6450,5255,44502000
2023-09-01 00:00:00+07:00,6475,6575,6475,6550,5336,26069500
2023-09-04 00:00:00+07:00,6575,6600,6525,6600,5377,17384000
2023-09-05 00:00:00+07:00,6600,6650,6550,6600,5377,23070700
2023-09-06 00:00:00+07:00,6575,6625,6525,6525,5316,18421300
2023-09-07 00:00:00+07:00,6475,6500,6350,6400,5214,49921600
2023-09-08 00:00:00+07:00,6450,6450,6350,6400,5214,32416900
2023-09-11 00:00:00+07:00,6400,6425,6300,6375,5194,33422100
2023-09-12 00:00:00+07:00,6375,6375,6300,6300,5133,30225600
2023-09-13 00:00:00+07:00,6325,6325,6225,6300,5133,40040900
2023-09-14 00:00:00+07:00,6325,6375,6250,6325,5153,40259300
2023-09-15 00:00:00+07:00,6250,6325,6200,6300,5133,132198700
2023-09-18 00:00:00+07:00,6275,6325,6250,6300,5133,35517300
2023-09-19 00:00:00+07:00,6300,6375,6275,6350,5173,31439200
2023-09-20 00:00:00+07:00,6350,6400,6300,6300,5133,39764900
2023-09-21 00:00:00+07:00,6300,6325,6200,6200,5051,46231100
2023-09-22 00:00:00+07:00,6200,6275,6175,6200,5051,30610900
2023-09-25 00:00:00+07:00,6225,6275,6200,6250,5092,32700500
2023-09-26 00:00:00+07:00,6225,6300,6200,6200,5051,43217400
2023-09-27 00:00:00+07:00,6200,6250,6125,6150,5010,31688400
2023-09-29 00:00:00+07:00,6250,6275,6200,6225,5071,20902300
2023-10-02 00:00:00+07:00,6275,6350,6250,6275,5112,23884400
2023-10-03 00:00:00+07:00,6275,6275,6200,6200,5051,25350100
2023-10-04 00:00:00+07:00,6175,6200,6050,6075,4949,55496200
2023-10-05 00:00:00+07:00,6125,6175,6025,6025,4909,55924900
2023-10-06 00:00:00+07:00,6050,6150,6050,6075,4949,18104300
2023-10-09 00:00:00+07:00,6150,6225,6100,6125,4990,43718300
2023-10-10 00:00:00+07:00,6175,6175,6050,6050,4929,36797700
2023-10-11 00:00:00+07:00,6075,6125,6050,6050,4929,45959600
2023-10-12 00:00:00+07:00,6000,6025,5950,5950,4927,71954600
2023-10-13 00:00:00+07:00,6000,6025,5950,5975,4948,32794800
2023-10-16 00:00:00+07:00,5925,5975,5825,5850,4844,52414600
2023-10-17 00:00:00+07:00,5875,5925,5850,5850,4844,40295600
2023-10-18 00:00:00+07:00,5850,6000,5825,5825,4824,53751300
2023-10-19 00:00:00+07:00,5825,5850,5700,5725,4741,60258300
2023-10-20 00:00:00+07:00,5675,5750,5650,5700,4720,56606100
2023-10-23 00:00:00+07:00,5725,5750,5600,5600,4637,57516800
2023-10-24 00:00:00+07:00,5600,5850,5600,5800,4803,57283100
2023-10-25 00:00:00+07:00,5825,5925,5775,5775,4782,51542400
2023-10-26 00:00:00+07:00,5775,5800,5675,5725,4741,18969800
2023-10-27 00:00:00+07:00,5750,5775,5725,5725,4741,35328800
2023-10-30 00:00:00+07:00,5750,5825,5675,5800,4803,17820800
2023-10-31 00:00:00+07:00,5850,5900,5775,5775,4782,46118000
2023-11-01 00:00:00+07:00,5900,6000,5800,5800,4803,91836500
2023-11-02 00:00:00+07:00,5850,5900,5800,5800,4803,46166200
2023-11-03 00:00:00+07:00,5850,5925,5825,5900,4886,43395900
2023-11-06 00:00:00+07:00,5925,5950,5900,5925,4907,29757300
2023-11-07 00:00:00+07:00,5925,5950,5775,5825,4824,30298200
2023-11-08 00:00:00+07:00,5800,5825,5675,5725,4741,38367700
2023-11-09 00:00:00+07:00,5775,5825,5725,5750,4762,20420100
2023-11-10 00:00:00+07:00,5725,5775,5725,5775,4782,15229800
2023-11-13 00:00:00+07:00,5825,5825,5650,5650,4679,24673700
2023-11-14 00:00:00+07:00,5675,5725,5650,5675,4700,12066000
2023-11-15 00:00:00+07:00,5750,5850,5700,5750,4762,34814300
2023-11-16 00:00:00+07:00,5750,5825,5725,5825,4824,17422800
2023-11-17 00:00:00+07:00,5800,5825,5700,5700,4720,27116700
2023-11-20 00:00:00+07:00,5725,5850,5700,5800,4803,22940000
2023-11-21 00:00:00+07:00,5800,5850,5750,5775,4782,17153300
2023-11-22 00:00:00+07:00,5775,5775,5650,5675,4700,36329500
2023-11-23 00:00:00+07:00,5675,5725,5675,5700,4720,43425400
2023-11-24 00:00:00+07:00,5700,5750,5700,5725,4741,9347300
2023-11-27 00:00:00+07:00,5725,5750,5600,5625,4658,63360900
2023-11-28 00:00:00+07:00,5675,5675,5550,5550,4596,86907600
2023-11-29 00:00:00+07:00,5600,5650,5525,5525,4575,75070800
2023-11-30 00:00:00+07:00,5575,5575,5400,5400,4472,161684600
2023-12-01 00:00:00+07:00,5450,5750,5450,5750,4762,145374400
2023-12-04 00:00:00+07:00,5750,5825,5725,5750,4762,57590700
2023-12-05 00:00:00+07:00,5775,5800,5675,5725,4741,25787200
2023-12-06 00:00:00+07:00,5700,5825,5700,5725,4741,41363700
2023-12-07 00:00:00+07:00,5750,5750,5600,5675,4700,40599000
2023-12-08 00:00:00+07:00,5675,5700,5625,5675,4700,26972000
2023-12-11 00:00:00+07:00,5650,5675,5525,5600,4637,39510200
2023-12-12 00:00:00+07:00,5675,5675,5550,5575,4617,19272900
2023-12-13 00:00:00+07:00,5550,5600,5525,5525,4575,31196600
2023-12-14 00:00:00+07:00,5600,5650,5575,5625,4658,65510200
2023-12-15 00:00:00+07:00,5625,5700,5600,5650,4679,93580400
2023-12-18 00:00:00+07:00,5650,5650,5550,5600,4637,39134200
2023-12-19 00:00:00+07:00,5625,5650,5600,5625,4658,33668300
2023-12-20 00:00:00+07:00,5650,5700,5625,5625,4658,27178500
2023-12-21 00:00:00+07:00,5600,5600,5475,5550,4596,114749900
2023-12-22 00:00:00+07:00,5550,5600,5500,5550,4596,38055800
2023-12-27 00:00:00+07:00,5550,5575,5500,5550,4596,34332400
2023-12-28 00:00:00+07:00,5575,5600,5550,5600,4637,31643200
2023-12-29 00:00:00+07:00,5600,5675,5575,5650,4679,36245000
2024-01-02 00:00:00+07:00,5625,5700,5575,5700,4720,36479600
2024-01-03 00:00:00+07:00,5700,5700,5600,5600,4637,37187300
2024-01-04 00:00:00+07:00,5600,5750,5600,5700,4720,52008000
2024-01-05 00:00:00+07:00,5725,5750,5625,5625,4658,39167600
2024-01-08 00:00:00+07:00,5625,5675,5550,5575,4617,39614600
2024-01-09 00:00:00+07:00,5600,5600,5525,5575,4617,36777600
2024-01-10 00:00:00+07:00,5500,5575,5450,5525,4575,75423900
2024-01-11 00:00:00+07:00,5550,5625,5525,5550,4596,39941000
2024-01-12 00:00:00+07:00,5550,5625,5550,5600,4637,28821000
2024-01-15 00:00:00+07:00,5600,5600,5500,5525,4575,79502600
2024-01-16 00:00:00+07:00,5525,5525,5475,5500,4555,44840900
2024-01-17 00:00:00+07:00,5500,5525,5350,5400,4472,114587100
2024-01-18 00:00:00+07:00,5400,5400,5325,5375,4451,71517600
2024-01-19 00:00:00+07:00,5375,5400,5300,5350,4430,52865000
2024-01-22 00:00:00+07:00,5350,5425,5225,5225,4327,169967200
2024-01-23 00:00:00+07:00,5150,5200,5075,5125,4244,176612600
2024-01-24 00:00:00+07:00,5150,5175,4980,5075,4203,246293300
2024-01-25 00:00:00+07:00,5075,5150,5025,5050,4182,81025300
2024-01-26 00:00:00+07:00,5050,5075,4990,5075,4203,71861600
2024-01-29 00:00:00+07:00,5075,5075,4910,4930,4083,132819200
2024-01-30 00:00:00+07:00,4920,5175,4900,5100,4223,165689300
2024-01-31 00:00:00+07:00,5125,5150,5050,5125,4244,79343600
2024-02-01 00:00:00+07:00,5100,5175,5075,5125,4244,55358600
2024-02-02 00:00:00+07:00,5150,5325,5125,5325,4410,104840200
2024-02-05 00:00:00+07:00,5325,5350,5150,5175,4285,88826000
2024-02-06 00:00:00+07:00,5175,5275,5150,5250,4348,46257400
2024-02-07 00:00:00+07:00,5250,5325,5250,5325,4410,68376900
2024-02-12 00:00:00+07:00,5300,5350,5225,5300,4389,80552600
2024-02-13 00:00:00+07:00,5300,5300,5150,5200,4306,63689100
2024-02-15 00:00:00+07:00,5325,5325,5075,5125,4244,124120800
2024-02-16 00:00:00+07:00,5125,5200,5100,5200,4306,75502700
2024-02-19 00:00:00+07:00,5200,5250,5075,5125,4244,89709800
2024-02-20 00:00:00+07:00,5125,5250,5125,5200,4306,41623800
2024-02-21 00:00:00+07:00,5200,5300,5175,5250,4348,68374800
2024-02-22 00:00:00+07:00,5275,5300,5275,5275,4368,41938600
2024-02-23 00:00:00+07:00,5250,5275,5100,5125,4244,81214600
2024-02-26 00:00:00+07:00,5150,5200,5075,5125,4244,50291500
2024-02-27 00:00:00+07:00,5125,5175,5050,5175,4285,46555200
2024-02-28 00:00:00+07:00,5325,5425,5200,5225,4327,216020000
2024-02-29 00:00:00+07:00,5250,5300,5200,5225,4327,85412900
2024-03-01 00:00:00+07:00,5225,5275,5150,5225,4327,64835200
2024-03-04 00:00:00+07:00,5250,5275,5175,5200,4306,57118400
2024-03-05 00:00:00+07:00,5225,5225,5100,5100,4223,53172900
2024-03-06 00:00:00+07:00,5125,5200,5100,5175,4285,29210000
2024-03-07 00:00:00+07:00,5175,5200,5100,5125,4244,55244400
2024-03-08 00:00:00+07:00,5150,5175,5125,5150,4265,39983000
2024-03-13 00:00:00+07:00,5150,5200,5125,5150,4265,63672300
2024-03-14 00:00:00+07:00,5175,5300,5150,5275,4368,79465800
2024-03-15 00:00:00+07:00,5300,5300,5175,5175,4285,164222200
2024-03-18 00:00:00+07:00,5200,5250,5150,5150,4265,50943600
2024-03-19 00:00:00+07:00,5150,5250,5150,5225,4327,48398600
2024-03-20 00:00:00+07:00,5225,5275,5225,5275,4368,56191300
2024-03-21 00:00:00+07:00,5300,5400,5275,5350,4430,67351800
2024-03-22 00:00:00+07:00,5375,5375,5325,5375,4451,46341000
2024-03-25 00:00:00+07:00,5425,5425,5325,5350,4430,39759600
2024-03-26 00:00:00+07:00,5375,5375,5250,5300,4389,57175300
2024-03-27 00:00:00+07:00,5300,5325,5250,5275,4368,47174800
2024-03-28 00:00:00+07:00,5275,5275,5100,5150,4265,107123600
2024-04-01 00:00:00+07:00,5175,5225,5150,5200,4306,42828200
2024-04-02 00:00:00+07:00,5225,5275,5175,5275,4368,41029100
2024-04-03 00:00:00+07:00,5275,5275,5200,5250,4348,39260600
2024-04-04 00:00:00+07:00,5250,5250,5150,5175,4285,48395600
2024-04-05 00:00:00+07:00,5150,5325,5150,5275,4368,59190300
2024-04-16 00:00:00+07:00,5175,5225,5100,5100,4223,137258300
2024-04-17 00:00:00+07:00,5150,5175,5100,5125,4244,47211000
2024-04-18 00:00:00+07:00,5150,5150,5050,5100,4223,81583700
2024-04-19 00:00:00+07:00,5050,5075,4870,4900,4058,185008500
2024-04-22 00:00:00+07:00,4940,4990,4940,4950,4099,57689200
2024-04-23 00:00:00+07:00,4990,5075,4990,5025,4161,49438000
2024-04-24 00:00:00+07:00,5000,5050,4910,4910,4066,65796800
2024-04-25 00:00:00+07:00,4910,4980,4910,4950,4099,52139300
2024-04-26 00:00:00+07:00,4980,4980,4880,4880,4041,70877700
2024-04-29 00:00:00+07:00,4920,5050,4900,5025,4161,68303100
2024-04-30 00:00:00+07:00,5050,5225,4980,5150,4265,142632100
2024-05-02 00:00:00+07:00,5225,5275,5175,5175,4285,100889100
2024-05-03 00:00:00+07:00,5225,5250,5200,5225,4327,44094400
2024-05-06 00:00:00+07:00,5250,5250,5075,5100,4223,70400000
2024-05-07 00:00:00+07:00,5100,5125,5025,5050,4182,58780600
2024-05-08 00:00:00+07:00,5075,5150,5000,5125,4244,86738900
2024-05-13 00:00:00+07:00,5150,5175,5075,5075,4203,143316000
2024-05-14 00:00:00+07:00,4680,4690,4580,4580,4136,264535600
2024-05-15 00:00:00+07:00,4570,4620,4530,4530,4091,109962400
2024-05-16 00:00:00+07:00,4590,4720,4540,4710,4253,149039700
2024-05-17 00:00:00+07:00,4710,4810,4690,4800,4334,101492400
2024-05-20 00:00:00+07:00,4800,4830,4730,4740,4280,58021800
2024-05-21 00:00:00+07:00,4750,4770,4700,4700,4244,57558000
2024-05-22 00:00:00+07:00,4720,4730,4700,4710,4253,25932300
2024-05-27 00:00:00+07:00,4700,4720,4550,4550,4109,86050000
2024-05-28 00:00:00+07:00,4560,4600,4510,4510,4073,42542400
2024-05-29 00:00:00+07:00,4800,4800,4370,4460,4027,148814900
2024-05-30 00:00:00+07:00,4450,4450,4310,4320,3901,112636300
2024-05-31 00:00:00+07:00,4340,4370,4290,4290,3874,144592700
2024-06-03 00:00:00+07:00,4330,4530,4330,4500,4064,77444200
2024-06-04 00:00:00+07:00,4510,4630,4480,4580,4136,92676800
2024-06-05 00:00:00+07:00,4560,4640,4550,4600,4154,65856400
2024-06-06 00:00:00+07:00,4620,4620,4530,4560,4118,43632400
2024-06-07 00:00:00+07:00,4550,4570,4530,4560,4118,34027900
2024-06-10 00:00:00+07:00,4560,4560,4500,4510,4073,19932200
2024-06-11 00:00:00+07:00,4500,4500,4350,4350,3928,71234400
2024-06-12 00:00:00+07:00,4350,4410,4290,4360,3937,65665400
2024-06-13 00:00:00+07:00,4410,4480,4400,4460,4027,55824400
2024-06-14 00:00:00+07:00,4480,4530,4410,4420,3991,57967500
2024-06-19 00:00:00+07:00,4450,4510,4420,4450,4018,48727600
2024-06-20 00:00:00+07:00,4440,4470,4360,4450,4018,35160300
2024-06-21 00:00:00+07:00,4450,4530,4410,4490,4055,98313200
2024-06-24 00:00:00+07:00,4480,4500,4410,4430,4000,36677200
2024-06-25 00:00:00+07:00,4440,4440,4360,4400,3973,50385000
2024-06-26 00:00:00+07:00,4400,4450,4370,4420,3991,38397100
2024-06-27 00:00:00+07:00,4430,4440,4400,4430,4000,21784700
2024-06-28 00:00:00+07:00,4430,4560,4430,4460,4027,127293900
2024-07-01 00:00:00+07:00,4490,4620,4490,4620,4172,141627300
2024-07-02 00:00:00+07:00,4610,4620,4510,4530,4091,72229800
2024-07-03 00:00:00+07:00,4550,4580,4520,4570,4127,30743200
2024-07-04 00:00:00+07:00,4580,4610,4550,4550,4109,44755400
2024-07-05 00:00:00+07:00,4570,4610,4540,4580,4136,53196500
2024-07-08 00:00:00+07:00,4600,4640,4560,4640,4190,69535000
2024-07-09 00:00:00+07:00,4620,4620,4540,4560,4118,84784500
2024-07-10 00:00:00+07:00,4570,4580,4520,4540,4100,44563900
2024-07-11 00:00:00+07:00,4550,4600,4500,4510,4073,71140800
2024-07-12 00:00:00+07:00,4510,4570,4500,4540,4100,54299700
2024-07-15 00:00:00+07:00,4540,4550,4460,4470,4036,53234000
2024-07-16 00:00:00+07:00,4480,4490,4380,4380,3955,83814800
2024-07-17 00:00:00+07:00,4420,4470,4400,4460,4027,49379700
2024-07-18 00:00:00+07:00,4470,4540,4460,4540,4100,54184300
2024-07-19 00:00:00+07:00,4520,4540,4480,4530,4091,40785800
2024-07-22 00:00:00+07:00,4530,4540,4480,4520,4082,33128600
2024-07-23 00:00:00+07:00,4510,4530,4450,4450,4018,46427300
2024-07-24 00:00:00+07:00,4470,4560,4460,4530,4091,50741700
2024-07-25 00:00:00+07:00,4530,4530,4450,4490,4055,40364400
2024-07-26 00:00:00+07:00,4500,4620,4500,4610,4163,92236800
2024-07-29 00:00:00+07:00,4620,4630,4580,4610,4163,42232800
2024-07-30 00:00:00+07:00,4610,4610,4520,4540,4100,40995800
2024-07-31 00:00:00+07:00,4620,4730,4590,4720,4262,170406600
2024-08-01 00:00:00+07:00,4700,4740,4660,4740,4280,50775700
2024-08-02 00:00:00+07:00,4710,4740,4670,4690,4235,47509800
2024-08-05 00:00:00+07:00,4640,4650,4520,4560,4118,93952300
2024-08-06 00:00:00+07:00,4600,4620,4540,4610,4163,56748800
2024-08-07 00:00:00+07:00,4600,4630,4560,4630,4181,72464900
2024-08-08 00:00:00+07:00,4620,4750,4600,4740,4280,116387300
2024-08-09 00:00:00+07:00,4760,4790,4730,4760,4298,44489500
2024-08-12 00:00:00+07:00,4760,4780,4720,4760,4298,34027600
2024-08-13 00:00:00+07:00,4800,4800,4740,4760,4298,43904800
2024-08-14 00:00:00+07:00,4800,4930,4770,4890,4416,91874600
2024-08-15 00:00:00+07:00,4890,4920,4840,4890,4416,46694800
2024-08-16 00:00:00+07:00,4900,4990,4900,4970,4488,65502100
2024-08-19 00:00:00+07:00,4970,5050,4940,5025,4538,54296700
2024-08-20 00:00:00+07:00,5050,5150,5025,5125,4628,94493800
2024-08-21 00:00:00+07:00,5150,5225,5075,5075,4583,94502800
2024-08-22 00:00:00+07:00,5025,5050,4990,5000,4515,63177200
2024-08-23 00:00:00+07:00,5050,5175,5050,5100,4605,52275100
2024-08-26 00:00:00+07:00,5125,5200,5125,5150,4651,30540900
2024-08-27 00:00:00+07:00,5150,5175,5075,5150,4651,30475700
2024-08-28 00:00:00+07:00,5150,5150,5000,5025,4538,64090900
2024-08-29 00:00:00+07:00,5050,5075,5000,5075,4583,42502100
2024-08-30 00:00:00+07:00,5075,5125,5025,5100,4605,74429400
2024-09-02 00:00:00+07:00,5100,5225,5100,5200,4696,84858600
2024-09-03 00:00:00+07:00,5225,5225,5125,5125,4628,34864300
2024-09-04 00:00:00+07:00,5050,5100,5025,5050,4560,45331200
2024-09-05 00:00:00+07:00,5075,5125,5050,5075,4583,34711100
2024-09-06 00:00:00+07:00,5050,5125,5050,5050,4560,32014300
2024-09-09 00:00:00+07:00,5050,5100,5000,5025,4538,55466500
2024-09-10 00:00:00+07:00,5075,5100,5000,5025,4538,58871700
2024-09-11 00:00:00+07:00,5025,5050,5000,5025,4538,27381100
2024-09-12 00:00:00+07:00,5025,5075,5025,5025,4538,24718300
2024-09-13 00:00:00+07:00,5025,5075,5025,5075,4583,24921900
2024-09-17 00:00:00+07:00,5075,5100,5025,5075,4583,35574000
2024-09-18 00:00:00+07:00,5100,5275,5075,5250,4741,123540100
2024-09-19 00:00:00+07:00,5275,5275,5200,5275,4763,57254000
2024-09-20 00:00:00+07:00,5275,5275,5200,5225,4718,47509500
2024-09-23 00:00:00+07:00,5250,5275,5225,5225,4718,23362800
2024-09-24 00:00:00+07:00,5250,5275,5225,5275,4763,43482600
2024-09-25 00:00:00+07:00,5300,5300,5150,5225,4718,63437200
2024-09-26 00:00:00+07:00,5250,5275,5175,5250,4741,56030300
2024-09-27 00:00:00+07:00,5275,5275,5050,5100,4605,57476200
2024-09-30 00:00:00+07:00,5100,5100,5000,5050,4560,66737800
2024-10-01 00:00:00+07:00,5100,5175,5075,5175,4673,39024000
2024-10-02 00:00:00+07:00,5150,5150,5050,5150,4651,39888600
2024-10-03 00:00:00+07:00,5175,5250,5100,5250,4741,56763900
2024-10-04 00:00:00+07:00,5250,5250,5100,5150,4651,35939300
2024-10-07 00:00:00+07:00,5150,5175,5075,5100,4605,27889100
2024-10-08 00:00:00+07:00,5100,5225,5075,5225,4718,42347600
2024-10-09 00:00:00+07:00,5225,5225,5075,5075,4583,33544900
2024-10-10 00:00:00+07:00,5100,5125,5075,5125,4628,27734400
2024-10-11 00:00:00+07:00,5125,5150,5075,5075,4583,39320000
2024-10-14 00:00:00+07:00,5025,5025,4920,4930,4540,71369100
2024-10-15 00:00:00+07:00,4930,4970,4900,4930,4540,61263600
2024-10-16 00:00:00+07:00,4950,4960,4900,4960,4567,80530100
2024-10-17 00:00:00+07:00,4950,4970,4930,4950,4558,54164800
2024-10-18 00:00:00+07:00,4960,4960,4920,4920,4530,39805400
2024-10-21 00:00:00+07:00,4950,5100,4930,5100,4696,88954300
2024-10-22 00:00:00+07:00,5125,5275,5100,5275,4857,132222000
2024-10-23 00:00:00+07:00,5275,5300,5175,5300,4880,64519100
2024-10-24 00:00:00+07:00,5300,5300,5200,5275,4857,50777100
2024-10-25 00:00:00+07:00,5275,5275,5200,5225,4811,27247500
2024-10-28 00:00:00+07:00,5250,5250,5125,5250,4834,40165900
2024-10-29 00:00:00+07:00,5250,5250,5125,5125,4719,45247600
2024-10-30 00:00:00+07:00,5125,5200,5050,5200,4788,33200300
2024-10-31 00:00:00+07:00,5300,5300,5100,5100,4696,77263000
2024-11-01 00:00:00+07:00,5125,5175,5050,5075,4673,54219100
2024-11-04 00:00:00+07:00,5075,5125,4980,5125,4719,52362100
2024-11-05 00:00:00+07:00,5125,5200,5075,5175,4765,31165800
2024-11-06 00:00:00+07:00,5175,5175,5025,5050,4650,32975900
2024-11-07 00:00:00+07:00,5050,5075,5000,5000,4604,46053500
2024-11-08 00:00:00+07:00,5050,5075,4950,4960,4567,32828900
2024-11-11 00:00:00+07:00,4960,4990,4850,4970,4576,49885000
2024-11-12 00:00:00+07:00,5000,5000,4930,4970,4576,43239600
2024-11-13 00:00:00+07:00,5000,5025,4950,5025,4627,24479600
2024-11-14 00:00:00+07:00,5025,5025,4930,4950,4558,38255700
2024-11-15 00:00:00+07:00,4940,4960,4920,4940,4549,14867600
2024-11-18 00:00:00+07:00,4950,4970,4910,4930,4540,17408700
2024-11-19 00:00:00+07:00,4930,4970,4900,4970,4576,36816800
2024-11-20 00:00:00+07:00,4970,5025,4950,5000,4604,18634300
2024-11-21 00:00:00+07:00,4990,4990,4890,4890,4503,27662900
2024-11-22 00:00:00+07:00,4900,4960,4860,4910,4521,21241800
2024-11-25 00:00:00+07:00,4950,5175,4940,5175,4765,84518400
2024-11-26 00:00:00+07:00,5150,5200,5100,5150,4742,45059300
2024-11-28 00:00:00+07:00,5200,5225,5125,5125,4719,30554200
2024-11-29 00:00:00+07:00,5125,5125,5025,5100,4696,48756800
2024-12-02 00:00:00+07:00,5100,5150,4900,4940,4549,47373200
2024-12-03 00:00:00+07:00,4980,5125,4970,5125,4719,46752800
2024-12-04 00:00:00+07:00,5100,5225,5075,5225,4811,51733400
2024-12-05 00:00:00+07:00,5225,5225,5125,5200,4788,21948400
2024-12-06 00:00:00+07:00,5150,5175,5050,5150,4742,36599600
2024-12-09 00:00:00+07:00,5150,5225,5100,5225,4811,37208600
2024-12-10 00:00:00+07:00,5200,5225,5150,5225,4811,41536400
2024-12-11 00:00:00+07:00,5175,5250,5175,5250,4834,41090000
2024-12-12 00:00:00+07:00,5150,5225,5050,5100,4696,37254100
2024-12-13 00:00:00+07:00,5100,5150,5050,5125,4719,27732300
2024-12-16 00:00:00+07:00,5075,5150,5000,5125,4719,35937800
2024-12-17 00:00:00+07:00,5100,5150,4950,4980,4586,48682400
2024-12-18 00:00:00+07:00,4980,5050,4960,5000,4604,27412000
2024-12-19 00:00:00+07:00,4950,4950,4860,4880,4494,39151900
2024-12-20 00:00:00+07:00,4880,4900,4850,4870,4484,44851200
2024-12-23 00:00:00+07:00,4900,4950,4870,4950,4558,29678900
2024-12-24 00:00:00+07:00,4940,4980,4880,4880,4494,22600500
2024-12-27 00:00:00+07:00,4890,4940,4880,4930,4540,14456700
2024-12-30 00:00:00+07:00,4930,4940,4880,4900,4512,23926400
2025-01-02 00:00:00+07:00,4910,4970,4900,4950,4558,17924000
2025-01-03 00:00:00+07:00,4950,4970,4920,4950,4558,12711800
2025-01-06 00:00:00+07:00,4950,5000,4860,4860,4475,18412500
2025-01-07 00:00:00+07:00,4860,4920,4850,4920,4530,20452200
2025-01-08 00:00:00+07:00,4880,4910,4810,4810,4429,23739400
2025-01-09 00:00:00+07:00,4830,4950,4830,4930,4540,23802600
2025-01-10 00:00:00+07:00,4940,4960,4860,4900,4512,31951800
2025-01-13 00:00:00+07:00,4910,4920,4720,4750,4374,46247300
2025-01-14 00:00:00+07:00,4770,4850,4750,4750,4374,28096700
2025-01-15 00:00:00+07:00,4790,4940,4780,4940,4549,27497200
2025-01-16 00:00:00+07:00,5025,5025,4880,4880,4494,30520200
2025-01-17 00:00:00+07:00,4860,4970,4840,4940,4549,23691900
2025-01-20 00:00:00+07:00,4940,4960,4900,4910,4521,11873200
2025-01-21 00:00:00+07:00,4930,4970,4900,4910,4521,21762200
2025-01-22 00:00:00+07:00,4920,4980,4880,4960,4567,33116700
2025-01-23 00:00:00+07:00,4960,4980,4900,4900,4512,17049700
2025-01-24 00:00:00+07:00,4900,4960,4870,4870,4484,19663900
2025-01-30 00:00:00+07:00,4870,4870,4780,4780,4401,28147100
2025-01-31 00:00:00+07:00,4790,4840,4790,4800,4420,27064100
2025-02-03 00:00:00+07:00,4800,4800,4740,4760,4383,33116100
2025-02-04 00:00:00+07:00,4770,4840,4760,4800,4420,20631500
2025-02-05 00:00:00+07:00,4850,4850,4730,4740,4365,20436200
2025-02-06 00:00:00+07:00,4740,4740,4520,4550,4190,61645400
2025-02-07 00:00:00+07:00,4610,4670,4530,4650,4282,33223300
2025-02-10 00:00:00+07:00,4610,4650,4520,4570,4208,40230000
2025-02-11 00:00:00+07:00,4590,4650,4570,4610,4245,32956400
2025-02-12 00:00:00+07:00,4680,4680,4620,4640,4273,30762900
2025-02-13 00:00:00+07:00,4640,4670,4580,4660,4291,21320200
2025-02-14 00:00:00+07:00,4660,4730,4640,4680,4309,31409000
2025-02-17 00:00:00+07:00,4680,4780,4670,4740,4365,30270200
2025-02-18 00:00:00+07:00,4740,4840,4740,4800,4420,31828200
2025-02-19 00:00:00+07:00,4820,4840,4610,4700,4328,47951400
2025-02-20 00:00:00+07:00,4700,4740,4650,4720,4346,23653800
2025-02-21 00:00:00+07:00,4740,4800,4600,4750,4374,31937400
2025-02-24 00:00:00+07:00,4750,4770,4660,4700,4328,22303600
2025-02-25 00:00:00+07:00,4710,4750,4550,4560,4199,42728600
2025-02-26 00:00:00+07:00,4560,4600,4520,4580,4217,19351300
2025-02-27 00:00:00+07:00,4550,4590,4480,4590,4226,37731000
2025-02-28 00:00:00+07:00,4650,4650,4370,4530,4171,70620000
2025-03-03 00:00:00+07:00,4530,4720,4500,4680,4309,65345600
2025-03-04 00:00:00+07:00,4680,4700,4590,4690,4319,40873900
2025-03-05 00:00:00+07:00,4700,4900,4690,4900,4512,86703900
2025-03-06 00:00:00+07:00,4900,4960,4860,4900,4512,51276300
2025-03-07 00:00:00+07:00,4900,4970,4790,4930,4540,59830500
2025-03-10 00:00:00+07:00,4900,4900,4750,4770,4392,53139600
2025-03-11 00:00:00+07:00,4720,4800,4700,4800,4420,35571600
2025-03-12 00:00:00+07:00,4760,4830,4740,4810,4429,29264500
2025-03-13 00:00:00+07:00,4790,4810,4680,4730,4355,41066600
2025-03-14 00:00:00+07:00,4730,4730,4610,4620,4254,35967600
2025-03-17 00:00:00+07:00,4660,4670,4610,4620,4254,23856300
2025-03-18 00:00:00+07:00,4630,4650,4460,4650,4282,66583100
2025-03-19 00:00:00+07:00,4650,4700,4610,4690,4319,37556400
2025-03-20 00:00:00+07:00,4690,4750,4640,4710,4337,23310500
2025-03-21 00:00:00+07:00,4720,4840,4630,4840,4457,57730500
2025-03-24 00:00:00+07:00,4780,4780,4540,4690,4319,29695400
2025-03-25 00:00:00+07:00,4700,4700,4610,4650,4282,26320300
2025-03-26 00:00:00+07:00,4660,4840,4660,4800,4420,30508200
2025-03-27 00:00:00+07:00,4800,4920,4790,4920,4530,44551200
2025-04-08 00:00:00+07:00,4800,4800,4450,4480,4125,94752400
2025-04-09 00:00:00+07:00,4480,4660,4470,4620,4254,46086300
2025-04-10 00:00:00+07:00,4750,4840,4690,4710,4337,43115600
2025-04-11 00:00:00+07:00,4660,4740,4620,4710,4337,31446100
2025-04-14 00:00:00+07:00,4740,4930,4710,4930,4540,39843200
2025-04-15 00:00:00+07:00,4930,4950,4800,4870,4484,56488100
2025-04-16 00:00:00+07:00,4850,4860,4690,4780,4401,44479500
2025-04-17 00:00:00+07:00,4770,4770,4710,4750,4374,28099700
2025-04-21 00:00:00+07:00,4750,4810,4740,4790,4411,14313200
2025-04-22 00:00:00+07:00,4750,4780,4720,4740,4365,29906300
2025-04-23 00:00:00+07:00,4770,4840,4770,4820,4438,38609800
2025-04-24 00:00:00+07:00,4830,4840,4770,4770,4392,42307000
2025-04-25 00:00:00+07:00,4790,4910,4790,4860,4475,45465200
2025-04-28 00:00:00+07:00,4880,4930,4870,4890,4503,22380800
2025-04-29 00:00:00+07:00,4910,4910,4800,4800,4420,46881000
2025-04-30 00:00:00+07:00,4800,4840,4780,4800,4420,46038900
2025-05-02 00:00:00+07:00,4810,4860,4760,4790,4411,61301400
2025-05-05 00:00:00+07:00,4800,4810,4770,4780,4401,30747900
2025-05-06 00:00:00+07:00,4780,4800,4750,4750,4374,53222000
2025-05-07 00:00:00+07:00,4780,4840,4770,4830,4447,47790800
2025-05-08 00:00:00+07:00,4860,4930,4780,4780,4401,92459500
2025-05-09 00:00:00+07:00,4790,4830,4780,4780,4401,38964000
2025-05-14 00:00:00+07:00,4860,4880,4800,4810,4429,92389200
2025-05-15 00:00:00+07:00,4820,4850,4810,4820,4438,69701600
2025-05-16 00:00:00+07:00,4840,4880,4810,4880,4494,64271600
2025-05-19 00:00:00+07:00,4890,4960,4880,4940,4549,97782400
2025-05-20 00:00:00+07:00,4960,4960,4860,4860,4475,127610600
2025-05-21 00:00:00+07:00,4600,4690,4570,4670,4591,115335300
2025-05-22 00:00:00+07:00,4680,4710,4630,4630,4552,52032700
2025-05-23 00:00:00+07:00,4770,4780,4730,4740,4660,42300400
2025-05-26 00:00:00+07:00,4770,4780,4690,4730,4650,40971400
2025-05-27 00:00:00+07:00,4710,4730,4660,4700,4621,38680100
2025-05-28 00:00:00+07:00,4710,4850,4660,4850,4768,188036300
2025-06-02 00:00:00+07:00,4780,4800,4730,4780,4699,115876200
2025-06-03 00:00:00+07:00,4750,4760,4650,4700,4621,51574100
2025-06-04 00:00:00+07:00,4760,4760,4610,4610,4532,55901000
2025-06-05 00:00:00+07:00,4640,4670,4610,4610,4532,38381400
2025-06-10 00:00:00+07:00,4670,4670,4600,4600,4522,60469600
2025-06-11 00:00:00+07:00,4610,4630,4580,4610,4532,50550100
2025-06-12 00:00:00+07:00,4610,4620,4560,4560,4483,54629900
2025-06-13 00:00:00+07:00,4580,4600,4560,4570,4493,38510500
2025-06-16 00:00:00+07:00,4570,4630,4560,4610,4532,29939400
2025-06-17 00:00:00+07:00,4640,4640,4590,4600,4522,29978400
2025-06-18 00:00:00+07:00,4610,4620,4590,4590,4512,19386900
2025-06-19 00:00:00+07:00,4590,4600,4500,4530,4453,30832700
2025-06-20 00:00:00+07:00,4530,4530,4480,4490,4414,50116600
2025-06-23 00:00:00+07:00,4470,4470,4400,4430,4355,28820000
2025-06-24 00:00:00+07:00,4470,4500,4430,4470,4394,37523200
2025-06-25 00:00:00+07:00,4530,4530,4420,4470,4394,33217200
2025-06-26 00:00:00+07:00,4440,4450,4410,4450,4375,26909800
2025-06-30 00:00:00+07:00,4470,4520,4450,4500,4424,41865200
2025-07-01 00:00:00+07:00,4490,4510,4440,4450,4375,27410600
2025-07-02 00:00:00+07:00,4450,4550,4440,4540,4463,34231600
2025-07-03 00:00:00+07:00,4540,4590,4530,4570,4493,24120100
2025-07-04 00:00:00+07:00,4600,4650,4570,4620,4542,25298100
2025-07-07 00:00:00+07:00,4620,4680,4590,4680,4601,20181800
2025-07-08 00:00:00+07:00,4670,4670,4620,4660,4581,21173700
2025-07-09 00:00:00+07:00,4680,4720,4670,4720,4640,32577400
2025-07-10 00:00:00+07:00,4720,4730,4680,4680,4601,21464100
2025-07-11 00:00:00+07:00,4720,4720,4680,4710,4630,19382400
2025-07-14 00:00:00+07:00,4710,4750,4650,4700,4621,32985800
2025-07-15 00:00:00+07:00,4700,4700,4630,4700,4621,25045900
2025-07-16 00:00:00+07:00,4700,4810,4690,4750,4670,53394000
2025-07-17 00:00:00+07:00,4750,4820,4730,4790,4709,37859000
2025-07-18 00:00:00+07:00,4810,4840,4750,4750,4670,23680400
2025-07-21 00:00:00+07:00,4810,4810,4720,4760,4680,17018900
2025-07-22 00:00:00+07:00,4760,4760,4680,4690,4611,47232600
2025-07-23 00:00:00+07:00,4740,4950,4720,4950,4866,94669900
2025-07-24 00:00:00+07:00,4990,5075,4980,5050,4965,72459700
2025-07-25 00:00:00+07:00,5000,5050,4950,5000,4916,28079000
2025-07-28 00:00:00+07:00,5025,5100,4990,5100,5014,59414600
2025-07-29 00:00:00+07:00,5100,5125,5025,5100,5014,36861000
2025-07-30 00:00:00+07:00,5100,5150,5075,5150,5063,53075600
2025-07-31 00:00:00+07:00,5150,5175,5100,5100,5014,44048400
2025-08-01 00:00:00+07:00,5125,5150,4960,5000,4916,33392000
2025-08-04 00:00:00+07:00,5000,5050,4940,5025,4940,21561700
2025-08-05 00:00:00+07:00,5050,5050,4990,5025,4940,20210600
2025-08-06 00:00:00+07:00,5025,5025,4900,4900,4817,24786300
2025-08-07 00:00:00+07:00,4920,5025,4920,4960,4876,25930000
2025-08-08 00:00:00+07:00,4950,4990,4920,4920,4837,20639400
2025-08-11 00:00:00+07:00,4920,4930,4870,4900,4817,21955000
2025-08-12 00:00:00+07:00,4900,5025,4890,4990,4906,22725500
2025-08-13 00:00:00+07:00,5100,5250,5025,5175,5088,103458500
2025-08-14 00:00:00+07:00,5125,5150,5075,5100,5014,31796500
2025-08-15 00:00:00+07:00,5100,5125,5025,5025,4940,16434700
2025-08-19 00:00:00+07:00,5275,5575,5200,5525,5432,260942000
2025-08-20 00:00:00+07:00,5525,5550,5450,5525,5432,74517000
2025-08-21 00:00:00+07:00,5525,5650,5500,5625,5530,76746200
2025-08-22 00:00:00+07:00,5650,5775,5600,5700,5604,73126900
2025-08-25 00:00:00+07:00,5750,5775,5675,5750,5653,60737900
2025-08-26 00:00:00+07:00,5725,5725,5475,5625,5530,79136200
2025-08-27 00:00:00+07:00,5650,5725,5500,5500,5407,33172600
2025-08-28 00:00:00+07:00,5525,5650,5525,5575,5481,18032900
2025-08-29 00:00:00+07:00,5450,5625,5425,5500,5407,62869000
