date,ihsg_close,ihsg_return_lag_1,ihsg_std_dev_7,ihsg_std_dev_14,ihsg_std_dev_21
2019-01-02 00:00:00+07:00,6181.0,0.0%,0.0,0.0,0.0
2019-01-03 00:00:00+07:00,6221.0,0.647%,0.0,0.0,0.0
2019-01-04 00:00:00+07:00,6275.0,0.868%,0.0,0.0,0.0
2019-01-07 00:00:00+07:00,6287.0,0.191%,0.0,0.0,0.0
2019-01-08 00:00:00+07:00,6263.0,-0.382%,0.0,0.0,0.0
2019-01-09 00:00:00+07:00,6272.0,0.144%,0.0,0.0,0.0
2019-01-10 00:00:00+07:00,6329.0,0.909%,47.646,0.0,0.0
2019-01-11 00:00:00+07:00,6361.0,0.506%,45.718,0.0,0.0
2019-01-14 00:00:00+07:00,6336.0,-0.393%,38.143,0.0,0.0
2019-01-15 00:00:00+07:00,6409.0,1.152%,52.504,0.0,0.0
2019-01-16 00:00:00+07:00,6413.0,0.062%,59.469,0.0,0.0
2019-01-17 00:00:00+07:00,6424.0,0.172%,55.536,0.0,0.0
2019-01-18 00:00:00+07:00,6448.0,0.374%,46.321,0.0,0.0
2019-01-21 00:00:00+07:00,6451.0,0.047%,43.004,86.895,0.0
2019-01-22 00:00:00+07:00,6469.0,0.279%,43.539,81.946,0.0
2019-01-23 00:00:00+07:00,6451.0,-0.278%,22.586,76.043,0.0
2019-01-24 00:00:00+07:00,6467.0,0.248%,20.804,74.784,0.0
2019-01-25 00:00:00+07:00,6483.0,0.247%,18.96,73.506,0.0
2019-01-28 00:00:00+07:00,6459.0,-0.37%,12.628,63.779,0.0
2019-01-29 00:00:00+07:00,6436.0,-0.356%,15.252,49.491,0.0
2019-01-30 00:00:00+07:00,6464.0,0.435%,14.84,42.167,93.701
2019-01-31 00:00:00+07:00,6533.0,1.067%,31.144,44.373,88.38
2019-02-01 00:00:00+07:00,6539.0,0.092%,38.812,38.462,84.616
2019-02-04 00:00:00+07:00,6481.0,-0.887%,38.206,35.776,80.249
2019-02-06 00:00:00+07:00,6548.0,1.034%,44.943,38.599,79.173
2019-02-07 00:00:00+07:00,6536.0,-0.183%,44.286,38.774,72.46
2019-02-08 00:00:00+07:00,6522.0,-0.214%,32.119,38.648,62.806
2019-02-11 00:00:00+07:00,6495.0,-0.414%,24.806,37.123,56.232
2019-02-12 00:00:00+07:00,6426.0,-1.062%,43.111,40.743,51.957
2019-02-13 00:00:00+07:00,6419.0,-0.109%,51.228,43.796,44.125
2019-02-14 00:00:00+07:00,6420.0,0.016%,57.707,47.067,43.423
2019-02-15 00:00:00+07:00,6389.0,-0.483%,58.165,53.342,45.292
2019-02-18 00:00:00+07:00,6498.0,1.706%,51.022,53.393,44.444
2019-02-19 00:00:00+07:00,6495.0,-0.046%,45.649,52.049,44.303
2019-02-20 00:00:00+07:00,6513.0,0.277%,49.061,52.304,44.668
2019-02-21 00:00:00+07:00,6538.0,0.384%,57.005,52.661,46.456
2019-02-22 00:00:00+07:00,6501.0,-0.566%,53.726,50.722,46.093
2019-02-25 00:00:00+07:00,6525.0,0.369%,48.903,51.849,46.763
2019-02-26 00:00:00+07:00,6541.0,0.245%,19.1,51.251,48.225
2019-02-27 00:00:00+07:00,6526.0,-0.229%,17.611,50.58,48.328
2019-02-28 00:00:00+07:00,6443.0,-1.272%,33.575,50.696,47.94
2019-03-01 00:00:00+07:00,6500.0,0.885%,33.896,50.822,47.495
2019-03-04 00:00:00+07:00,6488.0,-0.185%,32.388,48.3,46.687
2019-03-05 00:00:00+07:00,6441.0,-0.724%,40.147,46.288,46.707
2019-03-06 00:00:00+07:00,6458.0,0.264%,39.748,43.059,47.143
2019-03-08 00:00:00+07:00,6383.0,-1.161%,47.031,44.154,50.085
2019-03-11 00:00:00+07:00,6366.0,-0.266%,49.938,54.929,53.982
2019-03-12 00:00:00+07:00,6354.0,-0.189%,59.432,64.1,58.293
2019-03-13 00:00:00+07:00,6378.0,0.378%,51.919,67.179,60.608
2019-03-14 00:00:00+07:00,6413.0,0.549%,39.268,64.28,61.008
2019-03-15 00:00:00+07:00,6461.0,0.748%,43.349,62.768,60.398
2019-03-18 00:00:00+07:00,6509.0,0.743%,56.614,61.396,60.675
2019-03-19 00:00:00+07:00,6480.0,-0.446%,60.86,56.17,58.341
2019-03-20 00:00:00+07:00,6483.0,0.046%,58.622,52.317,58.036
2019-03-21 00:00:00+07:00,6502.0,0.293%,48.344,54.908,58.228
2019-03-22 00:00:00+07:00,6525.0,0.354%,36.934,57.227,58.76
2019-03-25 00:00:00+07:00,6411.0,-1.747%,37.558,56.554,57.654
2019-03-26 00:00:00+07:00,6470.0,0.92%,36.885,57.111,56.98
2019-03-27 00:00:00+07:00,6445.0,-0.386%,37.255,56.942,55.049
2019-03-28 00:00:00+07:00,6481.0,0.559%,37.285,55.204,51.885
2019-03-29 00:00:00+07:00,6469.0,-0.185%,37.087,49.991,49.313
2019-04-01 00:00:00+07:00,6453.0,-0.247%,35.016,40.607,49.285
2019-04-02 00:00:00+07:00,6476.0,0.356%,24.224,32.489,48.361
2019-04-04 00:00:00+07:00,6495.0,0.293%,16.817,28.61,48.66
2019-04-05 00:00:00+07:00,6474.0,-0.323%,16.89,28.305,48.883
2019-04-08 00:00:00+07:00,6426.0,-0.741%,22.314,29.666,49.175
2019-04-09 00:00:00+07:00,6484.0,0.903%,22.638,29.781,47.173
2019-04-10 00:00:00+07:00,6478.0,-0.093%,22.948,29.656,42.73
2019-04-11 00:00:00+07:00,6410.0,-1.05%,32.035,32.253,37.144
2019-04-12 00:00:00+07:00,6406.0,-0.062%,37.81,30.598,34.337
2019-04-15 00:00:00+07:00,6435.0,0.453%,33.31,28.51,33.002
2019-04-16 00:00:00+07:00,6482.0,0.73%,34.595,29.096,33.181
2019-04-18 00:00:00+07:00,6507.0,0.386%,39.974,31.556,33.055
2019-04-22 00:00:00+07:00,6415.0,-1.414%,40.828,33.464,34.708
2019-04-23 00:00:00+07:00,6463.0,0.748%,39.331,33.348,34.411
2019-04-24 00:00:00+07:00,6448.0,-0.232%,36.118,33.426,33.29
2019-04-25 00:00:00+07:00,6373.0,-1.163%,44.198,39.688,34.862
2019-04-26 00:00:00+07:00,6401.0,0.439%,47.38,39.388,35.518
2019-04-29 00:00:00+07:00,6426.0,0.391%,43.965,38.562,35.698
2019-04-30 00:00:00+07:00,6455.0,0.451%,32.272,38.556,35.696
2019-05-02 00:00:00+07:00,6374.0,-1.255%,37.815,40.423,38.617
2019-05-03 00:00:00+07:00,6319.0,-0.863%,48.252,48.562,46.971
2019-05-06 00:00:00+07:00,6256.0,-0.997%,66.978,65.93,61.325
2019-05-07 00:00:00+07:00,6297.0,0.655%,72.704,72.708,66.634
2019-05-08 00:00:00+07:00,6270.0,-0.429%,77.44,80.219,71.886
2019-05-09 00:00:00+07:00,6199.0,-1.132%,83.873,90.725,83.632
2019-05-10 00:00:00+07:00,6209.0,0.161%,61.561,91.48,92.704
2019-05-13 00:00:00+07:00,6135.0,-1.192%,63.652,105.754,104.764
2019-05-14 00:00:00+07:00,6071.0,-1.043%,79.789,118.998,120.186
2019-05-15 00:00:00+07:00,5981.0,-1.482%,111.897,138.832,143.654
2019-05-16 00:00:00+07:00,5896.0,-1.421%,134.098,167.017,170.666
2019-05-17 00:00:00+07:00,5827.0,-1.17%,149.001,191.737,197.094
2019-05-20 00:00:00+07:00,5907.0,1.373%,139.407,193.58,206.802
2019-05-21 00:00:00+07:00,5951.0,0.745%,106.249,180.277,207.709
2019-05-22 00:00:00+07:00,5940.0,-0.185%,76.103,170.445,211.529
2019-05-23 00:00:00+07:00,6033.0,1.566%,65.772,157.518,205.514
2019-05-24 00:00:00+07:00,6057.0,0.398%,79.703,148.083,197.522
2019-05-27 00:00:00+07:00,6099.0,0.693%,94.671,131.771,191.771
2019-05-28 00:00:00+07:00,6033.0,-1.082%,70.499,114.143,184.135
2019-05-29 00:00:00+07:00,6104.0,1.177%,64.959,105.44,171.229
2019-05-31 00:00:00+07:00,6209.0,1.72%,82.758,105.44,154.385
2019-06-10 00:00:00+07:00,6290.0,1.305%,97.119,125.056,147.973
2019-06-11 00:00:00+07:00,6306.0,0.254%,111.163,145.337,147.032
2019-06-12 00:00:00+07:00,6276.0,-0.476%,109.175,156.283,148.163
2019-06-13 00:00:00+07:00,6273.0,-0.048%,105.233,157.162,146.648
2019-06-14 00:00:00+07:00,6250.0,-0.367%,69.145,141.973,145.539
2019-06-17 00:00:00+07:00,6191.0,-0.944%,42.453,128.301,145.27
2019-06-18 00:00:00+07:00,6257.0,1.066%,37.048,118.647,147.48
2019-06-19 00:00:00+07:00,6339.0,1.311%,46.389,107.712,156.396
2019-06-20 00:00:00+07:00,6336.0,-0.047%,51.358,103.205,163.693
2019-06-21 00:00:00+07:00,6315.0,-0.331%,53.605,95.426,165.558
2019-06-24 00:00:00+07:00,6288.0,-0.428%,53.571,87.91,158.925
2019-06-25 00:00:00+07:00,6320.0,0.509%,53.071,64.298,143.525
2019-06-26 00:00:00+07:00,6310.0,-0.158%,28.669,44.31,131.692
2019-06-27 00:00:00+07:00,6353.0,0.681%,21.572,42.524,122.77
2019-06-28 00:00:00+07:00,6359.0,0.094%,25.083,45.989,108.547
2019-07-01 00:00:00+07:00,6380.0,0.33%,32.473,50.955,101.993
2019-07-02 00:00:00+07:00,6385.0,0.078%,36.803,54.647,95.115
2019-07-03 00:00:00+07:00,6363.0,-0.345%,28.363,55.106,88.587
2019-07-04 00:00:00+07:00,6376.0,0.204%,25.281,53.487,69.891
2019-07-05 00:00:00+07:00,6373.0,-0.047%,11.753,37.827,55.531
2019-07-08 00:00:00+07:00,6352.0,-0.33%,11.996,29.474,50.859
2019-07-09 00:00:00+07:00,6388.0,0.567%,12.668,31.381,52.565
2019-07-10 00:00:00+07:00,6411.0,0.36%,19.006,35.023,55.732
2019-07-11 00:00:00+07:00,6417.0,0.094%,24.065,36.589,57.575
2019-07-12 00:00:00+07:00,6373.0,-0.686%,22.962,29.674,56.308
2019-07-15 00:00:00+07:00,6418.0,0.706%,25.753,28.884,54.825
2019-07-16 00:00:00+07:00,6402.0,-0.249%,24.825,22.6,42.628
2019-07-17 00:00:00+07:00,6395.0,-0.109%,16.501,21.176,36.499
2019-07-18 00:00:00+07:00,6403.0,0.125%,15.543,20.242,36.939
2019-07-19 00:00:00+07:00,6457.0,0.843%,25.902,27.113,40.997
2019-07-22 00:00:00+07:00,6434.0,-0.356%,27.494,28.989,40.769
2019-07-23 00:00:00+07:00,6404.0,-0.466%,22.207,27.28,35.332
2019-07-24 00:00:00+07:00,6385.0,-0.297%,25.066,26.766,32.105
2019-07-25 00:00:00+07:00,6401.0,0.251%,25.131,25.543,26.826
2019-07-26 00:00:00+07:00,6325.0,-1.187%,41.371,30.262,29.424
2019-07-29 00:00:00+07:00,6299.0,-0.411%,56.545,40.726,35.019
2019-07-30 00:00:00+07:00,6377.0,1.238%,47.219,40.684,35.058
2019-07-31 00:00:00+07:00,6391.0,0.22%,40.597,40.051,35.061
2019-08-01 00:00:00+07:00,6382.0,-0.141%,38.204,39.824,34.631
2019-08-02 00:00:00+07:00,6340.0,-0.658%,38.204,41.178,36.15
2019-08-05 00:00:00+07:00,6176.0,-2.587%,74.586,69.031,58.572
2019-08-06 00:00:00+07:00,6119.0,-0.923%,108.501,95.454,81.319
2019-08-07 00:00:00+07:00,6204.0,1.389%,114.11,101.5,88.486
2019-08-08 00:00:00+07:00,6275.0,1.144%,106.538,96.23,89.367
2019-08-09 00:00:00+07:00,6282.0,0.112%,92.928,91.094,89.259
2019-08-12 00:00:00+07:00,6251.0,-0.493%,74.148,88.268,91.283
2019-08-13 00:00:00+07:00,6211.0,-0.64%,58.073,87.703,93.481
2019-08-14 00:00:00+07:00,6267.0,0.902%,57.586,81.525,92.864
2019-08-15 00:00:00+07:00,6258.0,-0.144%,30.658,80.546,92.346
2019-08-16 00:00:00+07:00,6287.0,0.463%,25.677,80.319,90.344
2019-08-19 00:00:00+07:00,6297.0,0.159%,28.756,75.011,83.908
2019-08-20 00:00:00+07:00,6296.0,-0.016%,30.587,66.791,78.364
2019-08-21 00:00:00+07:00,6253.0,-0.683%,30.425,56.882,74.859
2019-08-22 00:00:00+07:00,6239.0,-0.224%,22.694,50.828,72.264
2019-08-23 00:00:00+07:00,6256.0,0.272%,23.387,46.953,67.107
2019-08-26 00:00:00+07:00,6215.0,-0.655%,31.223,30.551,67.341
2019-08-27 00:00:00+07:00,6278.0,1.014%,30.254,26.959,67.048
2019-08-28 00:00:00+07:00,6282.0,0.064%,27.793,27.286,62.461
2019-08-29 00:00:00+07:00,6289.0,0.111%,26.366,27.736,55.756
2019-08-30 00:00:00+07:00,6328.0,0.62%,36.773,32.452,50.873
2019-09-02 00:00:00+07:00,6291.0,-0.585%,34.766,28.377,47.928
2019-09-03 00:00:00+07:00,6262.0,-0.461%,34.232,28.503,44.387
2019-09-04 00:00:00+07:00,6270.0,0.128%,21.25,28.175,30.68
2019-09-05 00:00:00+07:00,6307.0,0.59%,22.297,29.34,28.38
2019-09-06 00:00:00+07:00,6309.0,0.032%,23.034,30.167,29.557
2019-09-09 00:00:00+07:00,6326.0,0.269%,25.846,32.604,31.724
2019-09-10 00:00:00+07:00,6337.0,0.174%,27.687,35.099,33.962
2019-09-11 00:00:00+07:00,6382.0,0.71%,40.84,41.014,37.201
2019-09-12 00:00:00+07:00,6342.0,-0.627%,34.851,41.14,38.743
2019-09-13 00:00:00+07:00,6335.0,-0.11%,25.153,33.588,39.139
2019-09-16 00:00:00+07:00,6219.0,-1.831%,50.309,40.816,42.449
2019-09-17 00:00:00+07:00,6237.0,0.289%,59.748,44.433,44.021
2019-09-18 00:00:00+07:00,6277.0,0.641%,60.582,44.826,44.049
2019-09-19 00:00:00+07:00,6244.0,-0.526%,62.347,46.603,44.442
2019-09-20 00:00:00+07:00,6231.0,-0.208%,50.566,49.711,44.905
2019-09-23 00:00:00+07:00,6206.0,-0.401%,43.621,54.29,47.834
2019-09-24 00:00:00+07:00,6138.0,-1.096%,43.08,67.402,55.703
2019-09-25 00:00:00+07:00,6146.0,0.13%,51.8,75.317,62.97
2019-09-26 00:00:00+07:00,6230.0,1.367%,51.286,74.835,63.666
2019-09-27 00:00:00+07:00,6197.0,-0.53%,42.018,74.116,65.555
2019-09-30 00:00:00+07:00,6169.0,-0.452%,37.954,72.797,67.355
2019-10-01 00:00:00+07:00,6138.0,-0.503%,36.708,64.828,71.927
2019-10-02 00:00:00+07:00,6055.0,-1.352%,55.111,69.216,83.766
2019-10-03 00:00:00+07:00,6039.0,-0.264%,70.298,70.52,94.474
2019-10-04 00:00:00+07:00,6061.0,0.364%,76.024,76.28,99.763
2019-10-07 00:00:00+07:00,6001.0,-0.99%,73.545,85.634,108.286
2019-10-08 00:00:00+07:00,6040.0,0.65%,59.622,82.45,110.304
2019-10-09 00:00:00+07:00,6029.0,-0.182%,42.679,80.661,110.484
2019-10-10 00:00:00+07:00,6024.0,-0.083%,20.115,77.665,104.733
2019-10-11 00:00:00+07:00,6106.0,1.361%,33.264,72.081,96.559
2019-10-14 00:00:00+07:00,6127.0,0.344%,45.822,71.671,86.65
2019-10-15 00:00:00+07:00,6158.0,0.506%,60.199,72.366,84.829
2019-10-16 00:00:00+07:00,6170.0,0.195%,62.107,65.398,82.049
2019-10-17 00:00:00+07:00,6181.0,0.178%,64.702,63.571,76.061
2019-10-18 00:00:00+07:00,6192.0,0.178%,58.196,65.947,72.879
2019-10-21 00:00:00+07:00,6199.0,0.113%,34.329,70.883,70.872
2019-10-22 00:00:00+07:00,6225.0,0.419%,31.398,77.106,72.081
2019-10-23 00:00:00+07:00,6258.0,0.53%,34.248,83.367,77.701
2019-10-24 00:00:00+07:00,6340.0,1.31%,59.197,98.482,90.145
2019-10-25 00:00:00+07:00,6252.0,-1.388%,54.777,92.645,91.364
2019-10-28 00:00:00+07:00,6265.0,0.208%,49.886,88.851,94.595
2019-10-29 00:00:00+07:00,6281.0,0.255%,44.497,80.992,99.111
2019-10-30 00:00:00+07:00,6296.0,0.239%,36.767,67.417,104.062
2019-10-31 00:00:00+07:00,6228.0,-1.08%,36.114,59.234,102.41
2019-11-01 00:00:00+07:00,6207.0,-0.337%,44.189,52.349,98.536
2019-11-04 00:00:00+07:00,6180.0,-0.435%,41.43,50.235,95.116
2019-11-05 00:00:00+07:00,6264.0,1.359%,42.053,47.235,87.518
2019-11-06 00:00:00+07:00,6218.0,-0.734%,42.239,44.608,80.443
2019-11-07 00:00:00+07:00,6166.0,-0.836%,45.485,47.36,70.867
2019-11-08 00:00:00+07:00,6178.0,0.195%,34.285,49.106,57.797
2019-11-11 00:00:00+07:00,6149.0,-0.469%,38.522,54.751,54.45
2019-11-12 00:00:00+07:00,6181.0,0.52%,38.377,56.053,51.221
2019-11-13 00:00:00+07:00,6143.0,-0.615%,42.453,50.474,52.201
2019-11-14 00:00:00+07:00,6099.0,-0.716%,37.121,57.84,57.482
2019-11-15 00:00:00+07:00,6128.0,0.475%,29.243,58.3,60.123
2019-11-18 00:00:00+07:00,6123.0,-0.082%,29.625,55.414,63.076
2019-11-19 00:00:00+07:00,6152.0,0.474%,25.902,45.225,64.255
2019-11-20 00:00:00+07:00,6155.0,0.049%,26.372,42.467,65.049
2019-11-21 00:00:00+07:00,6117.0,-0.617%,20.224,42.815,66.352
2019-11-22 00:00:00+07:00,6100.0,-0.278%,22.386,45.338,60.797
2019-11-25 00:00:00+07:00,6071.0,-0.475%,29.231,38.55,63.57
2019-11-26 00:00:00+07:00,6026.0,-0.741%,45.803,43.098,68.116
2019-11-27 00:00:00+07:00,6023.0,-0.05%,54.492,49.757,69.375
2019-11-28 00:00:00+07:00,5953.0,-1.162%,68.166,63.227,74.133
2019-11-29 00:00:00+07:00,6012.0,0.991%,56.655,65.846,75.732
2019-12-02 00:00:00+07:00,6130.0,1.963%,59.615,61.809,73.441
2019-12-03 00:00:00+07:00,6134.0,0.065%,65.897,61.237,72.311
2019-12-04 00:00:00+07:00,6113.0,-0.342%,69.932,61.555,64.356
2019-12-05 00:00:00+07:00,6152.0,0.638%,76.841,63.06,60.461
2019-12-06 00:00:00+07:00,6187.0,0.569%,83.466,67.774,61.6
2019-12-09 00:00:00+07:00,6194.0,0.113%,60.604,71.344,62.565
2019-12-10 00:00:00+07:00,6184.0,-0.161%,32.18,73.525,64.061
2019-12-11 00:00:00+07:00,6180.0,-0.065%,30.897,76.531,64.009
2019-12-12 00:00:00+07:00,6139.0,-0.663%,30.152,77.073,63.921
2019-12-13 00:00:00+07:00,6197.0,0.945%,22.026,79.853,66.382
2019-12-16 00:00:00+07:00,6212.0,0.242%,22.728,79.197,69.496
2019-12-17 00:00:00+07:00,6244.0,0.515%,32.002,78.404,74.456
2019-12-18 00:00:00+07:00,6287.0,0.689%,47.908,65.161,82.121
2019-12-19 00:00:00+07:00,6250.0,-0.589%,49.298,50.457,85.877
2019-12-20 00:00:00+07:00,6284.0,0.544%,52.367,53.989,91.36
2019-12-23 00:00:00+07:00,6306.0,0.35%,40.459,57.99,97.026
2019-12-26 00:00:00+07:00,6319.0,0.206%,37.863,57.833,101.155
2019-12-27 00:00:00+07:00,6329.0,0.158%,32.562,60.198,101.511
2019-12-30 00:00:00+07:00,6300.0,-0.458%,26.057,60.614,97.697
2020-01-02 00:00:00+07:00,6284.0,-0.254%,26.262,59.594,82.063
2020-01-03 00:00:00+07:00,6323.0,0.621%,18.21,59.137,71.71
2020-01-06 00:00:00+07:00,6257.0,-1.044%,25.251,54.417,68.484
2020-01-07 00:00:00+07:00,6279.0,0.352%,26.663,40.188,65.331
2020-01-08 00:00:00+07:00,6226.0,-0.844%,36.299,36.338,58.753
2020-01-09 00:00:00+07:00,6274.0,0.771%,30.838,30.984,55.073
2020-01-10 00:00:00+07:00,6275.0,0.016%,29.212,29.028,53.341
2020-01-13 00:00:00+07:00,6297.0,0.351%,30.345,29.198,52.231
2020-01-14 00:00:00+07:00,6325.0,0.445%,30.868,28.979,51.113
2020-01-15 00:00:00+07:00,6283.0,-0.664%,29.723,28.999,47.238
2020-01-16 00:00:00+07:00,6286.0,0.048%,29.807,28.706,36.342
2020-01-17 00:00:00+07:00,6292.0,0.095%,17.433,27.473,31.328
2020-01-20 00:00:00+07:00,6245.0,-0.747%,24.114,26.964,28.297
2020-01-21 00:00:00+07:00,6238.0,-0.112%,30.24,28.785,28.749
2020-01-22 00:00:00+07:00,6233.0,-0.08%,33.989,31.029,30.787
2020-01-23 00:00:00+07:00,6249.0,0.257%,25.109,28.172,30.839
2020-01-24 00:00:00+07:00,6244.0,-0.08%,23.662,28.788,31.871
2020-01-27 00:00:00+07:00,6133.0,-1.778%,48.349,45.767,44.475
2020-01-28 00:00:00+07:00,6111.0,-0.359%,59.025,59.918,55.134
2020-01-29 00:00:00+07:00,6113.0,0.033%,65.774,69.431,61.602
2020-01-30 00:00:00+07:00,6058.0,-0.9%,77.445,83.246,73.438
2020-01-31 00:00:00+07:00,5940.0,-1.948%,106.888,109.134,97.417
2020-02-03 00:00:00+07:00,5884.0,-0.943%,122.071,130.685,119.47
2020-02-04 00:00:00+07:00,5922.0,0.646%,104.547,140.818,133.321
2020-02-05 00:00:00+07:00,5979.0,0.963%,93.12,140.092,138.823
2020-02-06 00:00:00+07:00,5987.0,0.134%,79.506,134.421,143.859
2020-02-07 00:00:00+07:00,6000.0,0.217%,57.092,129.301,145.456
2020-02-10 00:00:00+07:00,5952.0,-0.8%,40.673,124.572,148.33
2020-02-11 00:00:00+07:00,5954.0,0.034%,40.328,116.384,148.132
2020-02-12 00:00:00+07:00,5913.0,-0.689%,32.708,103.344,146.286
2020-02-13 00:00:00+07:00,5872.0,-0.693%,45.048,85.889,147.505
2020-02-14 00:00:00+07:00,5867.0,-0.085%,52.688,80.35,146.071
2020-02-17 00:00:00+07:00,5868.0,0.017%,52.31,72.993,141.107
2020-02-18 00:00:00+07:00,5887.0,0.324%,38.364,57.716,136.17
2020-02-19 00:00:00+07:00,5929.0,0.713%,34.102,45.484,127.786
2020-02-20 00:00:00+07:00,5942.0,0.219%,31.013,45.537,117.103
2020-02-21 00:00:00+07:00,5882.0,-1.01%,30.533,45.68,103.179
2020-02-24 00:00:00+07:00,5807.0,-1.275%,44.48,55.583,88.912
2020-02-25 00:00:00+07:00,5787.0,-0.344%,57.648,62.397,85.771
2020-02-26 00:00:00+07:00,5689.0,-1.693%,90.123,80.011,91.912
2020-02-27 00:00:00+07:00,5536.0,-2.689%,144.714,115.593,113.683
2020-02-28 00:00:00+07:00,5453.0,-1.499%,179.464,152.43,141.734
2020-03-02 00:00:00+07:00,5361.0,-1.687%,197.448,188.455,177.181
2020-03-03 00:00:00+07:00,5519.0,2.947%,170.683,194.915,189.307
2020-03-04 00:00:00+07:00,5650.0,2.374%,146.5,192.611,190.888
2020-03-05 00:00:00+07:00,5638.0,-0.212%,117.863,189.499,189.544
2020-03-06 00:00:00+07:00,5499.0,-2.465%,101.041,191.568,193.463
2020-03-09 00:00:00+07:00,5137.0,-6.583%,176.432,231.255,228.836
2020-03-10 00:00:00+07:00,5221.0,1.635%,199.418,238.297,246.838
2020-03-11 00:00:00+07:00,5154.0,-1.283%,225.383,239.294,264.546
2020-03-12 00:00:00+07:00,4896.0,-5.006%,286.472,269.009,303.81
2020-03-13 00:00:00+07:00,4908.0,0.245%,278.403,284.926,332.121
2020-03-16 00:00:00+07:00,4691.0,-4.421%,264.106,316.068,373.268
2020-03-17 00:00:00+07:00,4457.0,-4.988%,276.855,369.652,426.498
2020-03-18 00:00:00+07:00,4331.0,-2.827%,334.775,426.974,475.584
2020-03-19 00:00:00+07:00,4105.0,-5.218%,369.415,496.51,529.328
2020-03-20 00:00:00+07:00,4195.0,2.192%,326.148,534.921,555.036
2020-03-23 00:00:00+07:00,3990.0,-4.887%,328.061,566.551,589.009
2020-03-24 00:00:00+07:00,3938.0,-1.303%,268.521,564.888,616.813
2020-03-26 00:00:00+07:00,4339.0,10.183%,193.234,507.258,606.146
2020-03-27 00:00:00+07:00,4546.0,4.771%,215.142,441.818,586.374
2020-03-30 00:00:00+07:00,4414.0,-2.904%,225.212,410.975,575.001
2020-03-31 00:00:00+07:00,4539.0,2.832%,247.509,357.576,559.926
2020-04-01 00:00:00+07:00,4466.0,-1.608%,253.102,297.809,547.99
2020-04-02 00:00:00+07:00,4532.0,1.478%,215.902,266.905,519.838
2020-04-03 00:00:00+07:00,4623.0,2.008%,94.888,233.023,471.834
2020-04-06 00:00:00+07:00,4812.0,4.088%,128.469,247.668,416.397
2020-04-07 00:00:00+07:00,4779.0,-0.686%,151.787,269.586,366.068
2020-04-08 00:00:00+07:00,4627.0,-3.181%,129.111,275.252,343.11
2020-04-09 00:00:00+07:00,4649.0,0.475%,123.406,265.31,308.154
2020-04-13 00:00:00+07:00,4624.0,-0.538%,97.833,256.91,273.701
2020-04-14 00:00:00+07:00,4706.0,1.773%,79.101,217.721,262.816
2020-04-15 00:00:00+07:00,4626.0,-1.7%,78.693,131.287,247.075
2020-04-16 00:00:00+07:00,4481.0,-3.134%,90.957,114.712,242.124
2020-04-17 00:00:00+07:00,4635.0,3.437%,68.16,113.85,244.905
2020-04-20 00:00:00+07:00,4576.0,-1.273%,70.127,99.997,243.577
2020-04-21 00:00:00+07:00,4502.0,-1.617%,79.264,102.744,227.413
2020-04-22 00:00:00+07:00,4568.0,1.466%,78.419,94.498,216.309
2020-04-23 00:00:00+07:00,4594.0,0.569%,58.471,91.237,178.886
2020-04-24 00:00:00+07:00,4496.0,-2.133%,57.939,97.918,112.287
2020-04-27 00:00:00+07:00,4513.0,0.378%,52.575,84.411,99.473
2020-04-28 00:00:00+07:00,4530.0,0.377%,39.168,68.053,99.856
2020-04-29 00:00:00+07:00,4567.0,0.817%,37.912,66.777,92.002
2020-04-30 00:00:00+07:00,4716.0,3.263%,73.286,74.364,94.907
2020-05-04 00:00:00+07:00,4605.0,-2.354%,74.514,73.689,89.723
2020-05-05 00:00:00+07:00,4630.0,0.543%,77.281,66.07,88.125
2020-05-06 00:00:00+07:00,4609.0,-0.454%,68.18,65.196,88.093
2020-05-08 00:00:00+07:00,4597.0,-0.26%,57.798,59.747,75.195
2020-05-11 00:00:00+07:00,4639.0,0.914%,47.056,60.033,64.044
2020-05-12 00:00:00+07:00,4589.0,-1.078%,43.251,60.041,63.623
2020-05-13 00:00:00+07:00,4554.0,-0.763%,27.98,56.161,62.811
2020-05-14 00:00:00+07:00,4514.0,-0.878%,43.748,59.276,64.266
2020-05-15 00:00:00+07:00,4508.0,-0.133%,49.246,62.353,59.711
2020-05-18 00:00:00+07:00,4511.0,0.067%,51.152,60.982,59.953
2020-05-19 00:00:00+07:00,4549.0,0.842%,48.325,58.782,56.754
2020-05-20 00:00:00+07:00,4546.0,-0.066%,29.562,57.887,55.076
2020-05-26 00:00:00+07:00,4627.0,1.782%,41.438,58.982,56.583
2020-05-27 00:00:00+07:00,4642.0,0.324%,55.79,48.804,56.453
2020-05-28 00:00:00+07:00,4716.0,1.594%,77.882,60.736,64.078
2020-05-29 00:00:00+07:00,4754.0,0.806%,91.378,74.764,74.123
2020-06-02 00:00:00+07:00,4848.0,1.977%,110.677,100.593,89.714
2020-06-03 00:00:00+07:00,4941.0,1.918%,136.162,132.964,112.756
2020-06-04 00:00:00+07:00,4917.0,-0.486%,126.825,152.394,126.672
2020-06-05 00:00:00+07:00,4948.0,0.63%,121.09,169.125,141.155
2020-06-08 00:00:00+07:00,5071.0,2.486%,122.349,193.29,166.568
2020-06-09 00:00:00+07:00,5035.0,-0.71%,107.407,200.422,182.354
2020-06-10 00:00:00+07:00,4921.0,-2.264%,75.441,190.954,187.579
2020-06-11 00:00:00+07:00,4855.0,-1.341%,73.824,174.009,188.243
2020-06-12 00:00:00+07:00,4880.0,0.515%,79.214,157.178,188.547
2020-06-15 00:00:00+07:00,4816.0,-1.311%,93.448,133.696,187.705
2020-06-16 00:00:00+07:00,4986.0,3.53%,95.592,120.349,190.688
2020-06-17 00:00:00+07:00,4988.0,0.04%,80.215,101.627,189.791
2020-06-18 00:00:00+07:00,4925.0,-1.263%,64.507,85.775,180.981
2020-06-19 00:00:00+07:00,4942.0,0.345%,65.575,71.206,169.324
2020-06-22 00:00:00+07:00,4919.0,-0.465%,60.373,67.033,153.641
2020-06-23 00:00:00+07:00,4879.0,-0.813%,60.491,68.902,137.463
2020-06-24 00:00:00+07:00,4965.0,1.763%,39.484,69.162,117.932
2020-06-25 00:00:00+07:00,4897.0,-1.37%,37.783,69.925,102.109
2020-06-26 00:00:00+07:00,4904.0,0.143%,28.837,58.028,83.689
2020-06-29 00:00:00+07:00,4902.0,-0.041%,29.308,48.213,71.032
2020-06-30 00:00:00+07:00,4905.0,0.061%,26.959,48.193,60.367
2020-07-01 00:00:00+07:00,4914.0,0.183%,26.751,45.355,57.771
2020-07-02 00:00:00+07:00,4967.0,1.079%,30.485,46.019,58.316
2020-07-03 00:00:00+07:00,4974.0,0.141%,32.709,36.367,58.989
2020-07-06 00:00:00+07:00,4989.0,0.302%,38.379,36.708,60.177
2020-07-07 00:00:00+07:00,4987.0,-0.04%,39.496,36.595,53.051
2020-07-08 00:00:00+07:00,5076.0,1.785%,56.573,52.634,57.629
2020-07-09 00:00:00+07:00,5053.0,-0.453%,54.478,60.095,63.195
2020-07-10 00:00:00+07:00,5031.0,-0.435%,42.336,62.73,63.142
2020-07-13 00:00:00+07:00,5064.0,0.656%,41.398,63.783,65.999
2020-07-14 00:00:00+07:00,5079.0,0.296%,38.843,69.633,62.919
2020-07-15 00:00:00+07:00,5076.0,-0.059%,33.395,69.343,67.073
2020-07-16 00:00:00+07:00,5098.0,0.433%,21.443,69.281,72.377
2020-07-17 00:00:00+07:00,5080.0,-0.353%,21.739,64.454,74.532
2020-07-20 00:00:00+07:00,5051.0,-0.571%,21.991,55.435,75.126
2020-07-21 00:00:00+07:00,5115.0,1.267%,21.062,48.268,77.865
2020-07-22 00:00:00+07:00,5110.0,-0.098%,22.226,45.373,76.172
2020-07-23 00:00:00+07:00,5145.0,0.685%,30.664,44.632,80.697
2020-07-24 00:00:00+07:00,5083.0,-1.205%,29.994,38.452,76.643
2020-07-27 00:00:00+07:00,5117.0,0.669%,30.9,30.473,73.336
2020-07-28 00:00:00+07:00,5113.0,-0.078%,29.813,31.305,67.901
2020-07-29 00:00:00+07:00,5150.0,0.724%,22.62,33.881,62.795
2020-07-30 00:00:00+07:00,5150.0,0.0%,25.298,31.8,56.003
2020-08-03 00:00:00+07:00,5006.0,-2.796%,51.677,39.907,52.915
2020-08-04 00:00:00+07:00,5075.0,1.378%,50.337,40.068,47.741
2020-08-05 00:00:00+07:00,5127.0,1.025%,50.731,40.252,44.173
2020-08-06 00:00:00+07:00,5178.0,0.995%,57.797,45.113,42.611
2020-08-07 00:00:00+07:00,5144.0,-0.657%,58.872,45.393,43.733
2020-08-10 00:00:00+07:00,5158.0,0.272%,59.657,43.346,44.402
2020-08-11 00:00:00+07:00,5190.0,0.62%,64.74,47.227,45.171
2020-08-12 00:00:00+07:00,5233.0,0.829%,50.158,55.069,51.224
2020-08-13 00:00:00+07:00,5239.0,0.115%,42.762,61.887,56.736
2020-08-14 00:00:00+07:00,5248.0,0.172%,41.601,65.744,61.435
2020-08-18 00:00:00+07:00,5295.0,0.896%,53.702,75.013,70.12
2020-08-19 00:00:00+07:00,5273.0,-0.415%,46.86,78.629,73.967
2020-08-24 00:00:00+07:00,5277.0,0.076%,34.865,82.607,74.913
2020-08-25 00:00:00+07:00,5339.0,1.175%,37.036,91.386,83.204
2020-08-26 00:00:00+07:00,5340.0,0.019%,40.202,80.107,89.299
2020-08-27 00:00:00+07:00,5371.0,0.581%,44.506,77.171,97.509
2020-08-28 00:00:00+07:00,5347.0,-0.447%,38.239,73.906,99.278
2020-08-31 00:00:00+07:00,5238.0,-2.039%,49.059,70.481,97.217
2020-09-01 00:00:00+07:00,5311.0,1.394%,46.014,62.321,96.545
2020-09-02 00:00:00+07:00,5312.0,0.019%,42.649,52.827,96.868
2020-09-03 00:00:00+07:00,5281.0,-0.584%,44.519,45.047,95.601
2020-09-04 00:00:00+07:00,5240.0,-0.776%,50.531,44.361,79.599
2020-09-07 00:00:00+07:00,5230.0,-0.191%,45.348,45.27,69.229
2020-09-08 00:00:00+07:00,5244.0,0.268%,35.592,45.587,62.754
2020-09-09 00:00:00+07:00,5149.0,-1.812%,56.601,59.577,64.96
2020-09-10 00:00:00+07:00,4891.0,-5.011%,142.139,120.492,101.002
2020-09-11 00:00:00+07:00,5017.0,2.576%,144.492,135.893,111.426
2020-09-14 00:00:00+07:00,5162.0,2.89%,133.101,133.834,112.234
2020-09-15 00:00:00+07:00,5101.0,-1.182%,124.626,133.111,116.261
2020-09-16 00:00:00+07:00,5058.0,-0.843%,114.344,129.635,122.386
2020-09-17 00:00:00+07:00,5038.0,-0.395%,92.107,126.07,128.819
2020-09-18 00:00:00+07:00,5059.0,0.417%,83.388,126.875,131.748
2020-09-21 00:00:00+07:00,4999.0,-1.186%,54.948,123.686,137.964
2020-09-22 00:00:00+07:00,4934.0,-1.3%,72.446,121.484,147.225
2020-09-23 00:00:00+07:00,4918.0,-0.324%,68.234,118.635,152.259
2020-09-24 00:00:00+07:00,4843.0,-1.525%,82.423,123.332,160.359
2020-09-25 00:00:00+07:00,4946.0,2.127%,74.933,113.707,155.242
2020-09-28 00:00:00+07:00,4907.0,-0.789%,69.04,98.592,151.354
2020-09-29 00:00:00+07:00,4879.0,-0.571%,49.78,93.828,153.985
2020-09-30 00:00:00+07:00,4870.0,-0.184%,37.044,95.551,149.824
2020-10-01 00:00:00+07:00,4970.0,2.053%,44.391,95.005,138.211
2020-10-02 00:00:00+07:00,4927.0,-0.865%,44.967,79.358,127.917
2020-10-05 00:00:00+07:00,4959.0,0.649%,38.837,68.349,117.856
2020-10-06 00:00:00+07:00,4999.0,0.807%,48.202,62.805,105.968
2020-10-07 00:00:00+07:00,5004.0,0.1%,54.031,59.56,89.261
2020-10-08 00:00:00+07:00,5039.0,0.699%,55.766,56.76,81.92
2020-10-09 00:00:00+07:00,5054.0,0.298%,44.786,62.581,81.067
2020-10-12 00:00:00+07:00,5093.0,0.772%,56.73,73.62,84.207
2020-10-13 00:00:00+07:00,5133.0,0.785%,59.432,86.07,81.411
2020-10-14 00:00:00+07:00,5176.0,0.838%,66.256,93.086,88.032
2020-10-15 00:00:00+07:00,5105.0,-1.372%,58.702,96.056,90.394
2020-10-16 00:00:00+07:00,5103.0,-0.039%,46.159,94.439,93.086
2020-10-19 00:00:00+07:00,5126.0,0.451%,37.822,88.512,96.44
2020-10-20 00:00:00+07:00,5100.0,-0.507%,28.815,74.851,98.914
2020-10-21 00:00:00+07:00,5096.0,-0.078%,28.375,71.162,99.493
2020-10-22 00:00:00+07:00,5092.0,-0.078%,29.422,59.147,98.535
2020-10-23 00:00:00+07:00,5112.0,0.393%,11.32,48.9,91.61
2020-10-26 00:00:00+07:00,5144.0,0.626%,18.636,43.676,92.409
2020-10-27 00:00:00+07:00,5128.0,-0.311%,19.356,34.726,88.743
2020-11-02 00:00:00+07:00,5115.0,-0.254%,18.653,28.651,80.16
2020-11-03 00:00:00+07:00,5159.0,0.86%,24.511,25.711,69.245
2020-11-04 00:00:00+07:00,5105.0,-1.047%,23.191,24.925,64.864
2020-11-05 00:00:00+07:00,5260.0,3.036%,53.682,44.808,65.205
2020-11-06 00:00:00+07:00,5336.0,1.445%,86.605,70.476,75.501
2020-11-09 00:00:00+07:00,5356.0,0.375%,107.277,89.764,86.715
2020-11-10 00:00:00+07:00,5463.0,1.998%,136.232,119.119,107.409
2020-11-11 00:00:00+07:00,5510.0,0.86%,149.151,145.698,128.636
2020-11-12 00:00:00+07:00,5459.0,-0.926%,140.469,155.616,138.86
2020-11-13 00:00:00+07:00,5461.0,0.037%,90.013,160.457,147.797
2020-11-16 00:00:00+07:00,5495.0,0.623%,67.241,163.296,158.349
2020-11-17 00:00:00+07:00,5530.0,0.637%,56.326,165.836,170.325
2020-11-18 00:00:00+07:00,5558.0,0.506%,38.466,168.368,179.452
2020-11-19 00:00:00+07:00,5594.0,0.648%,49.651,166.625,188.135
2020-11-20 00:00:00+07:00,5572.0,-0.393%,53.899,153.764,193.186
2020-11-23 00:00:00+07:00,5653.0,1.454%,63.79,146.143,199.787
2020-11-24 00:00:00+07:00,5701.0,0.849%,70.916,121.475,205.95
2020-11-25 00:00:00+07:00,5679.0,-0.386%,65.388,109.84,205.943
2020-11-26 00:00:00+07:00,5760.0,1.426%,74.251,111.795,209.228
2020-11-27 00:00:00+07:00,5783.0,0.399%,78.733,111.132,211.945
2020-11-30 00:00:00+07:00,5612.0,-2.957%,75.794,105.326,199.919
2020-12-01 00:00:00+07:00,5725.0,2.014%,59.84,107.222,187.581
2020-12-02 00:00:00+07:00,5814.0,1.555%,68.277,109.943,180.099
2020-12-03 00:00:00+07:00,5823.0,0.155%,76.275,107.565,159.553
2020-12-04 00:00:00+07:00,5810.0,-0.223%,74.202,102.262,149.52
2020-12-07 00:00:00+07:00,5931.0,2.083%,98.114,110.793,152.448
2020-12-08 00:00:00+07:00,5944.0,0.219%,114.887,116.504,153.062
2020-12-10 00:00:00+07:00,5934.0,-0.168%,83.232,118.491,157.082
2020-12-11 00:00:00+07:00,5938.0,0.067%,64.957,112.323,161.194
2020-12-14 00:00:00+07:00,6013.0,1.263%,71.948,118.743,164.458
2020-12-15 00:00:00+07:00,6010.0,-0.05%,67.412,123.722,163.19
2020-12-16 00:00:00+07:00,6118.0,1.797%,68.918,134.618,169.835
2020-12-17 00:00:00+07:00,6113.0,-0.082%,79.16,144.613,173.538
2020-12-18 00:00:00+07:00,6104.0,-0.147%,80.022,150.359,174.233
2020-12-21 00:00:00+07:00,6166.0,1.016%,80.297,134.999,178.58
2020-12-22 00:00:00+07:00,6023.0,-2.319%,62.074,117.406,168.168
2020-12-23 00:00:00+07:00,6009.0,-0.232%,62.788,107.122,161.057
2020-12-28 00:00:00+07:00,6094.0,1.415%,55.302,97.632,158.958
2020-12-29 00:00:00+07:00,6036.0,-0.952%,56.937,77.846,150.306
2020-12-30 00:00:00+07:00,5979.0,-0.944%,65.094,74.072,144.613
2021-01-04 00:00:00+07:00,6105.0,2.107%,65.211,71.415,142.928
2021-01-05 00:00:00+07:00,6137.0,0.524%,57.766,67.456,122.192
2021-01-06 00:00:00+07:00,6066.0,-1.157%,56.093,57.542,106.644
2021-01-07 00:00:00+07:00,6154.0,1.451%,60.362,59.207,101.407
2021-01-08 00:00:00+07:00,6258.0,1.69%,90.362,72.417,102.686
2021-01-11 00:00:00+07:00,6383.0,1.997%,131.855,105.379,112.791
2021-01-12 00:00:00+07:00,6396.0,0.204%,133.501,129.172,128.277
2021-01-13 00:00:00+07:00,6435.0,0.61%,146.198,151.195,143.374
2021-01-14 00:00:00+07:00,6428.0,-0.109%,146.34,167.338,151.999
2021-01-15 00:00:00+07:00,6373.0,-0.856%,103.156,168.415,152.564
2021-01-18 00:00:00+07:00,6390.0,0.267%,58.631,165.272,156.301
2021-01-19 00:00:00+07:00,6322.0,-1.064%,37.563,161.933,154.162
2021-01-20 00:00:00+07:00,6430.0,1.708%,40.294,156.536,161.27
2021-01-21 00:00:00+07:00,6414.0,-0.249%,40.843,134.839,165.576
2021-01-22 00:00:00+07:00,6307.0,-1.668%,49.665,121.796,164.145
2021-01-25 00:00:00+07:00,6259.0,-0.761%,62.249,111.558,163.484
2021-01-26 00:00:00+07:00,6140.0,-1.901%,101.703,99.171,157.682
2021-01-27 00:00:00+07:00,6109.0,-0.505%,123.941,105.981,151.638
2021-01-28 00:00:00+07:00,5979.0,-2.128%,166.461,141.266,159.369
2021-01-29 00:00:00+07:00,5862.0,-1.957%,191.544,183.403,174.469
2021-02-01 00:00:00+07:00,6068.0,3.514%,153.86,187.6,168.944
2021-02-02 00:00:00+07:00,6044.0,-0.396%,125.331,187.228,171.859
2021-02-03 00:00:00+07:00,6078.0,0.563%,93.461,181.045,174.026
2021-02-04 00:00:00+07:00,6107.0,0.477%,88.264,175.153,172.278
2021-02-05 00:00:00+07:00,6152.0,0.737%,95.453,164.337,172.326
2021-02-08 00:00:00+07:00,6209.0,0.927%,109.006,158.558,172.33
2021-02-09 00:00:00+07:00,6182.0,-0.435%,62.185,137.873,169.112
2021-02-10 00:00:00+07:00,6202.0,0.324%,64.105,114.743,164.426
2021-02-11 00:00:00+07:00,6223.0,0.339%,54.863,106.161,156.482
2021-02-15 00:00:00+07:00,6270.0,0.755%,52.216,107.34,148.767
2021-02-16 00:00:00+07:00,6292.0,0.351%,48.634,117.183,144.955
2021-02-17 00:00:00+07:00,6228.0,-1.017%,38.781,120.063,138.056
2021-02-18 00:00:00+07:00,6200.0,-0.45%,39.709,112.183,134.507
2021-02-19 00:00:00+07:00,6232.0,0.516%,34.131,76.816,122.415
2021-02-22 00:00:00+07:00,6255.0,0.369%,31.275,72.417,110.905
2021-02-23 00:00:00+07:00,6273.0,0.288%,31.691,61.733,108.91
2021-02-24 00:00:00+07:00,6251.0,-0.351%,30.483,50.059,108.56
2021-02-25 00:00:00+07:00,6290.0,0.624%,30.0,41.529,112.07
2021-02-26 00:00:00+07:00,6242.0,-0.763%,28.971,34.419,112.389
2021-03-01 00:00:00+07:00,6339.0,1.554%,36.457,42.279,108.666
2021-03-02 00:00:00+07:00,6359.0,0.316%,45.53,47.058,85.134
2021-03-03 00:00:00+07:00,6377.0,0.283%,53.833,53.006,85.324
2021-03-04 00:00:00+07:00,6291.0,-1.349%,52.494,51.089,74.97
2021-03-05 00:00:00+07:00,6259.0,-0.509%,51.142,51.314,65.1
2021-03-08 00:00:00+07:00,6248.0,-0.176%,55.87,51.718,56.391
2021-03-09 00:00:00+07:00,6200.0,-0.768%,64.927,54.142,52.829
2021-03-10 00:00:00+07:00,6265.0,1.048%,62.774,50.074,51.621
2021-03-12 00:00:00+07:00,6358.0,1.484%,62.58,52.583,52.458
2021-03-15 00:00:00+07:00,6324.0,-0.535%,51.96,52.666,51.384
2021-03-16 00:00:00+07:00,6310.0,-0.221%,53.241,52.614,50.477
2021-03-17 00:00:00+07:00,6277.0,-0.523%,52.455,51.433,50.437
2021-03-18 00:00:00+07:00,6348.0,1.131%,54.851,53.247,52.565
2021-03-19 00:00:00+07:00,6356.0,0.126%,37.668,52.441,53.382
2021-03-22 00:00:00+07:00,6301.0,-0.865%,30.781,51.687,49.434
2021-03-23 00:00:00+07:00,6253.0,-0.762%,36.912,50.961,48.336
2021-03-24 00:00:00+07:00,6156.0,-1.551%,67.842,58.202,56.481
2021-03-25 00:00:00+07:00,6123.0,-0.536%,89.962,71.883,67.136
2021-03-26 00:00:00+07:00,6196.0,1.192%,92.457,74.538,69.449
2021-03-29 00:00:00+07:00,6167.0,-0.468%,84.671,78.999,73.593
2021-03-30 00:00:00+07:00,6071.0,-1.557%,77.561,92.8,85.741
2021-03-31 00:00:00+07:00,5986.0,-1.4%,87.124,116.376,103.416
2021-04-01 00:00:00+07:00,6011.0,0.418%,80.74,123.829,112.37
2021-04-05 00:00:00+07:00,5970.0,-0.682%,89.877,133.562,120.927
2021-04-06 00:00:00+07:00,6003.0,0.553%,90.605,135.823,127.76
2021-04-07 00:00:00+07:00,6037.0,0.566%,67.02,134.848,131.684
2021-04-08 00:00:00+07:00,6072.0,0.58%,40.012,121.852,133.303
2021-04-09 00:00:00+07:00,6070.0,-0.033%,39.807,101.86,135.34
2021-04-12 00:00:00+07:00,5949.0,-1.993%,47.067,91.667,142.114
2021-04-13 00:00:00+07:00,5927.0,-0.37%,57.994,84.36,143.049
2021-04-14 00:00:00+07:00,6050.0,2.075%,58.06,78.961,137.672
2021-04-15 00:00:00+07:00,6080.0,0.496%,62.442,76.498,131.249
2021-04-16 00:00:00+07:00,6086.0,0.099%,66.443,64.119,125.93
2021-04-19 00:00:00+07:00,6053.0,-0.542%,64.976,52.064,113.331
2021-04-20 00:00:00+07:00,6038.0,-0.248%,62.842,50.6,96.132
2021-04-21 00:00:00+07:00,5993.0,-0.745%,55.626,50.232,82.662
2021-04-22 00:00:00+07:00,5994.0,0.017%,37.162,50.779,71.182
2021-04-23 00:00:00+07:00,6017.0,0.384%,38.06,48.508,67.094
2021-04-26 00:00:00+07:00,5965.0,-0.864%,41.237,50.919,66.475
2021-04-27 00:00:00+07:00,5960.0,-0.084%,35.107,53.46,57.197
2021-04-28 00:00:00+07:00,5974.0,0.235%,28.348,52.268,47.757
2021-04-29 00:00:00+07:00,6013.0,0.653%,22.494,49.476,45.975
2021-04-30 00:00:00+07:00,5996.0,-0.283%,22.634,46.753,45.745
2021-05-03 00:00:00+07:00,5953.0,-0.717%,26.005,43.593,47.542
2021-05-04 00:00:00+07:00,5964.0,0.185%,21.664,43.928,47.809
2021-05-05 00:00:00+07:00,5976.0,0.201%,21.212,38.994,48.345
2021-05-06 00:00:00+07:00,5970.0,-0.1%,20.224,30.397,48.543
2021-05-07 00:00:00+07:00,5928.0,-0.704%,27.796,28.926,48.74
2021-05-10 00:00:00+07:00,5976.0,0.81%,21.342,23.924,46.029
2021-05-11 00:00:00+07:00,5938.0,-0.636%,18.942,25.567,46.619
2021-05-17 00:00:00+07:00,5834.0,-1.751%,50.739,44.372,56.551
2021-05-18 00:00:00+07:00,5834.0,0.0%,63.134,52.957,63.96
2021-05-19 00:00:00+07:00,5761.0,-1.251%,82.097,72.551,75.425
2021-05-20 00:00:00+07:00,5798.0,0.642%,80.434,80.573,78.078
2021-05-21 00:00:00+07:00,5773.0,-0.431%,82.159,88.234,83.22
2021-05-24 00:00:00+07:00,5764.0,-0.156%,62.476,90.537,87.775
2021-05-25 00:00:00+07:00,5816.0,0.902%,31.783,87.097,89.195
2021-05-27 00:00:00+07:00,5842.0,0.447%,33.43,84.715,88.584
2021-05-28 00:00:00+07:00,5849.0,0.12%,36.446,80.315,85.715
2021-05-31 00:00:00+07:00,5947.0,1.676%,61.855,77.454,85.113
2021-06-02 00:00:00+07:00,6032.0,1.429%,96.883,85.614,89.077
2021-06-03 00:00:00+07:00,6092.0,0.995%,120.942,104.273,97.209
2021-06-04 00:00:00+07:00,6065.0,-0.443%,115.424,113.207,100.634
2021-06-07 00:00:00+07:00,6070.0,0.082%,106.201,123.296,105.001
2021-06-08 00:00:00+07:00,5999.0,-1.17%,85.447,125.276,106.339
2021-06-09 00:00:00+07:00,6047.0,0.8%,49.261,129.127,109.716
2021-06-10 00:00:00+07:00,6108.0,1.009%,36.788,129.929,116.671
2021-06-11 00:00:00+07:00,6095.0,-0.213%,36.788,128.673,122.098
2021-06-14 00:00:00+07:00,6080.0,-0.246%,35.748,119.405,126.294
2021-06-15 00:00:00+07:00,6089.0,0.148%,36.741,103.417,130.291
2021-06-16 00:00:00+07:00,6079.0,-0.164%,36.91,88.387,133.536
2021-06-17 00:00:00+07:00,6068.0,-0.181%,19.659,70.63,133.035
2021-06-18 00:00:00+07:00,6007.0,-1.005%,32.657,44.997,130.016
2021-06-21 00:00:00+07:00,5996.0,-0.183%,40.396,37.118,120.872
2021-06-22 00:00:00+07:00,6088.0,1.534%,39.435,36.994,115.27
2021-06-23 00:00:00+07:00,6035.0,-0.871%,38.943,36.7,103.565
2021-06-24 00:00:00+07:00,6012.0,-0.381%,37.504,38.712,87.197
2021-06-25 00:00:00+07:00,6022.0,0.166%,33.813,39.421,73.658
2021-06-28 00:00:00+07:00,5939.0,-1.378%,44.689,47.942,63.669
2021-06-29 00:00:00+07:00,5949.0,0.168%,51.145,54.699,51.745
2021-06-30 00:00:00+07:00,5985.0,0.605%,51.665,52.871,48.956
2021-07-01 00:00:00+07:00,6006.0,0.351%,36.628,49.946,49.515
2021-07-02 00:00:00+07:00,6023.0,0.283%,34.532,47.407,48.132
2021-07-05 00:00:00+07:00,6006.0,-0.282%,33.99,43.3,48.094
2021-07-06 00:00:00+07:00,6047.0,0.683%,38.875,40.431,47.479
2021-07-07 00:00:00+07:00,6044.0,-0.05%,34.297,38.38,46.909
2021-07-08 00:00:00+07:00,6040.0,-0.066%,23.501,39.098,46.841
2021-07-09 00:00:00+07:00,6040.0,0.0%,17.719,39.333,43.73
2021-07-12 00:00:00+07:00,6079.0,0.646%,22.475,38.136,42.686
2021-07-13 00:00:00+07:00,6012.0,-1.102%,24.171,37.758,41.274
2021-07-14 00:00:00+07:00,5979.0,-0.549%,31.288,38.942,39.965
2021-07-15 00:00:00+07:00,6047.0,1.137%,31.288,39.985,38.245
2021-07-16 00:00:00+07:00,6073.0,0.43%,34.52,36.54,38.571
2021-07-19 00:00:00+07:00,6017.0,-0.922%,35.443,29.755,38.459
2021-07-21 00:00:00+07:00,6030.0,0.216%,35.423,27.006,38.072
2021-07-22 00:00:00+07:00,6138.0,1.791%,51.38,38.12,43.542
2021-07-23 00:00:00+07:00,6102.0,-0.587%,53.745,40.979,46.661
2021-07-26 00:00:00+07:00,6106.0,0.066%,44.376,42.038,49.465
2021-07-27 00:00:00+07:00,6097.0,-0.147%,43.454,43.509,51.335
2021-07-28 00:00:00+07:00,6089.0,-0.131%,43.419,44.099,47.43
2021-07-29 00:00:00+07:00,6121.0,0.526%,33.945,46.434,45.129
2021-07-30 00:00:00+07:00,6070.0,-0.833%,21.907,45.808,42.611
2021-08-02 00:00:00+07:00,6097.0,0.445%,15.672,46.373,41.944
2021-08-03 00:00:00+07:00,6131.0,0.558%,20.247,45.855,43.78
2021-08-04 00:00:00+07:00,6159.0,0.457%,29.824,40.811,46.138
2021-08-05 00:00:00+07:00,6205.0,0.747%,46.028,48.723,54.018
2021-08-06 00:00:00+07:00,6203.0,-0.032%,51.22,54.691,59.602
2021-08-09 00:00:00+07:00,6127.0,-1.225%,50.881,47.448,59.166
2021-08-10 00:00:00+07:00,6088.0,-0.637%,46.956,41.131,57.992
2021-08-12 00:00:00+07:00,6140.0,0.854%,42.324,41.187,58.736
2021-08-13 00:00:00+07:00,6139.0,-0.016%,41.816,40.858,56.054
2021-08-16 00:00:00+07:00,6088.0,-0.831%,47.885,41.826,48.568
2021-08-18 00:00:00+07:00,6118.0,0.493%,39.124,41.104,46.542
2021-08-19 00:00:00+07:00,5992.0,-2.059%,51.828,54.088,52.812
2021-08-20 00:00:00+07:00,6031.0,0.651%,55.697,59.062,51.689
2021-08-23 00:00:00+07:00,6110.0,1.31%,56.5,57.752,48.491
2021-08-24 00:00:00+07:00,6089.0,-0.344%,51.814,57.997,48.353
2021-08-25 00:00:00+07:00,6113.0,0.394%,47.734,57.831,48.326
2021-08-26 00:00:00+07:00,6058.0,-0.9%,47.958,58.142,49.649
2021-08-27 00:00:00+07:00,6041.0,-0.281%,44.632,53.239,51.722
2021-08-30 00:00:00+07:00,6145.0,1.722%,42.026,45.994,52.286
2021-08-31 00:00:00+07:00,6150.0,0.081%,41.14,47.743,53.028
2021-09-01 00:00:00+07:00,6091.0,-0.959%,41.063,47.725,52.446
2021-09-02 00:00:00+07:00,6078.0,-0.213%,41.677,45.891,52.848
2021-09-03 00:00:00+07:00,6127.0,0.806%,42.914,44.985,52.773
2021-09-06 00:00:00+07:00,6127.0,0.0%,39.857,46.181,51.713
2021-09-07 00:00:00+07:00,6112.0,-0.245%,26.701,45.935,46.695
2021-09-08 00:00:00+07:00,6026.0,-1.407%,41.081,40.97,43.654
2021-09-09 00:00:00+07:00,6068.0,0.697%,36.393,37.749,43.373
2021-09-10 00:00:00+07:00,6095.0,0.445%,36.446,37.514,43.368
2021-09-13 00:00:00+07:00,6088.0,-0.115%,36.071,37.526,41.97
2021-09-14 00:00:00+07:00,6129.0,0.673%,36.403,38.376,41.437
2021-09-15 00:00:00+07:00,6110.0,-0.31%,34.189,36.973,41.679
2021-09-16 00:00:00+07:00,6110.0,0.0%,33.98,33.024,41.45
2021-09-17 00:00:00+07:00,6133.0,0.376%,22.976,32.019,35.819
2021-09-20 00:00:00+07:00,6076.0,-0.929%,20.956,29.714,32.92
2021-09-21 00:00:00+07:00,6061.0,-0.247%,26.969,31.286,33.815
2021-09-22 00:00:00+07:00,6108.0,0.775%,26.416,31.006,33.858
2021-09-23 00:00:00+07:00,6143.0,0.573%,29.037,32.425,35.156
2021-09-24 00:00:00+07:00,6145.0,0.033%,32.657,33.942,35.226
2021-09-27 00:00:00+07:00,6122.0,-0.374%,32.918,34.311,32.421
2021-09-28 00:00:00+07:00,6113.0,-0.147%,31.695,26.721,31.27
2021-09-29 00:00:00+07:00,6163.0,0.818%,33.289,28.027,32.31
2021-09-30 00:00:00+07:00,6287.0,2.012%,61.633,53.455,50.796
2021-10-01 00:00:00+07:00,6229.0,-0.923%,63.384,58.447,55.704
2021-10-04 00:00:00+07:00,6343.0,1.83%,88.417,79.987,73.637
2021-10-05 00:00:00+07:00,6288.0,-0.867%,90.02,86.496,81.018
2021-10-06 00:00:00+07:00,6417.0,2.052%,104.062,107.605,100.631
2021-10-07 00:00:00+07:00,6416.0,-0.016%,93.855,122.136,111.087
2021-10-08 00:00:00+07:00,6482.0,1.029%,90.14,135.834,127.017
2021-10-11 00:00:00+07:00,6460.0,-0.339%,93.107,137.924,137.447
2021-10-12 00:00:00+07:00,6486.0,0.402%,73.992,141.683,146.815
2021-10-13 00:00:00+07:00,6537.0,0.786%,79.47,148.676,159.305
2021-10-14 00:00:00+07:00,6626.0,1.361%,73.581,160.119,175.74
2021-10-15 00:00:00+07:00,6633.0,0.106%,82.976,161.176,188.029
2021-10-18 00:00:00+07:00,6659.0,0.392%,83.046,154.544,199.564
2021-10-19 00:00:00+07:00,6656.0,-0.045%,83.692,144.779,203.688
2021-10-21 00:00:00+07:00,6633.0,-0.346%,66.216,141.431,201.178
2021-10-22 00:00:00+07:00,6644.0,0.166%,41.487,124.972,199.151
2021-10-25 00:00:00+07:00,6626.0,-0.271%,13.673,116.758,195.367
2021-10-26 00:00:00+07:00,6657.0,0.468%,13.565,95.079,190.31
2021-10-27 00:00:00+07:00,6602.0,-0.826%,20.856,85.016,177.154
2021-10-28 00:00:00+07:00,6524.0,-1.181%,46.521,73.072,156.794
2021-10-29 00:00:00+07:00,6591.0,1.027%,44.654,66.475,138.394
2021-11-01 00:00:00+07:00,6553.0,-0.577%,48.183,55.688,128.38
2021-11-02 00:00:00+07:00,6493.0,-0.916%,57.816,54.588,109.268
2021-11-03 00:00:00+07:00,6552.0,0.909%,54.231,53.337,99.58
2021-11-04 00:00:00+07:00,6586.0,0.519%,39.259,53.11,79.741
2021-11-05 00:00:00+07:00,6582.0,-0.061%,36.059,52.465,72.375
2021-11-08 00:00:00+07:00,6632.0,0.76%,43.257,50.469,64.068
2021-11-09 00:00:00+07:00,6670.0,0.573%,57.615,51.888,62.569
2021-11-10 00:00:00+07:00,6683.0,0.195%,67.188,56.17,58.062
2021-11-11 00:00:00+07:00,6691.0,0.12%,55.423,60.279,54.872
2021-11-12 00:00:00+07:00,6651.0,-0.598%,44.315,61.373,52.79
2021-11-15 00:00:00+07:00,6616.0,-0.526%,39.127,59.644,52.744
2021-11-16 00:00:00+07:00,6651.0,0.529%,27.004,61.073,53.18
2021-11-17 00:00:00+07:00,6676.0,0.376%,25.488,58.972,53.978
2021-11-18 00:00:00+07:00,6636.0,-0.599%,27.029,58.718,53.44
2021-11-19 00:00:00+07:00,6720.0,1.266%,35.185,61.1,57.955
2021-11-22 00:00:00+07:00,6723.0,0.045%,41.024,51.147,61.964
2021-11-23 00:00:00+07:00,6678.0,-0.669%,40.472,43.512,63.056
2021-11-24 00:00:00+07:00,6683.0,0.075%,32.27,38.846,63.923
2021-11-25 00:00:00+07:00,6699.0,0.239%,29.841,31.873,65.42
2021-11-26 00:00:00+07:00,6562.0,-2.045%,56.547,42.396,62.728
2021-11-29 00:00:00+07:00,6608.0,0.701%,60.346,45.212,62.244
2021-11-30 00:00:00+07:00,6534.0,-1.12%,73.03,56.243,63.626
2021-12-01 00:00:00+07:00,6508.0,-0.398%,77.848,66.763,62.021
2021-12-02 00:00:00+07:00,6584.0,1.168%,72.117,68.217,60.24
2021-12-03 00:00:00+07:00,6539.0,-0.683%,63.468,72.746,63.031
2021-12-06 00:00:00+07:00,6547.0,0.122%,33.336,75.543,64.924
2021-12-07 00:00:00+07:00,6603.0,0.855%,38.118,73.974,65.252
2021-12-08 00:00:00+07:00,6604.0,0.015%,37.307,73.803,64.895
2021-12-09 00:00:00+07:00,6644.0,0.606%,46.608,67.946,63.803
2021-12-10 00:00:00+07:00,6653.0,0.135%,43.702,61.084,62.406
2021-12-13 00:00:00+07:00,6663.0,0.15%,49.779,59.791,62.713
2021-12-14 00:00:00+07:00,6616.0,-0.705%,39.559,55.343,62.713
2021-12-15 00:00:00+07:00,6626.0,0.151%,23.913,47.987,62.437
2021-12-16 00:00:00+07:00,6595.0,-0.468%,25.545,47.193,61.566
2021-12-17 00:00:00+07:00,6602.0,0.106%,25.877,47.089,61.578
2021-12-20 00:00:00+07:00,6547.0,-0.833%,38.862,45.925,58.849
2021-12-21 00:00:00+07:00,6554.0,0.107%,40.525,40.547,54.036
2021-12-22 00:00:00+07:00,6530.0,-0.366%,37.354,44.403,53.321
2021-12-23 00:00:00+07:00,6556.0,0.398%,34.902,42.978,49.972
2021-12-24 00:00:00+07:00,6563.0,0.107%,25.868,41.779,43.419
2021-12-27 00:00:00+07:00,6575.0,0.183%,22.774,42.131,43.2
2021-12-28 00:00:00+07:00,6598.0,0.35%,21.594,42.062,42.97
2021-12-29 00:00:00+07:00,6601.0,0.045%,25.321,39.665,41.623
2021-12-30 00:00:00+07:00,6581.0,-0.303%,24.86,35.508,37.632
2022-01-03 00:00:00+07:00,6665.0,1.276%,36.491,35.843,41.03
2022-01-04 00:00:00+07:00,6695.0,0.45%,49.566,45.725,44.646
2022-01-05 00:00:00+07:00,6662.0,-0.493%,47.626,48.7,44.762
2022-01-06 00:00:00+07:00,6653.0,-0.135%,42.778,51.144,45.891
2022-01-07 00:00:00+07:00,6701.0,0.721%,45.013,58.016,50.083
2022-01-10 00:00:00+07:00,6691.0,-0.149%,40.976,59.537,52.513
2022-01-11 00:00:00+07:00,6648.0,-0.643%,21.601,57.255,52.346
2022-01-12 00:00:00+07:00,6647.0,-0.015%,23.756,50.851,51.731
2022-01-13 00:00:00+07:00,6658.0,0.165%,21.538,46.366,52.593
2022-01-14 00:00:00+07:00,6693.0,0.526%,23.724,42.993,55.163
2022-01-17 00:00:00+07:00,6645.0,-0.717%,24.853,37.62,55.12
2022-01-18 00:00:00+07:00,6614.0,-0.467%,27.766,36.04,54.963
2022-01-19 00:00:00+07:00,6592.0,-0.333%,32.171,37.12,52.694
2022-01-20 00:00:00+07:00,6627.0,0.531%,32.542,31.906,50.131
2022-01-21 00:00:00+07:00,6726.0,1.494%,46.367,36.926,49.144
2022-01-24 00:00:00+07:00,6655.0,-1.056%,46.302,35.605,45.534
2022-01-25 00:00:00+07:00,6568.0,-1.307%,50.954,42.907,45.109
2022-01-26 00:00:00+07:00,6601.0,0.502%,51.851,44.949,43.488
2022-01-27 00:00:00+07:00,6611.0,0.151%,51.98,43.119,42.891
2022-01-28 00:00:00+07:00,6646.0,0.529%,50.116,40.727,41.719
2022-01-31 00:00:00+07:00,6631.0,-0.226%,50.053,40.657,39.133
2022-02-02 00:00:00+07:00,6708.0,1.161%,44.717,44.892,41.088
2022-02-03 00:00:00+07:00,6684.0,-0.358%,48.452,46.166,40.567
2022-02-04 00:00:00+07:00,6731.0,0.703%,49.717,50.271,44.176
2022-02-07 00:00:00+07:00,6805.0,1.099%,66.953,65.878,55.131
2022-02-08 00:00:00+07:00,6790.0,-0.22%,66.825,73.391,61.418
2022-02-09 00:00:00+07:00,6835.0,0.663%,72.881,81.862,71.624
2022-02-10 00:00:00+07:00,6824.0,-0.161%,59.865,87.493,78.613
2022-02-11 00:00:00+07:00,6816.0,-0.117%,55.542,92.621,83.508
2022-02-14 00:00:00+07:00,6734.0,-1.203%,42.221,91.578,83.763
2022-02-15 00:00:00+07:00,6807.0,1.084%,33.09,84.438,87.432
2022-02-16 00:00:00+07:00,6850.0,0.632%,37.89,81.292,92.557
2022-02-17 00:00:00+07:00,6835.0,-0.219%,38.144,73.968,93.962
2022-02-18 00:00:00+07:00,6893.0,0.849%,48.304,73.11,96.713
2022-02-21 00:00:00+07:00,6903.0,0.145%,57.085,65.771,100.381
2022-02-22 00:00:00+07:00,6862.0,-0.594%,57.315,61.763,103.41
2022-02-23 00:00:00+07:00,6920.0,0.845%,40.247,56.062,107.102
2022-02-24 00:00:00+07:00,6818.0,-1.474%,37.637,48.712,97.648
2022-02-25 00:00:00+07:00,6888.0,1.027%,37.226,49.8,91.783
2022-03-01 00:00:00+07:00,6921.0,0.479%,36.336,51.736,86.312
2022-03-02 00:00:00+07:00,6868.0,-0.766%,36.808,51.73,79.19
2022-03-04 00:00:00+07:00,6928.0,0.874%,40.149,54.663,70.678
2022-03-07 00:00:00+07:00,6869.0,-0.852%,39.522,53.18,65.369
2022-03-08 00:00:00+07:00,6814.0,-0.801%,44.903,41.052,55.556
2022-03-09 00:00:00+07:00,6864.0,0.734%,38.551,36.979,49.337
2022-03-10 00:00:00+07:00,6924.0,0.874%,42.202,38.572,50.758
2022-03-11 00:00:00+07:00,6923.0,-0.014%,42.5,38.003,50.489
2022-03-14 00:00:00+07:00,6952.0,0.419%,48.562,41.979,53.744
2022-03-15 00:00:00+07:00,6918.0,-0.489%,47.611,42.536,53.873
2022-03-16 00:00:00+07:00,6992.0,1.07%,58.034,49.433,58.275
2022-03-17 00:00:00+07:00,6964.0,-0.4%,40.753,52.132,50.534
2022-03-18 00:00:00+07:00,6955.0,-0.129%,26.922,47.596,48.499
2022-03-21 00:00:00+07:00,6955.0,0.0%,25.018,48.268,48.699
2022-03-22 00:00:00+07:00,7001.0,0.661%,27.561,53.181,50.524
2022-03-23 00:00:00+07:00,6996.0,-0.071%,29.719,53.93,53.591
2022-03-24 00:00:00+07:00,7050.0,0.772%,33.778,62.347,60.914
2022-03-25 00:00:00+07:00,7003.0,-0.667%,34.271,60.671,61.627
2022-03-28 00:00:00+07:00,7050.0,0.671%,38.862,51.893,66.91
2022-03-29 00:00:00+07:00,7012.0,-0.539%,33.05,43.561,63.109
2022-03-30 00:00:00+07:00,7053.0,0.585%,26.108,44.836,65.856
2022-03-31 00:00:00+07:00,7071.0,0.255%,29.24,45.911,70.208
2022-04-01 00:00:00+07:00,7079.0,0.113%,28.278,48.592,71.456
2022-04-04 00:00:00+07:00,7116.0,0.523%,39.019,49.479,77.439
2022-04-05 00:00:00+07:00,7148.0,0.45%,44.94,59.037,81.436
2022-04-06 00:00:00+07:00,7104.0,-0.616%,44.451,58.421,73.916
2022-04-07 00:00:00+07:00,7127.0,0.324%,33.654,56.697,70.836
2022-04-08 00:00:00+07:00,7211.0,1.179%,47.314,63.018,78.878
2022-04-11 00:00:00+07:00,7204.0,-0.097%,49.919,68.326,83.116
2022-04-12 00:00:00+07:00,7215.0,0.153%,48.068,70.808,87.955
2022-04-13 00:00:00+07:00,7263.0,0.665%,56.627,80.717,92.542
2022-04-14 00:00:00+07:00,7236.0,-0.372%,57.653,79.124,96.855
2022-04-18 00:00:00+07:00,7275.0,0.539%,48.527,83.287,100.906
2022-04-19 00:00:00+07:00,7199.0,-1.045%,29.905,73.727,97.217
2022-04-20 00:00:00+07:00,7227.0,0.389%,28.895,67.95,93.183
2022-04-21 00:00:00+07:00,7276.0,0.678%,30.342,65.443,94.099
2022-04-22 00:00:00+07:00,7226.0,-0.687%,28.991,57.303,89.939
2022-04-25 00:00:00+07:00,7216.0,-0.138%,29.068,51.729,88.007
2022-04-26 00:00:00+07:00,7232.0,0.222%,29.117,48.895,81.857
2022-04-27 00:00:00+07:00,7197.0,-0.484%,26.443,37.674,77.373
2022-04-28 00:00:00+07:00,7229.0,0.445%,23.889,26.003,68.406
2022-05-09 00:00:00+07:00,6910.0,-4.413%,123.035,89.338,86.912
2022-05-10 00:00:00+07:00,6820.0,-1.302%,175.543,136.823,115.182
2022-05-11 00:00:00+07:00,6816.0,-0.059%,200.369,167.176,137.4
2022-05-12 00:00:00+07:00,6600.0,-3.169%,249.647,219.043,183.168
2022-05-13 00:00:00+07:00,6598.0,-0.03%,254.557,253.218,216.721
2022-05-17 00:00:00+07:00,6644.0,0.697%,224.312,267.5,238.825
2022-05-18 00:00:00+07:00,6793.0,2.243%,124.409,267.858,246.668
2022-05-19 00:00:00+07:00,6823.0,0.442%,107.856,261.416,249.779
2022-05-20 00:00:00+07:00,6918.0,1.392%,126.568,244.648,248.618
2022-05-23 00:00:00+07:00,6841.0,-1.113%,129.336,230.035,248.396
2022-05-24 00:00:00+07:00,6914.0,1.067%,124.926,211.83,242.663
2022-05-25 00:00:00+07:00,6884.0,-0.434%,94.731,186.37,237.616
2022-05-27 00:00:00+07:00,7026.0,2.063%,77.517,166.905,228.335
2022-05-30 00:00:00+07:00,7038.0,0.171%,83.809,138.383,222.933
2022-05-31 00:00:00+07:00,7149.0,1.577%,107.719,161.736,218.933
2022-06-02 00:00:00+07:00,7149.0,0.0%,124.268,180.282,211.377
2022-06-03 00:00:00+07:00,7183.0,0.476%,118.361,197.537,208.798
2022-06-06 00:00:00+07:00,7097.0,-1.197%,102.754,184.24,202.787
2022-06-07 00:00:00+07:00,7141.0,0.62%,60.162,164.467,197.261
2022-06-08 00:00:00+07:00,7193.0,0.728%,53.144,144.648,197.004
2022-06-09 00:00:00+07:00,7183.0,-0.139%,33.241,136.853,193.875
2022-06-10 00:00:00+07:00,7087.0,-1.336%,42.516,122.288,196.38
2022-06-13 00:00:00+07:00,6995.0,-1.298%,71.57,117.163,194.404
2022-06-14 00:00:00+07:00,7050.0,0.786%,71.437,98.557,192.688
2022-06-15 00:00:00+07:00,7007.0,-0.61%,80.917,89.375,173.441
2022-06-16 00:00:00+07:00,7050.0,0.614%,79.349,69.553,149.191
2022-06-17 00:00:00+07:00,6937.0,-1.603%,77.954,79.786,125.239
2022-06-20 00:00:00+07:00,6976.0,0.562%,51.156,84.473,114.422
2022-06-21 00:00:00+07:00,7044.0,0.975%,42.93,83.05,104.076
2022-06-22 00:00:00+07:00,6984.0,-0.852%,43.698,83.903,101.129
2022-06-23 00:00:00+07:00,6998.0,0.2%,39.344,78.489,90.614
2022-06-24 00:00:00+07:00,7043.0,0.643%,42.708,77.48,85.014
2022-06-27 00:00:00+07:00,7016.0,-0.383%,38.396,73.163,75.913
2022-06-28 00:00:00+07:00,6996.0,-0.285%,27.169,59.112,76.941
2022-06-29 00:00:00+07:00,6942.0,-0.772%,35.603,42.745,81.213
2022-06-30 00:00:00+07:00,6912.0,-0.432%,44.332,43.735,84.356
2022-07-01 00:00:00+07:00,6794.0,-1.707%,84.555,69.589,97.413
2022-07-04 00:00:00+07:00,6639.0,-2.281%,143.837,112.309,123.503
2022-07-05 00:00:00+07:00,6703.0,0.964%,147.23,129.134,137.772
2022-07-06 00:00:00+07:00,6646.0,-0.85%,147.23,144.698,151.455
2022-07-07 00:00:00+07:00,6653.0,0.105%,128.829,158.668,155.989
2022-07-08 00:00:00+07:00,6740.0,1.308%,99.364,160.424,150.776
2022-07-11 00:00:00+07:00,6722.0,-0.267%,57.407,155.803,150.978
2022-07-12 00:00:00+07:00,6718.0,-0.06%,41.576,153.354,154.099
2022-07-13 00:00:00+07:00,6641.0,-1.146%,41.183,151.688,157.907
2022-07-14 00:00:00+07:00,6690.0,0.738%,40.737,136.299,158.784
2022-07-15 00:00:00+07:00,6652.0,-0.568%,39.779,119.973,157.43
2022-07-18 00:00:00+07:00,6659.0,0.105%,38.955,97.769,159.721
2022-07-19 00:00:00+07:00,6736.0,1.156%,38.099,74.996,156.366
2022-07-20 00:00:00+07:00,6875.0,2.064%,80.716,67.514,147.614
2022-07-21 00:00:00+07:00,6864.0,-0.16%,99.713,76.604,142.282
2022-07-22 00:00:00+07:00,6887.0,0.335%,105.867,86.936,136.19
2022-07-25 00:00:00+07:00,6858.0,-0.421%,104.765,93.209,124.268
2022-07-26 00:00:00+07:00,6872.0,0.204%,88.089,95.473,114.044
2022-07-27 00:00:00+07:00,6898.0,0.378%,54.482,97.806,106.124
2022-07-28 00:00:00+07:00,6957.0,0.855%,33.564,108.866,107.405
2022-07-29 00:00:00+07:00,6951.0,-0.086%,40.503,115.238,110.327
2022-08-01 00:00:00+07:00,6969.0,0.259%,44.95,120.223,118.587
2022-08-02 00:00:00+07:00,6988.0,0.273%,50.967,115.705,122.577
2022-08-03 00:00:00+07:00,7047.0,0.844%,57.599,117.797,132.369
2022-08-04 00:00:00+07:00,7057.0,0.142%,55.812,108.914,137.112
2022-08-05 00:00:00+07:00,7085.0,0.397%,54.193,94.582,141.534
2022-08-08 00:00:00+07:00,7087.0,0.028%,56.157,84.719,148.062
2022-08-09 00:00:00+07:00,7103.0,0.226%,51.378,89.563,152.641
2022-08-10 00:00:00+07:00,7086.0,-0.239%,38.913,88.412,153.579
2022-08-11 00:00:00+07:00,7160.0,1.044%,36.637,94.123,151.056
2022-08-12 00:00:00+07:00,7129.0,-0.433%,33.867,88.506,146.839
2022-08-15 00:00:00+07:00,7093.0,-0.505%,28.357,77.622,133.206
2022-08-16 00:00:00+07:00,7133.0,0.564%,28.196,68.607,117.139
2022-08-18 00:00:00+07:00,7187.0,0.757%,36.836,69.485,108.882
2022-08-19 00:00:00+07:00,7172.0,-0.209%,38.451,63.562,109.265
2022-08-22 00:00:00+07:00,7108.0,-0.892%,34.243,52.703,103.817
2022-08-23 00:00:00+07:00,7163.0,0.774%,34.548,43.387,100.994
2022-08-24 00:00:00+07:00,7195.0,0.447%,39.473,43.574,95.144
2022-08-25 00:00:00+07:00,7174.0,-0.292%,30.864,40.524,86.365
2022-08-26 00:00:00+07:00,7135.0,-0.544%,30.561,38.006,75.831
2022-08-29 00:00:00+07:00,7132.0,-0.042%,30.13,35.206,69.332
2022-08-30 00:00:00+07:00,7159.0,0.379%,29.233,33.742,60.946
2022-08-31 00:00:00+07:00,7179.0,0.279%,22.948,30.27,52.929
2022-09-01 00:00:00+07:00,7153.0,-0.362%,23.216,30.173,43.348
2022-09-02 00:00:00+07:00,7177.0,0.336%,19.527,30.226,40.006
2022-09-05 00:00:00+07:00,7232.0,0.766%,34.101,31.354,40.83
2022-09-06 00:00:00+07:00,7233.0,0.014%,38.716,34.888,42.712
2022-09-07 00:00:00+07:00,7187.0,-0.636%,32.217,34.888,40.638
2022-09-08 00:00:00+07:00,7232.0,0.626%,32.858,38.474,41.852
2022-09-09 00:00:00+07:00,7243.0,0.152%,35.187,37.11,41.466
2022-09-12 00:00:00+07:00,7254.0,0.152%,28.965,40.702,45.205
2022-09-13 00:00:00+07:00,7318.0,0.882%,39.208,52.897,53.662
2022-09-14 00:00:00+07:00,7278.0,-0.547%,40.93,56.085,53.2
2022-09-15 00:00:00+07:00,7306.0,0.385%,45.169,57.565,56.788
2022-09-16 00:00:00+07:00,7169.0,-1.875%,50.228,53.939,57.141
2022-09-19 00:00:00+07:00,7195.0,0.363%,55.032,51.461,56.798
2022-09-20 00:00:00+07:00,7197.0,0.028%,58.878,50.427,52.679
2022-09-21 00:00:00+07:00,7188.0,-0.125%,62.427,47.259,51.953
2022-09-22 00:00:00+07:00,7219.0,0.431%,50.858,44.967,51.952
2022-09-23 00:00:00+07:00,7179.0,-0.554%,46.144,47.164,51.802
2022-09-26 00:00:00+07:00,7128.0,-0.71%,28.557,54.204,52.314
2022-09-27 00:00:00+07:00,7112.0,-0.224%,39.107,61.085,53.915
2022-09-28 00:00:00+07:00,7077.0,-0.492%,51.889,71.103,60.143
2022-09-29 00:00:00+07:00,7036.0,-0.579%,65.242,83.007,70.209
2022-09-30 00:00:00+07:00,7041.0,0.071%,68.589,89.578,77.503
2022-10-03 00:00:00+07:00,7010.0,-0.44%,59.749,89.446,86.951
2022-10-04 00:00:00+07:00,7072.0,0.884%,42.328,83.99,89.38
2022-10-05 00:00:00+07:00,7075.0,0.042%,33.659,69.913,90.887
2022-10-06 00:00:00+07:00,7077.0,0.028%,26.576,69.405,92.851
2022-10-07 00:00:00+07:00,7027.0,-0.707%,26.531,68.978,95.872
2022-10-10 00:00:00+07:00,6994.0,-0.47%,33.584,68.97,99.441
2022-10-11 00:00:00+07:00,6939.0,-0.786%,51.555,73.232,105.074
2022-10-12 00:00:00+07:00,6909.0,-0.432%,68.641,71.704,105.527
2022-10-13 00:00:00+07:00,6881.0,-0.405%,78.645,74.107,108.704
2022-10-14 00:00:00+07:00,6815.0,-0.959%,90.16,87.328,112.04
2022-10-17 00:00:00+07:00,6831.0,0.235%,79.16,92.871,120.157
2022-10-18 00:00:00+07:00,6834.0,0.044%,65.57,96.889,123.8
2022-10-19 00:00:00+07:00,6860.0,0.38%,45.244,98.679,122.981
2022-10-20 00:00:00+07:00,6981.0,1.764%,57.507,95.903,116.503
2022-10-21 00:00:00+07:00,7018.0,0.53%,79.45,96.309,105.772
2022-10-24 00:00:00+07:00,7053.0,0.499%,100.521,94.59,98.111
2022-10-25 00:00:00+07:00,7048.0,-0.071%,101.181,92.078,93.909
2022-10-26 00:00:00+07:00,7044.0,-0.057%,92.323,88.879,90.428
2022-10-27 00:00:00+07:00,7092.0,0.681%,75.808,94.965,91.271
2022-10-28 00:00:00+07:00,7056.0,-0.508%,34.529,98.556,91.957
2022-10-31 00:00:00+07:00,7099.0,0.609%,28.165,105.659,94.598
2022-11-01 00:00:00+07:00,7052.0,-0.662%,22.33,106.655,95.56
2022-11-02 00:00:00+07:00,7016.0,-0.51%,28.685,103.46,93.878
2022-11-03 00:00:00+07:00,7035.0,0.271%,29.848,91.572,92.371
2022-11-04 00:00:00+07:00,7046.0,0.156%,29.72,77.797,91.046
2022-11-07 00:00:00+07:00,7102.0,0.795%,31.87,60.409,94.297
2022-11-08 00:00:00+07:00,7050.0,-0.732%,32.013,32.975,95.322
2022-11-09 00:00:00+07:00,7070.0,0.284%,27.209,26.762,96.195
2022-11-10 00:00:00+07:00,6967.0,-1.457%,42.436,34.618,94.423
2022-11-11 00:00:00+07:00,7089.0,1.751%,44.241,35.997,92.467
2022-11-14 00:00:00+07:00,7019.0,-0.987%,45.614,37.226,81.267
2022-11-15 00:00:00+07:00,7036.0,0.242%,45.88,37.43,69.193
2022-11-16 00:00:00+07:00,7014.0,-0.313%,40.183,36.83,53.447
2022-11-17 00:00:00+07:00,7045.0,0.442%,39.915,36.729,35.189
2022-11-18 00:00:00+07:00,7082.0,0.525%,41.913,35.075,32.922
2022-11-21 00:00:00+07:00,7063.0,-0.268%,29.415,35.378,32.248
2022-11-22 00:00:00+07:00,7031.0,-0.453%,24.213,34.642,32.547
2022-11-23 00:00:00+07:00,7054.0,0.327%,22.352,34.535,32.552
2022-11-24 00:00:00+07:00,7081.0,0.383%,25.149,35.65,33.174
2022-11-25 00:00:00+07:00,7053.0,-0.395%,18.564,32.436,31.91
2022-11-28 00:00:00+07:00,7017.0,-0.51%,24.124,33.364,32.698
2022-11-29 00:00:00+07:00,7012.0,-0.071%,25.271,33.536,31.484
2022-11-30 00:00:00+07:00,7081.0,0.984%,28.219,27.728,32.452
2022-12-01 00:00:00+07:00,7021.0,-0.847%,29.393,25.961,32.24
2022-12-02 00:00:00+07:00,7020.0,-0.014%,30.554,25.889,32.661
2022-12-05 00:00:00+07:00,6987.0,-0.47%,30.554,29.981,35.055
2022-12-06 00:00:00+07:00,6893.0,-1.345%,56.739,49.295,45.463
2022-12-07 00:00:00+07:00,6819.0,-1.074%,89.388,74.876,64.856
2022-12-08 00:00:00+07:00,6804.0,-0.22%,108.095,90.958,79.302
2022-12-09 00:00:00+07:00,6715.0,-1.308%,120.014,115.351,101.833
2022-12-12 00:00:00+07:00,6734.0,0.283%,118.467,129.79,114.47
2022-12-13 00:00:00+07:00,6810.0,1.129%,93.029,131.034,119.872
2022-12-14 00:00:00+07:00,6802.0,-0.117%,58.645,127.794,124.236
2022-12-15 00:00:00+07:00,6752.0,-0.735%,41.88,127.568,131.382
2022-12-16 00:00:00+07:00,6812.0,0.889%,40.767,123.635,132.479
2022-12-19 00:00:00+07:00,6780.0,-0.47%,38.946,119.461,132.159
2022-12-20 00:00:00+07:00,6768.0,-0.177%,30.143,102.919,131.988
2022-12-21 00:00:00+07:00,6821.0,0.783%,25.771,88.237,130.061
2022-12-22 00:00:00+07:00,6824.0,0.044%,27.847,67.666,125.789
2022-12-23 00:00:00+07:00,6801.0,-0.337%,27.803,44.115,118.728
2022-12-26 00:00:00+07:00,6836.0,0.515%,24.597,36.358,111.469
2022-12-27 00:00:00+07:00,6923.0,1.273%,50.864,50.378,106.734
2022-12-28 00:00:00+07:00,6851.0,-1.04%,48.132,52.287,100.722
2022-12-29 00:00:00+07:00,6860.0,0.131%,39.537,47.889,85.847
2022-12-30 00:00:00+07:00,6851.0,-0.131%,38.083,43.121,75.255
2023-01-02 00:00:00+07:00,6851.0,0.0%,36.408,43.72,61.959
2023-01-03 00:00:00+07:00,6889.0,0.555%,29.969,46.491,51.905
2023-01-04 00:00:00+07:00,6813.0,-1.103%,34.679,41.181,49.048
2023-01-05 00:00:00+07:00,6654.0,-2.334%,78.24,63.41,60.307
2023-01-06 00:00:00+07:00,6685.0,0.466%,92.585,72.759,65.949
2023-01-09 00:00:00+07:00,6688.0,0.045%,96.865,79.652,67.953
2023-01-10 00:00:00+07:00,6622.0,-0.987%,105.539,94.083,77.18
2023-01-11 00:00:00+07:00,6584.0,-0.574%,108.274,109.282,89.71
2023-01-12 00:00:00+07:00,6630.0,0.699%,73.627,116.001,95.653
2023-01-13 00:00:00+07:00,6642.0,0.181%,36.514,118.672,99.946
2023-01-16 00:00:00+07:00,6688.0,0.693%,40.207,109.014,101.041
2023-01-17 00:00:00+07:00,6767.0,1.181%,59.806,104.43,100.983
2023-01-18 00:00:00+07:00,6766.0,-0.015%,71.904,98.29,100.981
2023-01-19 00:00:00+07:00,6820.0,0.798%,86.706,95.508,100.953
2023-01-20 00:00:00+07:00,6875.0,0.806%,91.678,98.192,103.059
2023-01-24 00:00:00+07:00,6861.0,-0.204%,86.428,94.778,104.879
2023-01-25 00:00:00+07:00,6830.0,-0.452%,65.1,96.145,104.696
2023-01-26 00:00:00+07:00,6865.0,0.512%,45.239,101.031,101.137
2023-01-27 00:00:00+07:00,6899.0,0.495%,43.899,108.419,103.658
2023-01-30 00:00:00+07:00,6872.0,-0.391%,27.128,111.1,104.219
2023-01-31 00:00:00+07:00,6839.0,-0.48%,23.072,104.434,103.779
2023-02-01 00:00:00+07:00,6862.0,0.336%,22.461,89.381,104.243
2023-02-02 00:00:00+07:00,6891.0,0.423%,25.132,77.348,104.359
2023-02-03 00:00:00+07:00,6912.0,0.305%,24.976,61.683,108.587
2023-02-06 00:00:00+07:00,6874.0,-0.55%,24.474,44.193,107.042
2023-02-07 00:00:00+07:00,6935.0,0.887%,32.108,41.986,109.315
2023-02-08 00:00:00+07:00,6940.0,0.072%,37.805,35.951,110.657
2023-02-09 00:00:00+07:00,6897.0,-0.62%,29.331,32.3,103.553
2023-02-10 00:00:00+07:00,6880.0,-0.246%,25.868,32.241,88.707
2023-02-13 00:00:00+07:00,6900.0,0.291%,25.324,31.91,76.109
2023-02-14 00:00:00+07:00,6942.0,0.609%,28.906,30.971,62.356
2023-02-15 00:00:00+07:00,6915.0,-0.389%,24.241,30.316,48.766
2023-02-16 00:00:00+07:00,6896.0,-0.275%,23.502,30.312,42.399
2023-02-17 00:00:00+07:00,6896.0,0.0%,19.721,29.469,33.556
2023-02-20 00:00:00+07:00,6895.0,-0.015%,19.848,24.079,30.011
2023-02-21 00:00:00+07:00,6873.0,-0.319%,21.345,22.802,30.061
2023-02-22 00:00:00+07:00,6810.0,-0.917%,41.056,33.788,34.228
2023-02-23 00:00:00+07:00,6839.0,0.426%,37.432,36.871,33.53
2023-02-24 00:00:00+07:00,6857.0,0.263%,33.251,37.788,33.84
2023-02-27 00:00:00+07:00,6855.0,-0.029%,30.718,36.666,34.408
2023-02-28 00:00:00+07:00,6843.0,-0.175%,26.86,34.656,35.51
2023-03-01 00:00:00+07:00,6845.0,0.029%,19.519,35.293,35.157
2023-03-02 00:00:00+07:00,6857.0,0.175%,16.54,35.562,35.328
2023-03-03 00:00:00+07:00,6814.0,-0.627%,15.196,37.904,38.368
2023-03-06 00:00:00+07:00,6807.0,-0.103%,20.822,34.341,40.726
2023-03-07 00:00:00+07:00,6767.0,-0.588%,32.744,37.812,47.031
2023-03-08 00:00:00+07:00,6776.0,0.133%,34.966,39.35,48.754
2023-03-09 00:00:00+07:00,6800.0,0.354%,33.07,36.773,47.113
2023-03-10 00:00:00+07:00,6765.0,-0.515%,32.547,35.848,50.006
2023-03-13 00:00:00+07:00,6787.0,0.325%,19.562,33.743,51.24
2023-03-14 00:00:00+07:00,6642.0,-2.136%,55.842,57.498,66.097
2023-03-15 00:00:00+07:00,6628.0,-0.211%,71.385,73.111,74.989
2023-03-16 00:00:00+07:00,6566.0,-0.935%,94.418,91.324,89.553
2023-03-17 00:00:00+07:00,6678.0,1.706%,90.016,90.602,90.602
2023-03-20 00:00:00+07:00,6612.0,-0.988%,81.123,94.369,95.145
2023-03-21 00:00:00+07:00,6692.0,1.21%,70.632,89.884,92.836
2023-03-24 00:00:00+07:00,6762.0,1.046%,63.261,82.688,89.621
2023-03-27 00:00:00+07:00,6709.0,-0.784%,66.097,78.262,89.626
2023-03-28 00:00:00+07:00,6760.0,0.76%,72.665,74.884,87.657
2023-03-29 00:00:00+07:00,6839.0,1.169%,72.844,81.278,86.676
2023-03-30 00:00:00+07:00,6809.0,-0.439%,76.478,83.615,84.512
2023-03-31 00:00:00+07:00,6805.0,-0.059%,53.926,84.003,82.82
2023-04-03 00:00:00+07:00,6827.0,0.323%,45.734,88.193,81.86
2023-04-04 00:00:00+07:00,6833.0,0.088%,47.046,91.57,80.412
2023-04-05 00:00:00+07:00,6820.0,-0.19%,26.487,91.388,80.674
2023-04-06 00:00:00+07:00,6793.0,-0.396%,16.462,86.543,80.209
2023-04-10 00:00:00+07:00,6771.0,-0.324%,21.344,68.389,80.265
2023-04-11 00:00:00+07:00,6811.0,0.591%,21.369,64.501,81.268
2023-04-12 00:00:00+07:00,6799.0,-0.176%,21.654,44.533,81.237
2023-04-13 00:00:00+07:00,6786.0,-0.191%,21.106,35.044,81.585
2023-04-14 00:00:00+07:00,6819.0,0.486%,18.115,34.272,82.622
2023-04-17 00:00:00+07:00,6788.0,-0.455%,16.111,23.04,79.102
2023-04-18 00:00:00+07:00,6822.0,0.501%,18.911,19.57,74.414
2023-04-26 00:00:00+07:00,6910.0,1.29%,42.433,32.77,65.329
2023-04-27 00:00:00+07:00,6945.0,0.507%,63.211,47.905,69.689
2023-04-28 00:00:00+07:00,6916.0,-0.418%,66.434,53.47,60.577
2023-05-02 00:00:00+07:00,6863.0,-0.766%,59.041,54.102,55.129
2023-05-03 00:00:00+07:00,6813.0,-0.729%,59.877,54.394,53.622
2023-05-04 00:00:00+07:00,6844.0,0.455%,50.898,54.346,47.256
2023-05-05 00:00:00+07:00,6788.0,-0.818%,57.766,54.653,45.629
2023-05-08 00:00:00+07:00,6770.0,-0.265%,64.784,54.743,47.298
2023-05-09 00:00:00+07:00,6780.0,0.148%,52.676,56.342,48.214
2023-05-10 00:00:00+07:00,6812.0,0.472%,34.064,55.868,48.1
2023-05-11 00:00:00+07:00,6756.0,-0.822%,30.093,58.313,50.343
2023-05-12 00:00:00+07:00,6708.0,-0.71%,42.902,66.9,55.922
2023-05-15 00:00:00+07:00,6712.0,0.06%,38.745,72.743,60.234
2023-05-16 00:00:00+07:00,6677.0,-0.521%,47.508,81.752,66.813
2023-05-17 00:00:00+07:00,6663.0,-0.21%,54.781,84.359,73.34
2023-05-19 00:00:00+07:00,6701.0,0.57%,50.678,74.267,76.319
2023-05-22 00:00:00+07:00,6730.0,0.433%,31.165,62.096,77.564
2023-05-23 00:00:00+07:00,6737.0,0.104%,26.658,54.419,78.442
2023-05-24 00:00:00+07:00,6746.0,0.134%,31.107,51.246,78.63
2023-05-25 00:00:00+07:00,6704.0,-0.623%,31.143,43.412,80.572
2023-05-26 00:00:00+07:00,6687.0,-0.254%,29.663,42.226,82.484
2023-05-29 00:00:00+07:00,6681.0,-0.09%,25.415,42.011,78.709
2023-05-30 00:00:00+07:00,6636.0,-0.674%,38.652,44.034,71.643
2023-05-31 00:00:00+07:00,6633.0,-0.045%,44.33,37.926,64.913
2023-06-05 00:00:00+07:00,6633.0,0.0%,43.026,37.685,61.606
2023-06-06 00:00:00+07:00,6619.0,-0.211%,33.459,41.566,62.188
2023-06-07 00:00:00+07:00,6620.0,0.015%,28.062,43.804,58.045
2023-06-08 00:00:00+07:00,6666.0,0.695%,23.462,43.887,55.303
2023-06-09 00:00:00+07:00,6694.0,0.42%,27.337,43.994,52.83
2023-06-12 00:00:00+07:00,6722.0,0.418%,40.04,45.193,49.58
2023-06-13 00:00:00+07:00,6719.0,-0.045%,44.955,44.329,41.908
2023-06-14 00:00:00+07:00,6700.0,-0.283%,43.476,41.581,39.035
2023-06-15 00:00:00+07:00,6714.0,0.209%,36.582,38.159,39.232
2023-06-16 00:00:00+07:00,6699.0,-0.223%,19.175,37.873,38.893
2023-06-19 00:00:00+07:00,6686.0,-0.194%,13.594,37.846,38.852
2023-06-20 00:00:00+07:00,6660.0,-0.389%,21.749,37.92,38.943
2023-06-21 00:00:00+07:00,6703.0,0.646%,19.627,37.319,38.987
2023-06-22 00:00:00+07:00,6652.0,-0.761%,23.272,35.944,38.212
2023-06-23 00:00:00+07:00,6640.0,-0.18%,28.463,35.318,37.008
2023-06-26 00:00:00+07:00,6665.0,0.377%,24.162,31.304,33.496
2023-06-27 00:00:00+07:00,6662.0,-0.045%,21.169,26.628,32.799
2023-07-03 00:00:00+07:00,6697.0,0.525%,23.143,26.264,33.114
2023-07-04 00:00:00+07:00,6682.0,-0.224%,23.301,26.201,33.129
2023-07-05 00:00:00+07:00,6719.0,0.554%,27.334,25.892,33.627
2023-07-06 00:00:00+07:00,6757.0,0.566%,39.461,31.129,36.555
2023-07-07 00:00:00+07:00,6716.0,-0.607%,33.832,31.876,35.535
2023-07-10 00:00:00+07:00,6731.0,0.223%,31.672,33.182,33.424
2023-07-11 00:00:00+07:00,6797.0,0.981%,38.539,43.738,36.854
2023-07-12 00:00:00+07:00,6808.0,0.162%,45.635,52.513,42.993
2023-07-13 00:00:00+07:00,6810.0,0.029%,42.019,57.402,48.494
2023-07-14 00:00:00+07:00,6870.0,0.881%,53.196,70.182,59.597
2023-07-17 00:00:00+07:00,6867.0,-0.044%,59.692,75.368,67.848
2023-07-18 00:00:00+07:00,6830.0,-0.539%,47.256,72.17,71.253
2023-07-20 00:00:00+07:00,6864.0,0.498%,31.392,72.056,76.703
2023-07-21 00:00:00+07:00,6881.0,0.248%,30.422,70.05,82.074
2023-07-24 00:00:00+07:00,6899.0,0.262%,30.35,70.712,87.104
2023-07-25 00:00:00+07:00,6918.0,0.275%,27.969,67.925,90.765
2023-07-26 00:00:00+07:00,6948.0,0.434%,38.815,69.527,97.249
2023-07-27 00:00:00+07:00,6897.0,-0.734%,37.921,67.415,95.61
2023-07-28 00:00:00+07:00,6900.0,0.043%,26.733,57.439,91.521
2023-07-31 00:00:00+07:00,6931.0,0.449%,23.013,47.234,89.471
2023-08-01 00:00:00+07:00,6886.0,-0.649%,21.998,41.931,83.027
2023-08-02 00:00:00+07:00,6855.0,-0.45%,30.67,37.43,77.443
2023-08-03 00:00:00+07:00,6898.0,0.627%,30.185,31.172,69.875
2023-08-04 00:00:00+07:00,6853.0,-0.652%,27.355,32.274,63.447
2023-08-07 00:00:00+07:00,6886.0,0.482%,27.105,31.734,59.814
2023-08-08 00:00:00+07:00,6869.0,-0.247%,27.159,27.599,50.002
2023-08-09 00:00:00+07:00,6875.0,0.087%,16.782,26.895,39.184
2023-08-10 00:00:00+07:00,6893.0,0.262%,17.756,26.688,35.221
2023-08-11 00:00:00+07:00,6880.0,-0.189%,15.269,26.866,31.359
2023-08-14 00:00:00+07:00,6910.0,0.436%,18.142,26.352,27.299
2023-08-15 00:00:00+07:00,6915.0,0.072%,17.395,22.031,27.728
2023-08-16 00:00:00+07:00,6901.0,-0.202%,17.78,22.166,27.411
2023-08-18 00:00:00+07:00,6860.0,-0.594%,19.907,23.25,24.786
2023-08-21 00:00:00+07:00,6866.0,0.087%,21.321,19.952,24.679
2023-08-22 00:00:00+07:00,6916.0,0.728%,23.635,21.935,25.114
2023-08-23 00:00:00+07:00,6921.0,0.072%,25.039,22.296,25.82
2023-08-24 00:00:00+07:00,6899.0,-0.318%,24.532,22.329,25.271
2023-08-25 00:00:00+07:00,6895.0,-0.058%,23.195,19.822,21.963
2023-08-28 00:00:00+07:00,6922.0,0.392%,25.495,21.285,22.973
2023-08-29 00:00:00+07:00,6958.0,0.52%,28.519,25.897,27.104
2023-08-30 00:00:00+07:00,6967.0,0.129%,27.489,30.17,30.446
2023-08-31 00:00:00+07:00,6953.0,-0.201%,28.895,32.169,32.724
2023-09-01 00:00:00+07:00,6978.0,0.36%,33.384,35.267,35.249
2023-09-04 00:00:00+07:00,6997.0,0.272%,34.416,40.85,40.437
2023-09-05 00:00:00+07:00,6992.0,-0.071%,25.65,44.446,41.955
2023-09-06 00:00:00+07:00,6996.0,0.057%,18.364,46.809,44.694
2023-09-07 00:00:00+07:00,6955.0,-0.586%,18.916,41.331,43.515
2023-09-08 00:00:00+07:00,6925.0,-0.431%,27.346,35.349,41.915
2023-09-11 00:00:00+07:00,6963.0,0.549%,26.506,34.277,41.732
2023-09-12 00:00:00+07:00,6934.0,-0.416%,29.922,33.555,40.004
2023-09-13 00:00:00+07:00,6935.0,0.014%,28.352,30.375,39.611
2023-09-14 00:00:00+07:00,6959.0,0.346%,23.999,24.988,39.63
2023-09-15 00:00:00+07:00,6983.0,0.345%,20.28,23.186,39.87
2023-09-18 00:00:00+07:00,6936.0,-0.673%,20.852,24.336,35.276
2023-09-19 00:00:00+07:00,6980.0,0.634%,21.164,24.771,30.983
2023-09-20 00:00:00+07:00,7012.0,0.458%,30.165,27.729,32.65
2023-09-21 00:00:00+07:00,6991.0,-0.299%,28.783,28.319,32.552
2023-09-22 00:00:00+07:00,7017.0,0.372%,28.442,30.306,31.934
2023-09-25 00:00:00+07:00,6998.0,-0.271%,26.829,30.683,28.501
2023-09-26 00:00:00+07:00,6924.0,-1.057%,36.308,32.045,28.338
2023-09-27 00:00:00+07:00,6938.0,0.202%,35.912,32.773,29.06
2023-09-29 00:00:00+07:00,6940.0,0.029%,38.965,31.628,29.708
2023-10-02 00:00:00+07:00,6961.0,0.303%,35.336,31.642,29.571
2023-10-03 00:00:00+07:00,6941.0,-0.287%,34.725,31.169,30.003
2023-10-04 00:00:00+07:00,6887.0,-0.778%,33.822,36.881,33.625
2023-10-05 00:00:00+07:00,6875.0,-0.174%,31.303,43.613,37.576
2023-10-06 00:00:00+07:00,6889.0,0.204%,33.935,46.279,38.935
2023-10-09 00:00:00+07:00,6891.0,0.029%,34.132,48.763,40.949
2023-10-10 00:00:00+07:00,6922.0,0.45%,32.3,48.112,41.034
2023-10-11 00:00:00+07:00,6932.0,0.144%,25.786,43.687,40.967
2023-10-12 00:00:00+07:00,6935.0,0.043%,24.467,40.743,40.954
2023-10-13 00:00:00+07:00,6927.0,-0.115%,24.389,32.613,41.089
2023-10-16 00:00:00+07:00,6896.0,-0.448%,20.293,25.931,42.273
2023-10-17 00:00:00+07:00,6940.0,0.638%,19.312,26.541,41.199
2023-10-18 00:00:00+07:00,6928.0,-0.173%,14.338,26.138,41.271
2023-10-19 00:00:00+07:00,6846.0,-1.184%,33.538,31.758,44.857
2023-10-20 00:00:00+07:00,6849.0,0.044%,40.431,32.6,44.579
2023-10-23 00:00:00+07:00,6742.0,-1.562%,69.981,52.564,57.434
2023-10-24 00:00:00+07:00,6807.0,0.964%,69.94,57.063,56.742
2023-10-25 00:00:00+07:00,6834.0,0.397%,68.274,58.604,54.28
2023-10-26 00:00:00+07:00,6715.0,-1.741%,71.418,73.42,66.553
2023-10-27 00:00:00+07:00,6759.0,0.655%,54.257,78.647,70.816
2023-10-30 00:00:00+07:00,6736.0,-0.34%,52.29,82.861,75.567
2023-10-31 00:00:00+07:00,6752.0,0.238%,42.003,82.478,76.36
2023-11-01 00:00:00+07:00,6642.0,-1.629%,62.545,91.377,87.092
2023-11-02 00:00:00+07:00,6751.0,1.641%,57.294,86.361,88.702
2023-11-03 00:00:00+07:00,6789.0,0.563%,46.703,81.805,88.824
2023-11-06 00:00:00+07:00,6879.0,1.326%,70.27,74.635,88.532
2023-11-07 00:00:00+07:00,6844.0,-0.509%,77.397,65.287,87.555
2023-11-08 00:00:00+07:00,6804.0,-0.584%,76.619,63.035,85.091
2023-11-09 00:00:00+07:00,6838.0,0.5%,78.232,62.155,81.531
2023-11-10 00:00:00+07:00,6809.0,-0.424%,41.6,61.748,77.137
2023-11-13 00:00:00+07:00,6838.0,0.426%,30.308,63.221,72.929
2023-11-14 00:00:00+07:00,6862.0,0.351%,26.711,65.299,71.27
2023-11-15 00:00:00+07:00,6958.0,1.399%,51.523,76.093,73.026
2023-11-16 00:00:00+07:00,6958.0,0.0%,65.322,85.03,75.72
2023-11-17 00:00:00+07:00,6978.0,0.287%,70.389,91.318,83.888
2023-11-20 00:00:00+07:00,6995.0,0.244%,75.315,97.066,92.35
2023-11-21 00:00:00+07:00,6962.0,-0.472%,60.51,79.611,95.1
2023-11-22 00:00:00+07:00,6907.0,-0.79%,45.726,71.235,96.188
2023-11-23 00:00:00+07:00,7004.0,1.404%,31.765,71.608,102.716
2023-11-24 00:00:00+07:00,7010.0,0.086%,35.449,76.671,103.973
2023-11-27 00:00:00+07:00,7013.0,0.043%,37.495,78.437,106.297
2023-11-28 00:00:00+07:00,7041.0,0.399%,43.634,76.085,107.499
2023-11-29 00:00:00+07:00,7036.0,-0.071%,46.994,73.851,107.487
2023-11-30 00:00:00+07:00,7081.0,0.64%,53.639,68.014,96.782
2023-12-01 00:00:00+07:00,7060.0,-0.297%,28.425,59.028,92.935
2023-12-04 00:00:00+07:00,7094.0,0.482%,32.174,52.416,92.567
2023-12-05 00:00:00+07:00,7101.0,0.099%,32.708,55.961,96.525
2023-12-06 00:00:00+07:00,7087.0,-0.197%,25.916,56.094,96.291
2023-12-07 00:00:00+07:00,7135.0,0.677%,31.313,61.149,94.29
2023-12-08 00:00:00+07:00,7160.0,0.35%,34.024,67.847,94.704
2023-12-11 00:00:00+07:00,7089.0,-0.992%,33.305,63.627,85.061
2023-12-12 00:00:00+07:00,7125.0,0.508%,27.671,48.624,77.486
2023-12-13 00:00:00+07:00,7075.0,-0.702%,30.62,44.269,67.526
2023-12-14 00:00:00+07:00,7176.0,1.428%,38.846,46.52,70.747
2023-12-15 00:00:00+07:00,7191.0,0.209%,43.307,47.887,73.523
2023-12-18 00:00:00+07:00,7120.0,-0.987%,43.725,44.47,71.839
2023-12-19 00:00:00+07:00,7188.0,0.955%,47.637,43.751,74.125
2023-12-20 00:00:00+07:00,7220.0,0.445%,50.928,49.57,75.17
2023-12-21 00:00:00+07:00,7210.0,-0.139%,52.3,49.47,66.665
2023-12-22 00:00:00+07:00,7238.0,0.388%,38.037,53.777,68.382
2023-12-27 00:00:00+07:00,7246.0,0.111%,42.152,57.243,69.361
2023-12-28 00:00:00+07:00,7304.0,0.8%,56.498,64.463,74.159
2023-12-29 00:00:00+07:00,7273.0,-0.424%,39.219,68.012,75.663
2024-01-02 00:00:00+07:00,7324.0,0.701%,42.773,76.622,79.439
2024-01-03 00:00:00+07:00,7279.0,-0.614%,39.424,72.448,80.524
2024-01-04 00:00:00+07:00,7360.0,1.113%,43.391,77.752,85.388
2024-01-05 00:00:00+07:00,7351.0,-0.122%,42.197,70.381,89.236
2024-01-08 00:00:00+07:00,7284.0,-0.911%,35.155,67.682,87.754
2024-01-09 00:00:00+07:00,7200.0,-1.153%,54.898,67.054,83.099
2024-01-10 00:00:00+07:00,7227.0,0.375%,60.552,55.317,80.982
2024-01-11 00:00:00+07:00,7220.0,-0.097%,63.311,52.499,79.773
2024-01-12 00:00:00+07:00,7241.0,0.291%,64.472,51.344,73.586
2024-01-15 00:00:00+07:00,7224.0,-0.235%,51.707,50.245,69.51
2024-01-16 00:00:00+07:00,7243.0,0.263%,26.239,50.022,58.948
2024-01-17 00:00:00+07:00,7201.0,-0.58%,17.124,53.019,57.752
2024-01-18 00:00:00+07:00,7253.0,0.722%,17.344,51.986,56.425
2024-01-19 00:00:00+07:00,7227.0,-0.358%,17.344,52.744,48.584
2024-01-22 00:00:00+07:00,7248.0,0.291%,17.911,49.409,46.28
2024-01-23 00:00:00+07:00,7256.0,0.11%,19.715,48.898,45.546
2024-01-24 00:00:00+07:00,7228.0,-0.386%,19.364,38.112,44.769
2024-01-25 00:00:00+07:00,7178.0,-0.692%,28.97,26.791,47.94
2024-01-26 00:00:00+07:00,7137.0,-0.571%,44.555,32.499,54.483
2024-01-29 00:00:00+07:00,7157.0,0.28%,46.758,36.359,56.649
2024-01-30 00:00:00+07:00,7192.0,0.489%,45.803,36.829,57.286
2024-01-31 00:00:00+07:00,7208.0,0.222%,40.974,36.835,54.245
2024-02-01 00:00:00+07:00,7202.0,-0.083%,31.214,36.085,53.65
2024-02-02 00:00:00+07:00,7239.0,0.514%,33.847,36.718,44.795
2024-02-05 00:00:00+07:00,7199.0,-0.553%,33.788,35.737,34.424
2024-02-06 00:00:00+07:00,7247.0,0.667%,30.098,37.043,31.679
2024-02-07 00:00:00+07:00,7235.0,-0.166%,22.218,35.81,31.739
2024-02-12 00:00:00+07:00,7298.0,0.871%,34.645,42.638,36.287
2024-02-13 00:00:00+07:00,7210.0,-1.206%,34.416,41.642,36.361
2024-02-15 00:00:00+07:00,7303.0,1.29%,40.036,46.912,40.429
2024-02-16 00:00:00+07:00,7336.0,0.452%,51.76,56.768,47.349
2024-02-19 00:00:00+07:00,7297.0,-0.532%,44.957,58.184,49.593
2024-02-20 00:00:00+07:00,7353.0,0.767%,51.302,59.435,55.711
2024-02-21 00:00:00+07:00,7349.0,-0.054%,48.863,58.9,60.698
2024-02-22 00:00:00+07:00,7340.0,-0.122%,50.196,58.651,64.138
2024-02-23 00:00:00+07:00,7295.0,-0.613%,25.408,55.824,64.946
2024-02-26 00:00:00+07:00,7284.0,-0.151%,28.891,51.263,65.352
2024-02-27 00:00:00+07:00,7285.0,0.014%,31.117,49.559,65.499
2024-02-28 00:00:00+07:00,7329.0,0.604%,30.423,43.412,64.97
2024-02-29 00:00:00+07:00,7316.0,-0.177%,26.558,41.13,59.29
2024-03-01 00:00:00+07:00,7312.0,-0.055%,21.662,36.329,53.898
2024-03-04 00:00:00+07:00,7277.0,-0.479%,19.474,37.181,50.216
2024-03-05 00:00:00+07:00,7247.0,-0.412%,27.997,30.544,48.031
2024-03-06 00:00:00+07:00,7330.0,1.145%,30.827,31.0,45.213
2024-03-07 00:00:00+07:00,7374.0,0.6%,40.667,34.813,47.217
2024-03-08 00:00:00+07:00,7382.0,0.108%,48.507,38.9,45.266
2024-03-13 00:00:00+07:00,7421.0,0.528%,61.627,46.84,49.865
2024-03-14 00:00:00+07:00,7433.0,0.162%,70.522,54.922,53.0
2024-03-15 00:00:00+07:00,7328.0,-1.413%,63.796,54.853,52.712
2024-03-18 00:00:00+07:00,7302.0,-0.355%,49.432,54.546,46.196
2024-03-19 00:00:00+07:00,7337.0,0.479%,48.619,52.923,45.862
2024-03-20 00:00:00+07:00,7331.0,-0.082%,50.438,51.056,45.842
2024-03-21 00:00:00+07:00,7338.0,0.095%,50.272,51.003,45.252
2024-03-22 00:00:00+07:00,7350.0,0.164%,41.259,50.698,45.186
2024-03-25 00:00:00+07:00,7378.0,0.381%,23.056,50.948,46.182
2024-03-26 00:00:00+07:00,7366.0,-0.163%,24.795,47.248,46.73
2024-03-27 00:00:00+07:00,7310.0,-0.76%,22.677,38.804,46.215
2024-03-28 00:00:00+07:00,7289.0,-0.287%,30.983,42.285,45.952
2024-04-01 00:00:00+07:00,7205.0,-1.152%,59.143,57.241,53.069
2024-04-02 00:00:00+07:00,7237.0,0.444%,65.803,62.107,56.917
2024-04-03 00:00:00+07:00,7167.0,-0.967%,79.807,70.168,66.767
2024-04-04 00:00:00+07:00,7254.0,1.214%,66.842,62.337,68.284
2024-04-05 00:00:00+07:00,7287.0,0.455%,50.972,61.853,68.026
2024-04-16 00:00:00+07:00,7165.0,-1.674%,51.912,71.067,74.332
2024-04-17 00:00:00+07:00,7131.0,-0.475%,55.755,80.548,84.161
2024-04-18 00:00:00+07:00,7167.0,0.505%,57.748,83.19,87.61
2024-04-19 00:00:00+07:00,7087.0,-1.116%,68.965,91.759,96.069
2024-04-22 00:00:00+07:00,7074.0,-0.183%,79.912,96.385,100.376
2024-04-23 00:00:00+07:00,7111.0,0.523%,71.645,89.446,97.768
2024-04-24 00:00:00+07:00,7175.0,0.9%,40.755,76.377,97.23
2024-04-25 00:00:00+07:00,7155.0,-0.279%,39.479,68.456,97.908
2024-04-26 00:00:00+07:00,7036.0,-1.663%,52.64,70.507,103.923
2024-04-29 00:00:00+07:00,7156.0,1.706%,50.967,69.35,101.538
2024-04-30 00:00:00+07:00,7234.0,1.09%,66.254,69.089,97.507
2024-05-02 00:00:00+07:00,7117.0,-1.617%,61.544,69.825,93.523
2024-05-03 00:00:00+07:00,7135.0,0.253%,60.277,63.617,84.371
2024-05-06 00:00:00+07:00,7136.0,0.014%,58.716,48.754,73.79
2024-05-07 00:00:00+07:00,7124.0,-0.168%,58.427,47.988,67.377
2024-05-08 00:00:00+07:00,7089.0,-0.491%,45.647,49.302,62.79
2024-05-13 00:00:00+07:00,7099.0,0.141%,47.682,48.538,62.778
2024-05-14 00:00:00+07:00,7084.0,-0.211%,21.432,48.718,60.946
2024-05-15 00:00:00+07:00,7180.0,1.355%,33.635,48.718,61.278
2024-05-16 00:00:00+07:00,7247.0,0.933%,58.703,57.276,60.658
2024-05-17 00:00:00+07:00,7317.0,0.966%,89.81,73.99,64.469
2024-05-20 00:00:00+07:00,7267.0,-0.683%,95.577,80.285,69.773
2024-05-21 00:00:00+07:00,7186.0,-1.115%,86.2,72.267,70.11
2024-05-22 00:00:00+07:00,7222.0,0.501%,74.618,73.472,71.737
2024-05-27 00:00:00+07:00,7176.0,-0.637%,52.616,71.44,70.202
2024-05-28 00:00:00+07:00,7254.0,1.087%,48.686,72.998,70.409
2024-05-29 00:00:00+07:00,7140.0,-1.572%,60.829,72.774,69.542
2024-05-30 00:00:00+07:00,7034.0,-1.485%,79.294,82.041,75.397
2024-05-31 00:00:00+07:00,6971.0,-0.896%,102.411,97.73,86.101
2024-06-03 00:00:00+07:00,7036.0,0.932%,106.882,101.715,86.101
2024-06-04 00:00:00+07:00,7099.0,0.895%,96.757,101.715,86.883
2024-06-05 00:00:00+07:00,6948.0,-2.127%,105.455,114.965,95.064
2024-06-06 00:00:00+07:00,6975.0,0.389%,70.871,123.372,101.344
2024-06-07 00:00:00+07:00,6898.0,-1.104%,66.595,133.56,113.201
2024-06-10 00:00:00+07:00,6922.0,0.348%,68.917,127.788,120.888
2024-06-11 00:00:00+07:00,6856.0,-0.953%,83.209,128.87,132.685
2024-06-12 00:00:00+07:00,6850.0,-0.088%,85.311,133.057,143.089
2024-06-13 00:00:00+07:00,6832.0,-0.263%,53.891,129.928,153.183
2024-06-14 00:00:00+07:00,6735.0,-1.42%,76.058,137.07,169.754
2024-06-19 00:00:00+07:00,6727.0,-0.119%,75.042,124.203,181.395
2024-06-20 00:00:00+07:00,6819.0,1.368%,69.064,111.474,180.183
2024-06-21 00:00:00+07:00,6880.0,0.895%,59.965,105.443,168.095
2024-06-24 00:00:00+07:00,6889.0,0.131%,64.898,103.228,157.023
2024-06-25 00:00:00+07:00,6883.0,-0.087%,68.629,94.348,150.323
2024-06-26 00:00:00+07:00,6906.0,0.334%,75.499,71.026,138.029
2024-06-27 00:00:00+07:00,6968.0,0.898%,75.866,72.982,127.642
2024-06-28 00:00:00+07:00,7064.0,1.378%,78.772,85.843,109.265
2024-07-01 00:00:00+07:00,7140.0,1.076%,102.917,111.644,109.265
2024-07-02 00:00:00+07:00,7125.0,-0.21%,111.879,127.995,115.421
2024-07-03 00:00:00+07:00,7197.0,1.011%,122.636,148.67,129.183
2024-07-04 00:00:00+07:00,7221.0,0.333%,116.719,165.495,141.725
2024-07-05 00:00:00+07:00,7253.0,0.443%,98.441,178.908,153.368
2024-07-08 00:00:00+07:00,7251.0,-0.028%,71.192,176.306,166.234
2024-07-09 00:00:00+07:00,7270.0,0.262%,57.039,165.563,178.594
2024-07-10 00:00:00+07:00,7287.0,0.234%,54.786,159.906,188.986
2024-07-11 00:00:00+07:00,7300.0,0.178%,36.076,155.753,198.585
2024-07-12 00:00:00+07:00,7328.0,0.384%,35.466,148.548,205.499
2024-07-15 00:00:00+07:00,7279.0,-0.669%,27.126,128.828,206.565
2024-07-16 00:00:00+07:00,7224.0,-0.756%,33.586,100.864,202.172
2024-07-17 00:00:00+07:00,7224.0,0.0%,38.29,73.597,187.712
2024-07-18 00:00:00+07:00,7321.0,1.343%,42.241,61.089,171.755
2024-07-19 00:00:00+07:00,7294.0,-0.369%,42.504,54.361,158.894
2024-07-22 00:00:00+07:00,7322.0,0.384%,44.855,42.173,149.306
2024-07-23 00:00:00+07:00,7314.0,-0.109%,42.864,38.13,136.362
2024-07-24 00:00:00+07:00,7263.0,-0.697%,43.508,34.835,116.092
2024-07-25 00:00:00+07:00,7240.0,-0.317%,40.364,35.79,91.715
2024-07-26 00:00:00+07:00,7288.0,0.663%,31.063,34.855,69.426
2024-07-29 00:00:00+07:00,7289.0,0.014%,28.263,34.704,55.623
2024-07-30 00:00:00+07:00,7242.0,-0.645%,32.653,36.424,48.785
2024-07-31 00:00:00+07:00,7256.0,0.193%,27.536,36.517,37.199
2024-08-01 00:00:00+07:00,7326.0,0.965%,30.881,36.307,35.196
2024-08-02 00:00:00+07:00,7308.0,-0.246%,33.286,37.228,33.501
2024-08-05 00:00:00+07:00,7060.0,-3.394%,89.679,68.584,58.449
2024-08-06 00:00:00+07:00,7129.0,0.977%,98.912,77.371,66.077
2024-08-07 00:00:00+07:00,7212.0,1.164%,95.479,76.331,67.06
2024-08-08 00:00:00+07:00,7195.0,-0.236%,95.245,76.831,68.351
2024-08-09 00:00:00+07:00,7257.0,0.862%,95.322,73.789,67.665
2024-08-12 00:00:00+07:00,7298.0,0.565%,90.212,72.693,66.367
2024-08-13 00:00:00+07:00,7357.0,0.808%,100.537,79.025,69.905
2024-08-14 00:00:00+07:00,7436.0,1.074%,104.038,93.702,79.405
2024-08-15 00:00:00+07:00,7410.0,-0.35%,94.748,101.741,84.448
2024-08-16 00:00:00+07:00,7432.0,0.297%,93.58,110.625,90.59
2024-08-19 00:00:00+07:00,7467.0,0.471%,78.198,120.596,99.169
2024-08-20 00:00:00+07:00,7534.0,0.897%,75.887,135.484,112.436
2024-08-21 00:00:00+07:00,7555.0,0.279%,69.401,149.872,125.42
2024-08-22 00:00:00+07:00,7489.0,-0.874%,54.368,155.337,130.586
2024-08-23 00:00:00+07:00,7544.0,0.734%,56.82,140.126,137.604
2024-08-26 00:00:00+07:00,7606.0,0.822%,58.996,132.265,148.934
2024-08-27 00:00:00+07:00,7598.0,-0.105%,51.483,127.113,157.374
2024-08-28 00:00:00+07:00,7659.0,0.803%,55.91,118.131,166.813
2024-08-29 00:00:00+07:00,7628.0,-0.405%,57.294,106.66,171.876
2024-08-30 00:00:00+07:00,7671.0,0.564%,64.29,98.332,180.255
2024-09-02 00:00:00+07:00,7695.0,0.313%,51.211,94.656,187.732
2024-09-03 00:00:00+07:00,7617.0,-1.014%,36.366,89.876,169.919
2024-09-04 00:00:00+07:00,7673.0,0.735%,34.98,82.226,156.92
2024-09-05 00:00:00+07:00,7681.0,0.104%,28.366,73.409,148.203
2024-09-06 00:00:00+07:00,7722.0,0.534%,36.587,69.053,135.491
2024-09-09 00:00:00+07:00,7703.0,-0.246%,33.21,67.729,123.416
2024-09-10 00:00:00+07:00,7761.0,0.753%,44.514,72.069,115.221
2024-09-11 00:00:00+07:00,7761.0,0.0%,51.426,62.447,109.213
2024-09-12 00:00:00+07:00,7798.0,0.477%,46.497,61.274,110.265
2024-09-13 00:00:00+07:00,7812.0,0.18%,48.517,65.73,106.969
2024-09-17 00:00:00+07:00,7832.0,0.256%,47.164,67.923,103.953
2024-09-18 00:00:00+07:00,7829.0,-0.038%,46.402,72.164,100.762
2024-09-19 00:00:00+07:00,7905.0,0.971%,49.511,80.338,107.185
2024-09-20 00:00:00+07:00,7743.0,-2.049%,53.062,77.337,102.906
2024-09-23 00:00:00+07:00,7776.0,0.426%,50.947,75.735,91.758
2024-09-24 00:00:00+07:00,7778.0,0.026%,52.503,63.977,83.825
2024-09-25 00:00:00+07:00,7741.0,-0.476%,58.705,58.421,79.203
2024-09-26 00:00:00+07:00,7745.0,0.052%,60.134,52.78,72.97
2024-09-27 00:00:00+07:00,7697.0,-0.62%,65.632,55.223,71.326
2024-09-30 00:00:00+07:00,7528.0,-2.196%,86.931,85.06,81.835
2024-10-01 00:00:00+07:00,7642.0,1.514%,89.922,91.185,83.23
2024-10-02 00:00:00+07:00,7563.0,-1.034%,96.137,104.734,91.035
2024-10-03 00:00:00+07:00,7544.0,-0.251%,93.194,115.723,96.737
2024-10-04 00:00:00+07:00,7496.0,-0.636%,93.694,127.447,108.526
2024-10-07 00:00:00+07:00,7504.0,0.107%,74.83,131.662,117.928
2024-10-08 00:00:00+07:00,7557.0,0.706%,48.644,127.663,122.4
2024-10-09 00:00:00+07:00,7501.0,-0.741%,51.457,112.406,129.918
2024-10-10 00:00:00+07:00,7480.0,-0.28%,33.125,113.97,136.654
2024-10-11 00:00:00+07:00,7521.0,0.548%,27.518,105.618,139.35
2024-10-14 00:00:00+07:00,7560.0,0.519%,30.822,91.286,137.771
2024-10-15 00:00:00+07:00,7627.0,0.886%,49.845,79.915,133.061
2024-10-16 00:00:00+07:00,7649.0,0.288%,62.891,66.665,126.091
2024-10-17 00:00:00+07:00,7735.0,1.124%,92.279,73.049,120.494
2024-10-18 00:00:00+07:00,7760.0,0.323%,105.441,88.701,107.589
2024-10-21 00:00:00+07:00,7773.0,0.168%,99.097,101.567,109.403
2024-10-22 00:00:00+07:00,7789.0,0.206%,87.176,114.019,110.319
2024-10-23 00:00:00+07:00,7788.0,-0.013%,66.798,122.039,111.017
2024-10-24 00:00:00+07:00,7717.0,-0.912%,49.819,118.408,109.92
2024-10-25 00:00:00+07:00,7695.0,-0.285%,36.346,112.373,107.767
2024-10-28 00:00:00+07:00,7635.0,-0.78%,57.297,109.095,106.539
2024-10-29 00:00:00+07:00,7607.0,-0.367%,73.753,100.613,104.424
2024-10-30 00:00:00+07:00,7570.0,-0.486%,85.978,90.08,105.048
2024-10-31 00:00:00+07:00,7574.0,0.053%,81.264,84.103,104.764
2024-11-01 00:00:00+07:00,7505.0,-0.911%,74.244,90.994,106.564
2024-11-04 00:00:00+07:00,7480.0,-0.333%,73.863,104.245,107.555
2024-11-05 00:00:00+07:00,7492.0,0.16%,60.159,113.83,108.234
2024-11-06 00:00:00+07:00,7384.0,-1.442%,75.253,131.318,119.271
2024-11-07 00:00:00+07:00,7244.0,-1.896%,116.087,160.167,142.166
2024-11-08 00:00:00+07:00,7287.0,0.594%,122.195,169.719,155.843
2024-11-11 00:00:00+07:00,7266.0,-0.288%,114.255,171.747,170.721
2024-11-12 00:00:00+07:00,7322.0,0.771%,100.975,160.032,179.639
2024-11-13 00:00:00+07:00,7309.0,-0.178%,84.657,151.276,187.525
2024-11-14 00:00:00+07:00,7215.0,-1.286%,55.596,147.032,199.756
2024-11-15 00:00:00+07:00,7161.0,-0.748%,56.355,148.46,209.454
2024-11-18 00:00:00+07:00,7134.0,-0.377%,73.535,148.328,215.577
2024-11-19 00:00:00+07:00,7196.0,0.869%,72.286,139.681,212.263
2024-11-20 00:00:00+07:00,7180.0,-0.222%,72.258,124.852,204.547
2024-11-21 00:00:00+07:00,7141.0,-0.543%,59.575,116.069,194.376
2024-11-22 00:00:00+07:00,7196.0,0.77%,30.385,100.77,182.982
2024-11-25 00:00:00+07:00,7314.0,1.64%,60.438,76.442,166.407
2024-11-26 00:00:00+07:00,7246.0,-0.93%,62.415,64.263,153.476
2024-11-28 00:00:00+07:00,7200.0,-0.635%,55.172,64.567,141.286
2024-11-29 00:00:00+07:00,7114.0,-1.194%,66.324,68.476,133.429
2024-12-02 00:00:00+07:00,7047.0,-0.942%,88.066,79.736,125.441
2024-12-03 00:00:00+07:00,7196.0,2.114%,86.475,71.361,112.57
2024-12-04 00:00:00+07:00,7327.0,1.82%,101.477,73.805,100.875
2024-12-05 00:00:00+07:00,7313.0,-0.191%,101.301,80.639,84.451
2024-12-06 00:00:00+07:00,7383.0,0.957%,121.504,93.682,84.359
2024-12-09 00:00:00+07:00,7438.0,0.745%,144.275,108.009,96.001
2024-12-10 00:00:00+07:00,7453.0,0.202%,144.107,121.815,106.546
2024-12-11 00:00:00+07:00,7465.0,0.161%,96.651,131.989,116.834
2024-12-12 00:00:00+07:00,7394.0,-0.951%,59.996,129.71,119.921
2024-12-13 00:00:00+07:00,7325.0,-0.933%,60.383,126.929,120.31
2024-12-16 00:00:00+07:00,7259.0,-0.901%,74.526,127.349,119.889
2024-12-17 00:00:00+07:00,7158.0,-1.391%,114.769,132.148,120.016
2024-12-18 00:00:00+07:00,7108.0,-0.699%,140.389,139.118,121.515
2024-12-19 00:00:00+07:00,6977.0,-1.843%,170.899,155.832,135.809
2024-12-20 00:00:00+07:00,6984.0,0.1%,162.236,163.622,147.073
2024-12-23 00:00:00+07:00,7096.0,1.604%,130.265,169.188,148.903
2024-12-24 00:00:00+07:00,7066.0,-0.423%,98.387,175.826,153.361
2024-12-27 00:00:00+07:00,7037.0,-0.41%,66.369,182.853,157.766
2024-12-30 00:00:00+07:00,7080.0,0.611%,52.424,180.567,160.449
2025-01-02 00:00:00+07:00,7163.0,1.172%,65.184,167.505,160.773
2025-01-03 00:00:00+07:00,7164.0,0.014%,64.979,148.421,159.666
2025-01-06 00:00:00+07:00,7080.0,-1.173%,48.267,121.257,158.125
2025-01-07 00:00:00+07:00,7083.0,0.042%,48.605,96.037,160.624
2025-01-08 00:00:00+07:00,7080.0,-0.042%,47.432,74.259,160.463
2025-01-09 00:00:00+07:00,7065.0,-0.212%,42.322,57.607,160.51
2025-01-10 00:00:00+07:00,7089.0,0.34%,41.669,53.353,154.986
2025-01-13 00:00:00+07:00,7017.0,-1.016%,43.385,54.755,145.485
2025-01-14 00:00:00+07:00,6957.0,-0.855%,48.836,57.559,133.55
2025-01-15 00:00:00+07:00,7080.0,1.768%,48.836,52.165,108.831
2025-01-16 00:00:00+07:00,7108.0,0.395%,52.195,52.624,86.899
2025-01-17 00:00:00+07:00,7155.0,0.661%,64.137,56.509,70.727
2025-01-20 00:00:00+07:00,7171.0,0.224%,75.086,59.443,62.038
2025-01-21 00:00:00+07:00,7182.0,0.153%,84.126,63.905,63.71
2025-01-22 00:00:00+07:00,7257.0,1.044%,94.914,75.048,74.09
2025-01-23 00:00:00+07:00,7233.0,-0.331%,63.047,81.148,75.605
2025-01-24 00:00:00+07:00,7166.0,-0.926%,49.678,81.855,71.704
2025-01-30 00:00:00+07:00,7073.0,-1.298%,59.185,82.221,72.118
2025-01-31 00:00:00+07:00,7109.0,0.509%,64.328,81.589,71.419
2025-02-03 00:00:00+07:00,7030.0,-1.111%,83.295,83.866,71.801
2025-02-04 00:00:00+07:00,7073.0,0.612%,86.444,84.373,71.971
2025-02-05 00:00:00+07:00,7024.0,-0.693%,75.554,83.766,73.346
2025-02-06 00:00:00+07:00,6876.0,-2.107%,90.689,97.27,87.28
2025-02-07 00:00:00+07:00,6743.0,-1.934%,132.098,138.267,115.723
2025-02-10 00:00:00+07:00,6648.0,-1.409%,177.355,180.707,148.48
2025-02-11 00:00:00+07:00,6532.0,-1.745%,210.703,224.919,186.887
2025-02-12 00:00:00+07:00,6646.0,1.745%,204.896,239.038,204.295
2025-02-13 00:00:00+07:00,6614.0,-0.481%,170.42,248.462,220.534
2025-02-14 00:00:00+07:00,6638.0,0.363%,109.561,240.808,232.978
2025-02-17 00:00:00+07:00,6831.0,2.908%,96.01,219.262,234.874
2025-02-18 00:00:00+07:00,6874.0,0.629%,122.859,200.75,233.972
2025-02-19 00:00:00+07:00,6795.0,-1.149%,128.266,188.961,233.478
2025-02-20 00:00:00+07:00,6788.0,-0.103%,105.417,169.199,230.028
2025-02-21 00:00:00+07:00,6803.0,0.221%,98.336,155.103,223.819
2025-02-24 00:00:00+07:00,6750.0,-0.779%,74.462,129.711,216.498
2025-02-25 00:00:00+07:00,6587.0,-2.415%,91.522,111.095,207.514
2025-02-26 00:00:00+07:00,6606.0,0.288%,106.961,105.843,194.21
2025-02-27 00:00:00+07:00,6485.0,-1.832%,126.92,120.027,190.246
2025-02-28 00:00:00+07:00,6271.0,-3.3%,191.297,163.504,209.469
2025-03-03 00:00:00+07:00,6520.0,3.971%,176.661,164.249,197.931
2025-03-04 00:00:00+07:00,6380.0,-2.147%,156.722,180.308,197.962
2025-03-05 00:00:00+07:00,6531.0,2.367%,119.146,182.534,180.01
2025-03-06 00:00:00+07:00,6618.0,1.332%,124.134,182.568,160.103
2025-03-07 00:00:00+07:00,6636.0,0.272%,129.325,173.372,151.068
2025-03-10 00:00:00+07:00,6598.0,-0.573%,135.283,156.859,149.097
2025-03-11 00:00:00+07:00,6546.0,-0.788%,86.06,146.546,150.011
2025-03-12 00:00:00+07:00,6665.0,1.818%,95.42,136.452,148.852
2025-03-13 00:00:00+07:00,6647.0,-0.27%,50.818,121.626,148.858
2025-03-14 00:00:00+07:00,6516.0,-1.971%,54.671,108.922,150.834
2025-03-17 00:00:00+07:00,6472.0,-0.675%,73.067,109.705,154.324
2025-03-18 00:00:00+07:00,6223.0,-3.847%,149.632,135.402,168.219
2025-03-19 00:00:00+07:00,6312.0,1.43%,164.337,145.176,164.82
2025-03-20 00:00:00+07:00,6382.0,1.109%,165.544,134.628,159.877
2025-03-21 00:00:00+07:00,6258.0,-1.943%,152.313,149.513,160.57
2025-03-24 00:00:00+07:00,6161.0,-1.55%,130.992,171.182,163.99
2025-03-25 00:00:00+07:00,6236.0,1.217%,105.762,180.837,160.627
2025-03-26 00:00:00+07:00,6472.0,3.784%,105.762,174.365,158.002
2025-03-27 00:00:00+07:00,6511.0,0.603%,128.105,166.434,154.761
2025-04-08 00:00:00+07:00,5996.0,-7.91%,181.392,194.649,183.311
2025-04-09 00:00:00+07:00,5968.0,-0.467%,210.751,217.897,206.588
2025-04-10 00:00:00+07:00,6254.0,4.792%,210.665,198.145,207.774
2025-04-11 00:00:00+07:00,6262.0,0.128%,208.738,173.712,209.902
2025-04-14 00:00:00+07:00,6369.0,1.709%,214.011,162.937,207.561
2025-04-15 00:00:00+07:00,6442.0,1.146%,209.348,160.35,201.171
2025-04-16 00:00:00+07:00,6400.0,-0.652%,190.275,162.916,192.405
2025-04-17 00:00:00+07:00,6438.0,0.594%,167.131,167.79,185.822
2025-04-21 00:00:00+07:00,6446.0,0.124%,83.209,171.141,182.022
2025-04-22 00:00:00+07:00,6538.0,1.427%,84.739,181.769,173.054
2025-04-23 00:00:00+07:00,6634.0,1.468%,90.305,193.346,171.95
2025-04-24 00:00:00+07:00,6613.0,-0.317%,93.341,201.617,177.912
2025-04-25 00:00:00+07:00,6679.0,0.998%,109.684,215.841,190.216
2025-04-28 00:00:00+07:00,6723.0,0.659%,111.147,231.375,202.869
2025-04-29 00:00:00+07:00,6749.0,0.387%,106.242,214.226,216.889
2025-04-30 00:00:00+07:00,6767.0,0.267%,82.143,174.23,230.578
2025-05-02 00:00:00+07:00,6816.0,0.724%,73.375,172.36,242.277
2025-05-05 00:00:00+07:00,6832.0,0.235%,76.582,162.964,246.312
2025-05-06 00:00:00+07:00,6898.0,0.966%,73.6,165.767,255.305
2025-05-07 00:00:00+07:00,6926.0,0.406%,75.959,171.429,270.298
2025-05-08 00:00:00+07:00,6828.0,-1.415%,63.991,155.957,277.572
2025-05-09 00:00:00+07:00,6833.0,0.073%,53.017,138.448,252.834
2025-05-14 00:00:00+07:00,6980.0,2.151%,62.5,125.86,222.771
2025-05-15 00:00:00+07:00,7040.0,0.86%,82.443,125.399,220.805
2025-05-16 00:00:00+07:00,7107.0,0.952%,104.32,137.886,218.414
2025-05-19 00:00:00+07:00,7141.0,0.478%,124.683,142.5,221.846
2025-05-20 00:00:00+07:00,7095.0,-0.644%,128.935,140.741,221.72
2025-05-21 00:00:00+07:00,7142.0,0.662%,111.121,142.537,216.372
2025-05-22 00:00:00+07:00,7167.0,0.35%,65.696,143.325,210.377
2025-05-23 00:00:00+07:00,7214.0,0.656%,55.59,144.545,202.331
2025-05-26 00:00:00+07:00,7188.0,-0.36%,42.516,142.02,195.135
2025-05-27 00:00:00+07:00,7199.0,0.153%,40.995,136.85,192.302
2025-05-28 00:00:00+07:00,7176.0,-0.319%,39.882,132.552,182.032
2025-06-02 00:00:00+07:00,7065.0,-1.547%,49.561,125.639,169.585
2025-06-03 00:00:00+07:00,7045.0,-0.283%,67.273,102.978,157.962
2025-06-04 00:00:00+07:00,7069.0,0.341%,73.219,70.067,146.558
2025-06-05 00:00:00+07:00,7113.0,0.622%,64.896,58.175,135.086
2025-06-10 00:00:00+07:00,7231.0,1.659%,73.618,58.901,130.714
2025-06-11 00:00:00+07:00,7222.0,-0.124%,77.7,61.97,124.029
2025-06-12 00:00:00+07:00,7204.0,-0.249%,81.018,63.713,119.475
2025-06-13 00:00:00+07:00,7166.0,-0.527%,75.135,61.606,113.897
2025-06-16 00:00:00+07:00,7118.0,-0.67%,62.061,62.391,94.428
2025-06-17 00:00:00+07:00,7156.0,0.534%,47.765,62.304,67.988
2025-06-18 00:00:00+07:00,7108.0,-0.671%,48.835,60.971,58.452
2025-06-19 00:00:00+07:00,6969.0,-1.956%,83.97,75.939,66.148
2025-06-20 00:00:00+07:00,6907.0,-0.89%,109.822,93.94,83.051
2025-06-23 00:00:00+07:00,6787.0,-1.737%,144.971,125.387,111.429
2025-06-24 00:00:00+07:00,6869.0,1.208%,142.014,137.857,123.373
2025-06-25 00:00:00+07:00,6832.0,-0.539%,139.4,151.746,136.078
2025-06-26 00:00:00+07:00,6897.0,0.951%,104.688,157.269,140.714
2025-06-30 00:00:00+07:00,6928.0,0.449%,60.823,158.553,140.234
2025-07-01 00:00:00+07:00,6915.0,-0.188%,50.878,149.699,140.378
2025-07-02 00:00:00+07:00,6881.0,-0.492%,49.196,139.145,140.254
2025-07-03 00:00:00+07:00,6878.0,-0.044%,31.674,125.614,139.96
2025-07-04 00:00:00+07:00,6865.0,-0.189%,32.059,112.317,143.305
2025-07-07 00:00:00+07:00,6901.0,0.524%,22.038,99.584,144.864
2025-07-08 00:00:00+07:00,6904.0,0.043%,22.301,73.072,145.451
2025-07-09 00:00:00+07:00,6944.0,0.579%,26.544,45.678,143.131
2025-07-10 00:00:00+07:00,7005.0,0.878%,48.612,51.087,131.742
2025-07-11 00:00:00+07:00,7047.0,0.6%,68.057,65.532,120.316
2025-07-14 00:00:00+07:00,7097.0,0.71%,85.632,74.76,111.678
2025-07-15 00:00:00+07:00,7140.0,0.606%,94.154,91.985,109.409
2025-07-16 00:00:00+07:00,7192.0,0.728%,104.08,106.977,115.778
2025-07-17 00:00:00+07:00,7287.0,1.321%,116.327,133.673,129.424
2025-07-18 00:00:00+07:00,7312.0,0.343%,116.327,155.612,146.847
2025-07-21 00:00:00+07:00,7398.0,1.176%,126.648,180.58,172.925
2025-07-22 00:00:00+07:00,7345.0,-0.716%,111.768,187.493,187.067
2025-07-23 00:00:00+07:00,7469.0,1.688%,113.654,201.17,203.075
2025-07-24 00:00:00+07:00,7531.0,0.83%,114.47,210.642,223.494
2025-07-25 00:00:00+07:00,7544.0,0.173%,104.198,214.325,236.925
2025-07-28 00:00:00+07:00,7615.0,0.941%,111.931,215.461,254.574
2025-07-29 00:00:00+07:00,7618.0,0.039%,104.386,209.73,268.335
2025-07-30 00:00:00+07:00,7550.0,-0.893%,94.256,195.122,272.122
2025-07-31 00:00:00+07:00,7484.0,-0.874%,57.657,173.683,266.837
2025-08-01 00:00:00+07:00,7538.0,0.722%,47.64,153.581,260.351
2025-08-04 00:00:00+07:00,7465.0,-0.968%,58.345,128.923,245.549
2025-08-05 00:00:00+07:00,7515.0,0.67%,59.435,105.272,231.293
2025-08-06 00:00:00+07:00,7504.0,-0.146%,50.439,90.107,211.847
2025-08-07 00:00:00+07:00,7490.0,-0.187%,30.176,73.845,190.414
2025-08-08 00:00:00+07:00,7533.0,0.574%,26.567,67.369,171.218
2025-08-11 00:00:00+07:00,7606.0,0.969%,44.866,51.029,154.057
2025-08-12 00:00:00+07:00,7792.0,2.445%,112.341,82.92,151.392
2025-08-13 00:00:00+07:00,7893.0,1.296%,159.819,121.819,157.68
2025-08-14 00:00:00+07:00,7931.0,0.481%,189.322,152.576,165.742
2025-08-15 00:00:00+07:00,7898.0,-0.416%,187.38,170.986,171.92
2025-08-19 00:00:00+07:00,7863.0,-0.443%,156.718,181.878,172.157
2025-08-20 00:00:00+07:00,7944.0,1.03%,117.291,195.629,181.25
2025-08-21 00:00:00+07:00,7891.0,-0.667%,49.929,195.235,178.19
2025-08-22 00:00:00+07:00,7859.0,-0.406%,31.67,193.013,178.581
2025-08-25 00:00:00+07:00,7927.0,0.865%,33.508,183.977,184.025
2025-08-26 00:00:00+07:00,7906.0,-0.265%,31.133,173.217,186.741
2025-08-27 00:00:00+07:00,7936.0,0.379%,34.233,156.319,191.999
2025-08-28 00:00:00+07:00,7952.0,0.202%,33.1,127.601,196.806
2025-08-29 00:00:00+07:00,7830.0,-1.534%,43.64,89.426,192.951
